{
  "orderBook": [],
  "positionBook": {
    "price": 0.79374,
    "bucketWidth": "0.0005",
    "buckets": [
      {
        "price": 0.7145,
        "longCountPercent": 0,
        "shortCountPercent": 0.56
      },
      {
        "price": 0.7205,
        "longCountPercent": 0,
        "shortCountPercent": 0.56
      },
      {
        "price": 0.721,
        "longCountPercent": 0,
        "shortCountPercent": 0.56
      },
      {
        "price": 0.74,
        "longCountPercent": 0,
        "shortCountPercent": 0.56
      },
      {
        "price": 0.7525,
        "longCountPercent": 0,
        "shortCountPercent": 0.56
      },
      {
        "price": 0.77,
        "longCountPercent": 0,
        "shortCountPercent": 0.56
      },
      {
        "price": 0.771,
        "longCountPercent": 0,
        "shortCountPercent": 0.56
      },
      {
        "price": 0.783,
        "longCountPercent": 1.13,
        "shortCountPercent": 1.13
      },
      {
        "price": 0.7835,
        "longCountPercent": 1.13,
        "shortCountPercent": 0.56
      },
      {
        "price": 0.784,
        "longCountPercent": 0.56,
        "shortCountPercent": 1.13
      },
      {
        "price": 0.7845,
        "longCountPercent": 1.13,
        "shortCountPercent": 0
      },
      {
        "price": 0.785,
        "longCountPercent": 3.38,
        "shortCountPercent": 1.13
      },
      {
        "price": 0.7855,
        "longCountPercent": 1.13,
        "shortCountPercent": 0.56
      },
      {
        "price": 0.786,
        "longCountPercent": 5.64,
        "shortCountPercent": 1.69
      },
      {
        "price": 0.7865,
        "longCountPercent": 1.69,
        "shortCountPercent": 2.82
      },
      {
        "price": 0.787,
        "longCountPercent": 7.33,
        "shortCountPercent": 1.13
      },
      {
        "price": 0.7875,
        "longCountPercent": 9.03,
        "shortCountPercent": 0.56
      },
      {
        "price": 0.788,
        "longCountPercent": 6.21,
        "shortCountPercent": 0
      },
      {
        "price": 0.7885,
        "longCountPercent": 3.95,
        "shortCountPercent": 1.69
      },
      {
        "price": 0.789,
        "longCountPercent": 5.08,
        "shortCountPercent": 2.82
      },
      {
        "price": 0.7895,
        "longCountPercent": 11.28,
        "shortCountPercent": 2.26
      },
      {
        "price": 0.79,
        "longCountPercent": 11.28,
        "shortCountPercent": 0.56
      },
      {
        "price": 0.7905,
        "longCountPercent": 9.59,
        "shortCountPercent": 0
      },
      {
        "price": 0.791,
        "longCountPercent": 19.18,
        "shortCountPercent": 3.95
      },
      {
        "price": 0.7915,
        "longCountPercent": 15.23,
        "shortCountPercent": 1.69
      },
      {
        "price": 0.792,
        "longCountPercent": 12.98,
        "shortCountPercent": 7.33
      },
      {
        "price": 0.7925,
        "longCountPercent": 33.28,
        "shortCountPercent": 7.9
      },
      {
        "price": 0.793,
        "longCountPercent": 63.75,
        "shortCountPercent": 11.85
      },
      {
        "price": 0.7935,
        "longCountPercent": 74.47,
        "shortCountPercent": 12.98
      },
      {
        "price": 0.794,
        "longCountPercent": 130.88,
        "shortCountPercent": 36.67
      },
      {
        "price": 0.7945,
        "longCountPercent": 168.11,
        "shortCountPercent": 52.47
      },
      {
        "price": 0.795,
        "longCountPercent": 229.61,
        "shortCountPercent": 57.54
      },
      {
        "price": 0.7955,
        "longCountPercent": 205.91,
        "shortCountPercent": 57.54
      },
      {
        "price": 0.796,
        "longCountPercent": 195.19,
        "shortCountPercent": 25.39
      },
      {
        "price": 0.7965,
        "longCountPercent": 143.86,
        "shortCountPercent": 12.41
      },
      {
        "price": 0.797,
        "longCountPercent": 107.19,
        "shortCountPercent": 6.21
      },
      {
        "price": 0.7975,
        "longCountPercent": 78.98,
        "shortCountPercent": 6.77
      },
      {
        "price": 0.798,
        "longCountPercent": 81.24,
        "shortCountPercent": 7.9
      },
      {
        "price": 0.7985,
        "longCountPercent": 64.31,
        "shortCountPercent": 5.08
      },
      {
        "price": 0.799,
        "longCountPercent": 93.65,
        "shortCountPercent": 20.87
      },
      {
        "price": 0.7995,
        "longCountPercent": 93.65,
        "shortCountPercent": 6.21
      },
      {
        "price": 0.8,
        "longCountPercent": 100.98,
        "shortCountPercent": 3.95
      },
      {
        "price": 0.8005,
        "longCountPercent": 79.54,
        "shortCountPercent": 5.08
      },
      {
        "price": 0.801,
        "longCountPercent": 72.77,
        "shortCountPercent": 3.95
      },
      {
        "price": 0.8015,
        "longCountPercent": 67.7,
        "shortCountPercent": 2.82
      },
      {
        "price": 0.802,
        "longCountPercent": 73.9,
        "shortCountPercent": 3.95
      },
      {
        "price": 0.8025,
        "longCountPercent": 104.37,
        "shortCountPercent": 3.38
      },
      {
        "price": 0.803,
        "longCountPercent": 81.8,
        "shortCountPercent": 6.21
      },
      {
        "price": 0.8035,
        "longCountPercent": 63.75,
        "shortCountPercent": 1.69
      },
      {
        "price": 0.804,
        "longCountPercent": 97.6,
        "shortCountPercent": 5.64
      },
      {
        "price": 0.8045,
        "longCountPercent": 87.44,
        "shortCountPercent": 7.9
      },
      {
        "price": 0.805,
        "longCountPercent": 110.01,
        "shortCountPercent": 5.64
      },
      {
        "price": 0.8055,
        "longCountPercent": 95.9,
        "shortCountPercent": 9.59
      },
      {
        "price": 0.806,
        "longCountPercent": 134.83,
        "shortCountPercent": 5.64
      },
      {
        "price": 0.8065,
        "longCountPercent": 112.83,
        "shortCountPercent": 6.21
      },
      {
        "price": 0.807,
        "longCountPercent": 99.85,
        "shortCountPercent": 3.95
      },
      {
        "price": 0.8075,
        "longCountPercent": 73.9,
        "shortCountPercent": 3.38
      },
      {
        "price": 0.808,
        "longCountPercent": 97.03,
        "shortCountPercent": 3.38
      },
      {
        "price": 0.8085,
        "longCountPercent": 68.83,
        "shortCountPercent": 1.69
      },
      {
        "price": 0.809,
        "longCountPercent": 53.59,
        "shortCountPercent": 2.26
      },
      {
        "price": 0.8095,
        "longCountPercent": 44.57,
        "shortCountPercent": 1.69
      },
      {
        "price": 0.81,
        "longCountPercent": 60.36,
        "shortCountPercent": 3.38
      },
      {
        "price": 0.8105,
        "longCountPercent": 26.51,
        "shortCountPercent": 1.13
      },
      {
        "price": 0.811,
        "longCountPercent": 30.46,
        "shortCountPercent": 1.69
      },
      {
        "price": 0.8115,
        "longCountPercent": 53.03,
        "shortCountPercent": 1.69
      },
      {
        "price": 0.812,
        "longCountPercent": 138.22,
        "shortCountPercent": 0.56
      },
      {
        "price": 0.8125,
        "longCountPercent": 115.65,
        "shortCountPercent": 1.13
      },
      {
        "price": 0.813,
        "longCountPercent": 84.06,
        "shortCountPercent": 0.56
      },
      {
        "price": 0.8135,
        "longCountPercent": 49.08,
        "shortCountPercent": 1.13
      },
      {
        "price": 0.814,
        "longCountPercent": 18.62,
        "shortCountPercent": 1.69
      },
      {
        "price": 0.8145,
        "longCountPercent": 15.23,
        "shortCountPercent": 1.69
      },
      {
        "price": 0.815,
        "longCountPercent": 19.18,
        "shortCountPercent": 0
      },
      {
        "price": 0.8155,
        "longCountPercent": 19.75,
        "shortCountPercent": 0.56
      },
      {
        "price": 0.816,
        "longCountPercent": 25.95,
        "shortCountPercent": 1.69
      },
      {
        "price": 0.8165,
        "longCountPercent": 27.08,
        "shortCountPercent": 3.95
      },
      {
        "price": 0.817,
        "longCountPercent": 31.03,
        "shortCountPercent": 3.38
      },
      {
        "price": 0.8175,
        "longCountPercent": 33.85,
        "shortCountPercent": 1.13
      },
      {
        "price": 0.818,
        "longCountPercent": 32.16,
        "shortCountPercent": 3.95
      },
      {
        "price": 0.8185,
        "longCountPercent": 24.26,
        "shortCountPercent": 1.69
      },
      {
        "price": 0.819,
        "longCountPercent": 22.57,
        "shortCountPercent": 0.56
      },
      {
        "price": 0.8195,
        "longCountPercent": 33.28,
        "shortCountPercent": 0
      },
      {
        "price": 0.82,
        "longCountPercent": 41.18,
        "shortCountPercent": 1.69
      },
      {
        "price": 0.8205,
        "longCountPercent": 29.34,
        "shortCountPercent": 1.13
      },
      {
        "price": 0.821,
        "longCountPercent": 47.39,
        "shortCountPercent": 0.56
      },
      {
        "price": 0.8215,
        "longCountPercent": 90.83,
        "shortCountPercent": 1.69
      },
      {
        "price": 0.822,
        "longCountPercent": 49.64,
        "shortCountPercent": 0.56
      },
      {
        "price": 0.8225,
        "longCountPercent": 76.16,
        "shortCountPercent": 1.69
      },
      {
        "price": 0.823,
        "longCountPercent": 54.16,
        "shortCountPercent": 1.69
      },
      {
        "price": 0.8235,
        "longCountPercent": 34.98,
        "shortCountPercent": 1.13
      },
      {
        "price": 0.824,
        "longCountPercent": 40.05,
        "shortCountPercent": 0.56
      },
      {
        "price": 0.8245,
        "longCountPercent": 27.08,
        "shortCountPercent": 0.56
      },
      {
        "price": 0.825,
        "longCountPercent": 24.26,
        "shortCountPercent": 0.56
      },
      {
        "price": 0.8255,
        "longCountPercent": 15.8,
        "shortCountPercent": 1.13
      },
      {
        "price": 0.826,
        "longCountPercent": 21.44,
        "shortCountPercent": 0.56
      },
      {
        "price": 0.8265,
        "longCountPercent": 22,
        "shortCountPercent": 1.13
      },
      {
        "price": 0.827,
        "longCountPercent": 20.87,
        "shortCountPercent": 0
      },
      {
        "price": 0.8275,
        "longCountPercent": 19.75,
        "shortCountPercent": 0.56
      },
      {
        "price": 0.828,
        "longCountPercent": 17.49,
        "shortCountPercent": 0
      },
      {
        "price": 0.8285,
        "longCountPercent": 19.18,
        "shortCountPercent": 0
      },
      {
        "price": 0.829,
        "longCountPercent": 16.36,
        "shortCountPercent": 0
      },
      {
        "price": 0.8295,
        "longCountPercent": 20.31,
        "shortCountPercent": 0
      },
      {
        "price": 0.83,
        "longCountPercent": 27.64,
        "shortCountPercent": 0
      },
      {
        "price": 0.8305,
        "longCountPercent": 16.36,
        "shortCountPercent": 0
      },
      {
        "price": 0.831,
        "longCountPercent": 17.49,
        "shortCountPercent": 0
      },
      {
        "price": 0.8315,
        "longCountPercent": 14.67,
        "shortCountPercent": 0.56
      },
      {
        "price": 0.832,
        "longCountPercent": 19.18,
        "shortCountPercent": 0
      },
      {
        "price": 0.8325,
        "longCountPercent": 20.87,
        "shortCountPercent": 0
      },
      {
        "price": 0.833,
        "longCountPercent": 20.31,
        "shortCountPercent": 0
      },
      {
        "price": 0.8335,
        "longCountPercent": 26.51,
        "shortCountPercent": 0
      },
      {
        "price": 0.834,
        "longCountPercent": 16.36,
        "shortCountPercent": 0
      },
      {
        "price": 0.8345,
        "longCountPercent": 51.34,
        "shortCountPercent": 0
      },
      {
        "price": 0.835,
        "longCountPercent": 47.39,
        "shortCountPercent": 0
      },
      {
        "price": 0.8355,
        "longCountPercent": 40.62,
        "shortCountPercent": 0
      },
      {
        "price": 0.836,
        "longCountPercent": 51.9,
        "shortCountPercent": 0
      },
      {
        "price": 0.8365,
        "longCountPercent": 63.75,
        "shortCountPercent": 0
      },
      {
        "price": 0.837,
        "longCountPercent": 64.31,
        "shortCountPercent": 0
      },
      {
        "price": 0.8375,
        "longCountPercent": 69.39,
        "shortCountPercent": 0.56
      },
      {
        "price": 0.838,
        "longCountPercent": 50.21,
        "shortCountPercent": 0
      },
      {
        "price": 0.8385,
        "longCountPercent": 46.26,
        "shortCountPercent": 0
      },
      {
        "price": 0.839,
        "longCountPercent": 56.41,
        "shortCountPercent": 0
      },
      {
        "price": 0.8395,
        "longCountPercent": 91.96,
        "shortCountPercent": 0
      },
      {
        "price": 0.84,
        "longCountPercent": 84.62,
        "shortCountPercent": 0
      },
      {
        "price": 0.8405,
        "longCountPercent": 72.21,
        "shortCountPercent": 0.56
      },
      {
        "price": 0.841,
        "longCountPercent": 143.29,
        "shortCountPercent": 0
      },
      {
        "price": 0.8415,
        "longCountPercent": 129.75,
        "shortCountPercent": 0.56
      },
      {
        "price": 0.842,
        "longCountPercent": 106.06,
        "shortCountPercent": 1.13
      },
      {
        "price": 0.8425,
        "longCountPercent": 67.7,
        "shortCountPercent": 0
      },
      {
        "price": 0.843,
        "longCountPercent": 84.06,
        "shortCountPercent": 0
      },
      {
        "price": 0.8435,
        "longCountPercent": 60.36,
        "shortCountPercent": 0.56
      },
      {
        "price": 0.844,
        "longCountPercent": 79.54,
        "shortCountPercent": 0
      },
      {
        "price": 0.8445,
        "longCountPercent": 15.23,
        "shortCountPercent": 0
      },
      {
        "price": 0.845,
        "longCountPercent": 50.77,
        "shortCountPercent": 0
      },
      {
        "price": 0.8455,
        "longCountPercent": 87.44,
        "shortCountPercent": 0.56
      },
      {
        "price": 0.846,
        "longCountPercent": 19.18,
        "shortCountPercent": 0
      },
      {
        "price": 0.8465,
        "longCountPercent": 18.62,
        "shortCountPercent": 0.56
      },
      {
        "price": 0.847,
        "longCountPercent": 20.31,
        "shortCountPercent": 0
      },
      {
        "price": 0.8475,
        "longCountPercent": 7.9,
        "shortCountPercent": 0.56
      },
      {
        "price": 0.848,
        "longCountPercent": 9.59,
        "shortCountPercent": 0
      },
      {
        "price": 0.8485,
        "longCountPercent": 5.64,
        "shortCountPercent": 0
      },
      {
        "price": 0.849,
        "longCountPercent": 6.21,
        "shortCountPercent": 0
      },
      {
        "price": 0.8495,
        "longCountPercent": 7.9,
        "shortCountPercent": 1.13
      },
      {
        "price": 0.85,
        "longCountPercent": 12.98,
        "shortCountPercent": 0.56
      },
      {
        "price": 0.8505,
        "longCountPercent": 3.38,
        "shortCountPercent": 0.56
      },
      {
        "price": 0.851,
        "longCountPercent": 10.72,
        "shortCountPercent": 0
      },
      {
        "price": 0.8515,
        "longCountPercent": 9.03,
        "shortCountPercent": 1.13
      },
      {
        "price": 0.852,
        "longCountPercent": 10.72,
        "shortCountPercent": 1.13
      },
      {
        "price": 0.8525,
        "longCountPercent": 8.46,
        "shortCountPercent": 0.56
      },
      {
        "price": 0.853,
        "longCountPercent": 9.59,
        "shortCountPercent": 0.56
      },
      {
        "price": 0.8535,
        "longCountPercent": 6.77,
        "shortCountPercent": 0
      },
      {
        "price": 0.854,
        "longCountPercent": 4.51,
        "shortCountPercent": 2.82
      },
      {
        "price": 0.8545,
        "longCountPercent": 8.46,
        "shortCountPercent": 1.13
      },
      {
        "price": 0.855,
        "longCountPercent": 7.9,
        "shortCountPercent": 0
      },
      {
        "price": 0.8555,
        "longCountPercent": 6.21,
        "shortCountPercent": 0
      },
      {
        "price": 0.856,
        "longCountPercent": 12.41,
        "shortCountPercent": 0
      },
      {
        "price": 0.8565,
        "longCountPercent": 7.33,
        "shortCountPercent": 0
      },
      {
        "price": 0.857,
        "longCountPercent": 15.8,
        "shortCountPercent": 0
      },
      {
        "price": 0.8575,
        "longCountPercent": 14.1,
        "shortCountPercent": 0
      },
      {
        "price": 0.858,
        "longCountPercent": 9.59,
        "shortCountPercent": 0
      },
      {
        "price": 0.8585,
        "longCountPercent": 5.08,
        "shortCountPercent": 0
      },
      {
        "price": 0.859,
        "longCountPercent": 8.46,
        "shortCountPercent": 0.56
      },
      {
        "price": 0.8595,
        "longCountPercent": 9.59,
        "shortCountPercent": 0
      },
      {
        "price": 0.86,
        "longCountPercent": 13.54,
        "shortCountPercent": 0.56
      },
      {
        "price": 0.8605,
        "longCountPercent": 6.77,
        "shortCountPercent": 0
      },
      {
        "price": 0.861,
        "longCountPercent": 5.08,
        "shortCountPercent": 0.56
      },
      {
        "price": 0.8615,
        "longCountPercent": 8.46,
        "shortCountPercent": 0
      },
      {
        "price": 0.862,
        "longCountPercent": 5.08,
        "shortCountPercent": 0
      },
      {
        "price": 0.8625,
        "longCountPercent": 1.69,
        "shortCountPercent": 0.56
      },
      {
        "price": 0.863,
        "longCountPercent": 5.08,
        "shortCountPercent": 0
      },
      {
        "price": 0.8635,
        "longCountPercent": 6.21,
        "shortCountPercent": 0.56
      },
      {
        "price": 0.864,
        "longCountPercent": 1.13,
        "shortCountPercent": 0
      },
      {
        "price": 0.8645,
        "longCountPercent": 4.51,
        "shortCountPercent": 0
      },
      {
        "price": 0.865,
        "longCountPercent": 5.64,
        "shortCountPercent": 0.56
      },
      {
        "price": 0.8655,
        "longCountPercent": 2.26,
        "shortCountPercent": 0
      },
      {
        "price": 0.866,
        "longCountPercent": 5.08,
        "shortCountPercent": 1.13
      },
      {
        "price": 0.8665,
        "longCountPercent": 5.64,
        "shortCountPercent": 0
      },
      {
        "price": 0.867,
        "longCountPercent": 6.21,
        "shortCountPercent": 1.69
      },
      {
        "price": 0.8675,
        "longCountPercent": 6.21,
        "shortCountPercent": 0
      },
      {
        "price": 0.868,
        "longCountPercent": 5.08,
        "shortCountPercent": 0
      },
      {
        "price": 0.8685,
        "longCountPercent": 6.21,
        "shortCountPercent": 1.13
      },
      {
        "price": 0.869,
        "longCountPercent": 6.77,
        "shortCountPercent": 0
      },
      {
        "price": 0.8695,
        "longCountPercent": 3.95,
        "shortCountPercent": 0.56
      },
      {
        "price": 0.87,
        "longCountPercent": 11.85,
        "shortCountPercent": 0
      },
      {
        "price": 0.8705,
        "longCountPercent": 3.38,
        "shortCountPercent": 0
      },
      {
        "price": 0.871,
        "longCountPercent": 5.64,
        "shortCountPercent": 0.56
      },
      {
        "price": 0.8715,
        "longCountPercent": 5.08,
        "shortCountPercent": 0.56
      },
      {
        "price": 0.872,
        "longCountPercent": 5.64,
        "shortCountPercent": 0
      },
      {
        "price": 0.8725,
        "longCountPercent": 5.08,
        "shortCountPercent": 0
      },
      {
        "price": 0.873,
        "longCountPercent": 2.26,
        "shortCountPercent": 0
      },
      {
        "price": 0.8735,
        "longCountPercent": 5.08,
        "shortCountPercent": 0
      },
      {
        "price": 0.874,
        "longCountPercent": 4.51,
        "shortCountPercent": 0
      },
      {
        "price": 0.8745,
        "longCountPercent": 2.82,
        "shortCountPercent": 0.56
      },
      {
        "price": 0.875,
        "longCountPercent": 7.33,
        "shortCountPercent": 0.56
      },
      {
        "price": 0.8755,
        "longCountPercent": 11.85,
        "shortCountPercent": 0
      },
      {
        "price": 0.876,
        "longCountPercent": 14.67,
        "shortCountPercent": 1.13
      },
      {
        "price": 0.8765,
        "longCountPercent": 16.92,
        "shortCountPercent": 0.56
      },
      {
        "price": 0.877,
        "longCountPercent": 18.62,
        "shortCountPercent": 0
      },
      {
        "price": 0.8775,
        "longCountPercent": 15.23,
        "shortCountPercent": 0.56
      },
      {
        "price": 0.878,
        "longCountPercent": 14.1,
        "shortCountPercent": 1.69
      },
      {
        "price": 0.8785,
        "longCountPercent": 12.41,
        "shortCountPercent": 0
      },
      {
        "price": 0.879,
        "longCountPercent": 14.67,
        "shortCountPercent": 0
      },
      {
        "price": 0.8795,
        "longCountPercent": 10.72,
        "shortCountPercent": 0
      },
      {
        "price": 0.88,
        "longCountPercent": 20.87,
        "shortCountPercent": 0.56
      },
      {
        "price": 0.8805,
        "longCountPercent": 14.1,
        "shortCountPercent": 1.13
      },
      {
        "price": 0.881,
        "longCountPercent": 18.05,
        "shortCountPercent": 0
      },
      {
        "price": 0.8815,
        "longCountPercent": 17.49,
        "shortCountPercent": 0.56
      },
      {
        "price": 0.882,
        "longCountPercent": 19.75,
        "shortCountPercent": 1.13
      },
      {
        "price": 0.8825,
        "longCountPercent": 22,
        "shortCountPercent": 1.69
      },
      {
        "price": 0.883,
        "longCountPercent": 24.82,
        "shortCountPercent": 0.56
      },
      {
        "price": 0.8835,
        "longCountPercent": 27.64,
        "shortCountPercent": 0
      },
      {
        "price": 0.884,
        "longCountPercent": 16.36,
        "shortCountPercent": 1.13
      },
      {
        "price": 0.8845,
        "longCountPercent": 19.18,
        "shortCountPercent": 0.56
      },
      {
        "price": 0.885,
        "longCountPercent": 18.05,
        "shortCountPercent": 0.56
      },
      {
        "price": 0.8855,
        "longCountPercent": 12.41,
        "shortCountPercent": 0.56
      },
      {
        "price": 0.886,
        "longCountPercent": 12.41,
        "shortCountPercent": 0.56
      },
      {
        "price": 0.8865,
        "longCountPercent": 8.46,
        "shortCountPercent": 0.56
      },
      {
        "price": 0.887,
        "longCountPercent": 13.54,
        "shortCountPercent": 0
      },
      {
        "price": 0.8875,
        "longCountPercent": 12.41,
        "shortCountPercent": 0
      },
      {
        "price": 0.888,
        "longCountPercent": 11.28,
        "shortCountPercent": 0.56
      },
      {
        "price": 0.8885,
        "longCountPercent": 14.67,
        "shortCountPercent": 0.56
      },
      {
        "price": 0.889,
        "longCountPercent": 17.49,
        "shortCountPercent": 0
      },
      {
        "price": 0.8895,
        "longCountPercent": 10.72,
        "shortCountPercent": 1.13
      },
      {
        "price": 0.89,
        "longCountPercent": 22,
        "shortCountPercent": 0
      },
      {
        "price": 0.8905,
        "longCountPercent": 9.03,
        "shortCountPercent": 0.56
      },
      {
        "price": 0.891,
        "longCountPercent": 15.23,
        "shortCountPercent": 0.56
      },
      {
        "price": 0.8915,
        "longCountPercent": 10.15,
        "shortCountPercent": 0
      },
      {
        "price": 0.892,
        "longCountPercent": 15.23,
        "shortCountPercent": 0
      },
      {
        "price": 0.8925,
        "longCountPercent": 10.72,
        "shortCountPercent": 0
      },
      {
        "price": 0.893,
        "longCountPercent": 10.15,
        "shortCountPercent": 0.56
      },
      {
        "price": 0.8935,
        "longCountPercent": 11.85,
        "shortCountPercent": 2.82
      },
      {
        "price": 0.894,
        "longCountPercent": 6.77,
        "shortCountPercent": 0.56
      },
      {
        "price": 0.8945,
        "longCountPercent": 11.85,
        "shortCountPercent": 0
      },
      {
        "price": 0.895,
        "longCountPercent": 13.54,
        "shortCountPercent": 0
      },
      {
        "price": 0.8955,
        "longCountPercent": 8.46,
        "shortCountPercent": 1.13
      },
      {
        "price": 0.896,
        "longCountPercent": 22.57,
        "shortCountPercent": 1.69
      },
      {
        "price": 0.8965,
        "longCountPercent": 15.23,
        "shortCountPercent": 1.69
      },
      {
        "price": 0.897,
        "longCountPercent": 18.62,
        "shortCountPercent": 0.56
      },
      {
        "price": 0.8975,
        "longCountPercent": 24.82,
        "shortCountPercent": 0.56
      },
      {
        "price": 0.898,
        "longCountPercent": 19.18,
        "shortCountPercent": 1.13
      },
      {
        "price": 0.8985,
        "longCountPercent": 21.44,
        "shortCountPercent": 0
      },
      {
        "price": 0.899,
        "longCountPercent": 22.57,
        "shortCountPercent": 1.13
      },
      {
        "price": 0.8995,
        "longCountPercent": 21.44,
        "shortCountPercent": 0.56
      },
      {
        "price": 0.9,
        "longCountPercent": 19.75,
        "shortCountPercent": 0
      },
      {
        "price": 0.9005,
        "longCountPercent": 14.67,
        "shortCountPercent": 0
      },
      {
        "price": 0.901,
        "longCountPercent": 15.8,
        "shortCountPercent": 0.56
      },
      {
        "price": 0.9015,
        "longCountPercent": 19.18,
        "shortCountPercent": 1.69
      },
      {
        "price": 0.902,
        "longCountPercent": 24.82,
        "shortCountPercent": 0.56
      },
      {
        "price": 0.9025,
        "longCountPercent": 22.57,
        "shortCountPercent": 0
      },
      {
        "price": 0.903,
        "longCountPercent": 17.49,
        "shortCountPercent": 0.56
      },
      {
        "price": 0.9035,
        "longCountPercent": 20.31,
        "shortCountPercent": 1.13
      },
      {
        "price": 0.904,
        "longCountPercent": 21.44,
        "shortCountPercent": 0
      },
      {
        "price": 0.9045,
        "longCountPercent": 11.85,
        "shortCountPercent": 1.13
      },
      {
        "price": 0.905,
        "longCountPercent": 12.98,
        "shortCountPercent": 0.56
      },
      {
        "price": 0.9055,
        "longCountPercent": 7.9,
        "shortCountPercent": 0
      },
      {
        "price": 0.906,
        "longCountPercent": 11.28,
        "shortCountPercent": 1.13
      },
      {
        "price": 0.9065,
        "longCountPercent": 14.67,
        "shortCountPercent": 1.13
      },
      {
        "price": 0.907,
        "longCountPercent": 21.44,
        "shortCountPercent": 1.69
      },
      {
        "price": 0.9075,
        "longCountPercent": 12.98,
        "shortCountPercent": 0
      },
      {
        "price": 0.908,
        "longCountPercent": 12.98,
        "shortCountPercent": 0
      },
      {
        "price": 0.9085,
        "longCountPercent": 9.59,
        "shortCountPercent": 0
      },
      {
        "price": 0.909,
        "longCountPercent": 11.85,
        "shortCountPercent": 1.13
      },
      {
        "price": 0.9095,
        "longCountPercent": 9.03,
        "shortCountPercent": 1.69
      },
      {
        "price": 0.91,
        "longCountPercent": 18.62,
        "shortCountPercent": 0
      },
      {
        "price": 0.9105,
        "longCountPercent": 6.77,
        "shortCountPercent": 1.13
      },
      {
        "price": 0.911,
        "longCountPercent": 15.8,
        "shortCountPercent": 0.56
      },
      {
        "price": 0.9115,
        "longCountPercent": 13.54,
        "shortCountPercent": 1.13
      },
      {
        "price": 0.912,
        "longCountPercent": 22,
        "shortCountPercent": 0
      },
      {
        "price": 0.9125,
        "longCountPercent": 14.1,
        "shortCountPercent": 0.56
      },
      {
        "price": 0.913,
        "longCountPercent": 15.23,
        "shortCountPercent": 0.56
      },
      {
        "price": 0.9135,
        "longCountPercent": 29.9,
        "shortCountPercent": 0
      },
      {
        "price": 0.914,
        "longCountPercent": 44,
        "shortCountPercent": 1.13
      },
      {
        "price": 0.9145,
        "longCountPercent": 20.87,
        "shortCountPercent": 1.13
      },
      {
        "price": 0.915,
        "longCountPercent": 13.54,
        "shortCountPercent": 0
      },
      {
        "price": 0.9155,
        "longCountPercent": 7.9,
        "shortCountPercent": 0.56
      },
      {
        "price": 0.916,
        "longCountPercent": 11.85,
        "shortCountPercent": 0
      },
      {
        "price": 0.9165,
        "longCountPercent": 12.41,
        "shortCountPercent": 0
      },
      {
        "price": 0.917,
        "longCountPercent": 16.92,
        "shortCountPercent": 1.69
      },
      {
        "price": 0.9175,
        "longCountPercent": 9.59,
        "shortCountPercent": 0
      },
      {
        "price": 0.918,
        "longCountPercent": 7.9,
        "shortCountPercent": 0.56
      },
      {
        "price": 0.9185,
        "longCountPercent": 6.77,
        "shortCountPercent": 0
      },
      {
        "price": 0.919,
        "longCountPercent": 10.15,
        "shortCountPercent": 1.13
      },
      {
        "price": 0.9195,
        "longCountPercent": 6.77,
        "shortCountPercent": 0
      },
      {
        "price": 0.92,
        "longCountPercent": 9.59,
        "shortCountPercent": 0.56
      },
      {
        "price": 0.9205,
        "longCountPercent": 6.77,
        "shortCountPercent": 1.69
      },
      {
        "price": 0.921,
        "longCountPercent": 6.77,
        "shortCountPercent": 0
      },
      {
        "price": 0.9215,
        "longCountPercent": 3.95,
        "shortCountPercent": 0
      },
      {
        "price": 0.922,
        "longCountPercent": 2.82,
        "shortCountPercent": 0.56
      },
      {
        "price": 0.9225,
        "longCountPercent": 5.64,
        "shortCountPercent": 0
      },
      {
        "price": 0.923,
        "longCountPercent": 5.08,
        "shortCountPercent": 0
      },
      {
        "price": 0.9235,
        "longCountPercent": 6.77,
        "shortCountPercent": 0.56
      },
      {
        "price": 0.924,
        "longCountPercent": 3.95,
        "shortCountPercent": 0.56
      },
      {
        "price": 0.9245,
        "longCountPercent": 5.64,
        "shortCountPercent": 0
      },
      {
        "price": 0.925,
        "longCountPercent": 3.95,
        "shortCountPercent": 1.13
      },
      {
        "price": 0.9255,
        "longCountPercent": 3.95,
        "shortCountPercent": 1.13
      },
      {
        "price": 0.926,
        "longCountPercent": 4.51,
        "shortCountPercent": 0.56
      },
      {
        "price": 0.9265,
        "longCountPercent": 2.26,
        "shortCountPercent": 0
      },
      {
        "price": 0.927,
        "longCountPercent": 5.08,
        "shortCountPercent": 0.56
      },
      {
        "price": 0.9275,
        "longCountPercent": 3.38,
        "shortCountPercent": 0.56
      },
      {
        "price": 0.928,
        "longCountPercent": 1.69,
        "shortCountPercent": 0
      },
      {
        "price": 0.9285,
        "longCountPercent": 4.51,
        "shortCountPercent": 0
      },
      {
        "price": 0.929,
        "longCountPercent": 5.64,
        "shortCountPercent": 0
      },
      {
        "price": 0.9295,
        "longCountPercent": 5.64,
        "shortCountPercent": 0
      },
      {
        "price": 0.93,
        "longCountPercent": 5.08,
        "shortCountPercent": 0
      },
      {
        "price": 0.9305,
        "longCountPercent": 4.51,
        "shortCountPercent": 0.56
      },
      {
        "price": 0.931,
        "longCountPercent": 2.26,
        "shortCountPercent": 0
      },
      {
        "price": 0.9315,
        "longCountPercent": 2.82,
        "shortCountPercent": 0
      },
      {
        "price": 0.932,
        "longCountPercent": 2.26,
        "shortCountPercent": 0
      },
      {
        "price": 0.9325,
        "longCountPercent": 0.56,
        "shortCountPercent": 0
      },
      {
        "price": 0.933,
        "longCountPercent": 2.26,
        "shortCountPercent": 0.56
      },
      {
        "price": 0.9335,
        "longCountPercent": 0.56,
        "shortCountPercent": 0.56
      },
      {
        "price": 0.934,
        "longCountPercent": 4.51,
        "shortCountPercent": 0
      },
      {
        "price": 0.9345,
        "longCountPercent": 3.95,
        "shortCountPercent": 0
      },
      {
        "price": 0.935,
        "longCountPercent": 3.95,
        "shortCountPercent": 0
      },
      {
        "price": 0.9355,
        "longCountPercent": 2.82,
        "shortCountPercent": 0
      },
      {
        "price": 0.936,
        "longCountPercent": 4.51,
        "shortCountPercent": 0
      },
      {
        "price": 0.9365,
        "longCountPercent": 3.38,
        "shortCountPercent": 0
      },
      {
        "price": 0.937,
        "longCountPercent": 3.95,
        "shortCountPercent": 0
      },
      {
        "price": 0.9375,
        "longCountPercent": 5.08,
        "shortCountPercent": 0
      },
      {
        "price": 0.938,
        "longCountPercent": 7.9,
        "shortCountPercent": 0.56
      },
      {
        "price": 0.9385,
        "longCountPercent": 4.51,
        "shortCountPercent": 0.56
      },
      {
        "price": 0.939,
        "longCountPercent": 5.08,
        "shortCountPercent": 0
      },
      {
        "price": 0.9395,
        "longCountPercent": 1.69,
        "shortCountPercent": 0
      },
      {
        "price": 0.94,
        "longCountPercent": 7.9,
        "shortCountPercent": 0.56
      },
      {
        "price": 0.9405,
        "longCountPercent": 3.95,
        "shortCountPercent": 0
      },
      {
        "price": 0.941,
        "longCountPercent": 7.9,
        "shortCountPercent": 0
      },
      {
        "price": 0.9415,
        "longCountPercent": 7.9,
        "shortCountPercent": 1.13
      },
      {
        "price": 0.942,
        "longCountPercent": 4.51,
        "shortCountPercent": 0.56
      },
      {
        "price": 0.9425,
        "longCountPercent": 2.82,
        "shortCountPercent": 0.56
      },
      {
        "price": 0.943,
        "longCountPercent": 7.33,
        "shortCountPercent": 0.56
      },
      {
        "price": 0.9435,
        "longCountPercent": 6.21,
        "shortCountPercent": 0
      },
      {
        "price": 0.944,
        "longCountPercent": 3.38,
        "shortCountPercent": 0
      },
      {
        "price": 0.9445,
        "longCountPercent": 2.82,
        "shortCountPercent": 0
      },
      {
        "price": 0.945,
        "longCountPercent": 5.08,
        "shortCountPercent": 0
      },
      {
        "price": 0.9455,
        "longCountPercent": 3.38,
        "shortCountPercent": 0
      },
      {
        "price": 0.946,
        "longCountPercent": 2.26,
        "shortCountPercent": 0
      },
      {
        "price": 0.9465,
        "longCountPercent": 0.56,
        "shortCountPercent": 0.56
      },
      {
        "price": 0.947,
        "longCountPercent": 1.13,
        "shortCountPercent": 0
      },
      {
        "price": 0.9475,
        "longCountPercent": 2.82,
        "shortCountPercent": 0
      },
      {
        "price": 0.948,
        "longCountPercent": 2.26,
        "shortCountPercent": 0
      },
      {
        "price": 0.9485,
        "longCountPercent": 1.69,
        "shortCountPercent": 0
      },
      {
        "price": 0.949,
        "longCountPercent": 2.82,
        "shortCountPercent": 0
      },
      {
        "price": 0.9495,
        "longCountPercent": 2.26,
        "shortCountPercent": 1.13
      },
      {
        "price": 0.95,
        "longCountPercent": 3.95,
        "shortCountPercent": 0
      },
      {
        "price": 0.9505,
        "longCountPercent": 3.38,
        "shortCountPercent": 0
      },
      {
        "price": 0.951,
        "longCountPercent": 2.82,
        "shortCountPercent": 0
      },
      {
        "price": 0.9515,
        "longCountPercent": 2.26,
        "shortCountPercent": 0
      },
      {
        "price": 0.952,
        "longCountPercent": 5.08,
        "shortCountPercent": 0
      },
      {
        "price": 0.9525,
        "longCountPercent": 2.26,
        "shortCountPercent": 0.56
      },
      {
        "price": 0.953,
        "longCountPercent": 2.26,
        "shortCountPercent": 0.56
      },
      {
        "price": 0.9535,
        "longCountPercent": 1.13,
        "shortCountPercent": 0
      },
      {
        "price": 0.954,
        "longCountPercent": 6.77,
        "shortCountPercent": 0
      },
      {
        "price": 0.9545,
        "longCountPercent": 2.82,
        "shortCountPercent": 0.56
      },
      {
        "price": 0.955,
        "longCountPercent": 3.95,
        "shortCountPercent": 0
      },
      {
        "price": 0.9555,
        "longCountPercent": 1.13,
        "shortCountPercent": 0.56
      },
      {
        "price": 0.956,
        "longCountPercent": 2.82,
        "shortCountPercent": 0
      },
      {
        "price": 0.9565,
        "longCountPercent": 1.69,
        "shortCountPercent": 0
      },
      {
        "price": 0.957,
        "longCountPercent": 2.82,
        "shortCountPercent": 0
      },
      {
        "price": 0.9575,
        "longCountPercent": 2.82,
        "shortCountPercent": 0
      },
      {
        "price": 0.958,
        "longCountPercent": 3.38,
        "shortCountPercent": 0.56
      },
      {
        "price": 0.9585,
        "longCountPercent": 0.56,
        "shortCountPercent": 1.13
      },
      {
        "price": 0.959,
        "longCountPercent": 2.26,
        "shortCountPercent": 0.56
      },
      {
        "price": 0.9595,
        "longCountPercent": 2.82,
        "shortCountPercent": 0
      },
      {
        "price": 0.96,
        "longCountPercent": 5.08,
        "shortCountPercent": 1.13
      },
      {
        "price": 0.9605,
        "longCountPercent": 1.13,
        "shortCountPercent": 1.13
      },
      {
        "price": 0.961,
        "longCountPercent": 2.26,
        "shortCountPercent": 0.56
      },
      {
        "price": 0.9615,
        "longCountPercent": 3.38,
        "shortCountPercent": 0
      },
      {
        "price": 0.962,
        "longCountPercent": 1.13,
        "shortCountPercent": 0
      },
      {
        "price": 0.9625,
        "longCountPercent": 1.69,
        "shortCountPercent": 0
      },
      {
        "price": 0.963,
        "longCountPercent": 1.69,
        "shortCountPercent": 0
      },
      {
        "price": 0.9635,
        "longCountPercent": 1.13,
        "shortCountPercent": 0
      },
      {
        "price": 0.964,
        "longCountPercent": 2.26,
        "shortCountPercent": 0
      },
      {
        "price": 0.9645,
        "longCountPercent": 4.51,
        "shortCountPercent": 0
      },
      {
        "price": 0.965,
        "longCountPercent": 6.21,
        "shortCountPercent": 0
      },
      {
        "price": 0.9655,
        "longCountPercent": 1.69,
        "shortCountPercent": 0
      },
      {
        "price": 0.966,
        "longCountPercent": 5.08,
        "shortCountPercent": 0.56
      },
      {
        "price": 0.9665,
        "longCountPercent": 2.26,
        "shortCountPercent": 0
      },
      {
        "price": 0.967,
        "longCountPercent": 9.03,
        "shortCountPercent": 0
      },
      {
        "price": 0.9675,
        "longCountPercent": 3.38,
        "shortCountPercent": 0
      },
      {
        "price": 0.968,
        "longCountPercent": 4.51,
        "shortCountPercent": 2.26
      },
      {
        "price": 0.9685,
        "longCountPercent": 2.26,
        "shortCountPercent": 0
      },
      {
        "price": 0.969,
        "longCountPercent": 1.69,
        "shortCountPercent": 0
      },
      {
        "price": 0.9695,
        "longCountPercent": 1.13,
        "shortCountPercent": 0.56
      },
      {
        "price": 0.97,
        "longCountPercent": 2.26,
        "shortCountPercent": 2.82
      },
      {
        "price": 0.971,
        "longCountPercent": 0,
        "shortCountPercent": 0.56
      },
      {
        "price": 0.9715,
        "longCountPercent": 1.69,
        "shortCountPercent": 0
      },
      {
        "price": 0.972,
        "longCountPercent": 1.69,
        "shortCountPercent": 0
      },
      {
        "price": 0.9725,
        "longCountPercent": 1.69,
        "shortCountPercent": 0.56
      },
      {
        "price": 0.973,
        "longCountPercent": 4.51,
        "shortCountPercent": 0
      },
      {
        "price": 0.9735,
        "longCountPercent": 2.26,
        "shortCountPercent": 0
      },
      {
        "price": 0.974,
        "longCountPercent": 0.56,
        "shortCountPercent": 2.26
      },
      {
        "price": 0.9745,
        "longCountPercent": 1.13,
        "shortCountPercent": 0
      },
      {
        "price": 0.9755,
        "longCountPercent": 2.26,
        "shortCountPercent": 0
      },
      {
        "price": 0.976,
        "longCountPercent": 1.69,
        "shortCountPercent": 0
      },
      {
        "price": 0.9765,
        "longCountPercent": 0.56,
        "shortCountPercent": 0.56
      },
      {
        "price": 0.977,
        "longCountPercent": 4.51,
        "shortCountPercent": 0
      },
      {
        "price": 0.9775,
        "longCountPercent": 1.13,
        "shortCountPercent": 2.26
      },
      {
        "price": 0.978,
        "longCountPercent": 1.13,
        "shortCountPercent": 0
      },
      {
        "price": 0.9785,
        "longCountPercent": 0,
        "shortCountPercent": 1.13
      },
      {
        "price": 0.979,
        "longCountPercent": 2.26,
        "shortCountPercent": 0
      },
      {
        "price": 0.9795,
        "longCountPercent": 1.13,
        "shortCountPercent": 0.56
      },
      {
        "price": 0.98,
        "longCountPercent": 0.56,
        "shortCountPercent": 2.26
      },
      {
        "price": 0.9805,
        "longCountPercent": 1.69,
        "shortCountPercent": 0.56
      },
      {
        "price": 0.981,
        "longCountPercent": 1.69,
        "shortCountPercent": 1.13
      },
      {
        "price": 0.9815,
        "longCountPercent": 2.26,
        "shortCountPercent": 0
      },
      {
        "price": 0.982,
        "longCountPercent": 0.56,
        "shortCountPercent": 0
      },
      {
        "price": 0.9825,
        "longCountPercent": 1.13,
        "shortCountPercent": 0
      },
      {
        "price": 0.983,
        "longCountPercent": 2.26,
        "shortCountPercent": 0
      },
      {
        "price": 0.9835,
        "longCountPercent": 1.69,
        "shortCountPercent": 0
      },
      {
        "price": 0.984,
        "longCountPercent": 1.13,
        "shortCountPercent": 0
      },
      {
        "price": 0.9845,
        "longCountPercent": 1.69,
        "shortCountPercent": 0.56
      },
      {
        "price": 0.985,
        "longCountPercent": 2.82,
        "shortCountPercent": 0
      },
      {
        "price": 0.9855,
        "longCountPercent": 1.69,
        "shortCountPercent": 0
      },
      {
        "price": 0.986,
        "longCountPercent": 2.82,
        "shortCountPercent": 0
      },
      {
        "price": 0.9865,
        "longCountPercent": 1.13,
        "shortCountPercent": 0
      },
      {
        "price": 0.987,
        "longCountPercent": 3.95,
        "shortCountPercent": 0.56
      },
      {
        "price": 0.9875,
        "longCountPercent": 1.13,
        "shortCountPercent": 0
      },
      {
        "price": 0.988,
        "longCountPercent": 2.26,
        "shortCountPercent": 0.56
      },
      {
        "price": 0.9885,
        "longCountPercent": 1.13,
        "shortCountPercent": 0
      },
      {
        "price": 0.989,
        "longCountPercent": 2.26,
        "shortCountPercent": 0
      },
      {
        "price": 0.9895,
        "longCountPercent": 4.51,
        "shortCountPercent": 0
      },
      {
        "price": 0.99,
        "longCountPercent": 1.69,
        "shortCountPercent": 6.77
      },
      {
        "price": 0.9905,
        "longCountPercent": 2.26,
        "shortCountPercent": 3.95
      },
      {
        "price": 0.991,
        "longCountPercent": 1.69,
        "shortCountPercent": 0
      },
      {
        "price": 0.9915,
        "longCountPercent": 2.82,
        "shortCountPercent": 0
      },
      {
        "price": 0.992,
        "longCountPercent": 3.38,
        "shortCountPercent": 2.26
      },
      {
        "price": 0.9925,
        "longCountPercent": 2.82,
        "shortCountPercent": 0
      },
      {
        "price": 0.993,
        "longCountPercent": 1.69,
        "shortCountPercent": 1.13
      },
      {
        "price": 0.9935,
        "longCountPercent": 0.56,
        "shortCountPercent": 0.56
      },
      {
        "price": 0.994,
        "longCountPercent": 2.26,
        "shortCountPercent": 2.26
      },
      {
        "price": 0.9945,
        "longCountPercent": 2.26,
        "shortCountPercent": 2.82
      },
      {
        "price": 0.995,
        "longCountPercent": 4.51,
        "shortCountPercent": 0.56
      },
      {
        "price": 0.9955,
        "longCountPercent": 6.21,
        "shortCountPercent": 0
      },
      {
        "price": 0.996,
        "longCountPercent": 1.69,
        "shortCountPercent": 0
      },
      {
        "price": 0.9965,
        "longCountPercent": 0.56,
        "shortCountPercent": 0
      },
      {
        "price": 0.997,
        "longCountPercent": 1.13,
        "shortCountPercent": 0
      },
      {
        "price": 0.9975,
        "longCountPercent": 1.69,
        "shortCountPercent": 0
      },
      {
        "price": 0.998,
        "longCountPercent": 2.26,
        "shortCountPercent": 0
      },
      {
        "price": 0.9985,
        "longCountPercent": 1.69,
        "shortCountPercent": 0
      },
      {
        "price": 0.999,
        "longCountPercent": 1.69,
        "shortCountPercent": 0
      },
      {
        "price": 0.9995,
        "longCountPercent": 2.26,
        "shortCountPercent": 2.82
      },
      {
        "price": 1,
        "longCountPercent": 1.69,
        "shortCountPercent": 2.82
      },
      {
        "price": 1.0005,
        "longCountPercent": 1.69,
        "shortCountPercent": 2.26
      },
      {
        "price": 1.001,
        "longCountPercent": 1.69,
        "shortCountPercent": 2.26
      },
      {
        "price": 1.0015,
        "longCountPercent": 0.56,
        "shortCountPercent": 2.26
      },
      {
        "price": 1.002,
        "longCountPercent": 1.13,
        "shortCountPercent": 0
      },
      {
        "price": 1.0025,
        "longCountPercent": 1.13,
        "shortCountPercent": 1.13
      },
      {
        "price": 1.003,
        "longCountPercent": 1.13,
        "shortCountPercent": 0
      },
      {
        "price": 1.0035,
        "longCountPercent": 0,
        "shortCountPercent": 0.56
      },
      {
        "price": 1.0045,
        "longCountPercent": 0.56,
        "shortCountPercent": 0.56
      },
      {
        "price": 1.005,
        "longCountPercent": 1.13,
        "shortCountPercent": 0.56
      },
      {
        "price": 1.0055,
        "longCountPercent": 1.69,
        "shortCountPercent": 0
      },
      {
        "price": 1.006,
        "longCountPercent": 2.26,
        "shortCountPercent": 0
      },
      {
        "price": 1.0065,
        "longCountPercent": 1.69,
        "shortCountPercent": 0
      },
      {
        "price": 1.007,
        "longCountPercent": 1.13,
        "shortCountPercent": 0
      },
      {
        "price": 1.0075,
        "longCountPercent": 1.13,
        "shortCountPercent": 0.56
      },
      {
        "price": 1.008,
        "longCountPercent": 0.56,
        "shortCountPercent": 0
      },
      {
        "price": 1.0085,
        "longCountPercent": 1.13,
        "shortCountPercent": 0.56
      },
      {
        "price": 1.009,
        "longCountPercent": 0.56,
        "shortCountPercent": 0.56
      },
      {
        "price": 1.0095,
        "longCountPercent": 0.56,
        "shortCountPercent": 0
      },
      {
        "price": 1.01,
        "longCountPercent": 3.38,
        "shortCountPercent": 0.56
      },
      {
        "price": 1.011,
        "longCountPercent": 1.69,
        "shortCountPercent": 0
      },
      {
        "price": 1.0115,
        "longCountPercent": 0.56,
        "shortCountPercent": 0
      },
      {
        "price": 1.012,
        "longCountPercent": 0.56,
        "shortCountPercent": 0.56
      },
      {
        "price": 1.0125,
        "longCountPercent": 3.38,
        "shortCountPercent": 0.56
      },
      {
        "price": 1.013,
        "longCountPercent": 0.56,
        "shortCountPercent": 0
      },
      {
        "price": 1.0135,
        "longCountPercent": 2.82,
        "shortCountPercent": 0
      },
      {
        "price": 1.014,
        "longCountPercent": 5.08,
        "shortCountPercent": 0
      },
      {
        "price": 1.0145,
        "longCountPercent": 1.69,
        "shortCountPercent": 0
      },
      {
        "price": 1.0155,
        "longCountPercent": 1.13,
        "shortCountPercent": 0
      },
      {
        "price": 1.0165,
        "longCountPercent": 0.56,
        "shortCountPercent": 0
      },
      {
        "price": 1.0175,
        "longCountPercent": 0.56,
        "shortCountPercent": 0
      },
      {
        "price": 1.018,
        "longCountPercent": 0.56,
        "shortCountPercent": 0
      },
      {
        "price": 1.0185,
        "longCountPercent": 1.13,
        "shortCountPercent": 0
      },
      {
        "price": 1.019,
        "longCountPercent": 0.56,
        "shortCountPercent": 0
      },
      {
        "price": 1.02,
        "longCountPercent": 0.56,
        "shortCountPercent": 0
      },
      {
        "price": 1.0205,
        "longCountPercent": 1.13,
        "shortCountPercent": 0
      },
      {
        "price": 1.021,
        "longCountPercent": 0.56,
        "shortCountPercent": 0
      },
      {
        "price": 1.0215,
        "longCountPercent": 1.13,
        "shortCountPercent": 0
      },
      {
        "price": 1.022,
        "longCountPercent": 0.56,
        "shortCountPercent": 0
      },
      {
        "price": 1.0225,
        "longCountPercent": 0.56,
        "shortCountPercent": 0
      },
      {
        "price": 1.025,
        "longCountPercent": 1.69,
        "shortCountPercent": 0
      },
      {
        "price": 1.0255,
        "longCountPercent": 0.56,
        "shortCountPercent": 0
      },
      {
        "price": 1.0265,
        "longCountPercent": 0.56,
        "shortCountPercent": 0
      },
      {
        "price": 1.027,
        "longCountPercent": 1.13,
        "shortCountPercent": 0
      },
      {
        "price": 1.0285,
        "longCountPercent": 1.69,
        "shortCountPercent": 0
      },
      {
        "price": 1.0295,
        "longCountPercent": 1.13,
        "shortCountPercent": 0
      },
      {
        "price": 1.03,
        "longCountPercent": 1.13,
        "shortCountPercent": 0
      },
      {
        "price": 1.0305,
        "longCountPercent": 0.56,
        "shortCountPercent": 0
      },
      {
        "price": 1.031,
        "longCountPercent": 0.56,
        "shortCountPercent": 0
      },
      {
        "price": 1.032,
        "longCountPercent": 0.56,
        "shortCountPercent": 0
      },
      {
        "price": 1.0325,
        "longCountPercent": 0.56,
        "shortCountPercent": 0
      },
      {
        "price": 1.0375,
        "longCountPercent": 0.56,
        "shortCountPercent": 0
      },
      {
        "price": 1.0385,
        "longCountPercent": 0,
        "shortCountPercent": 0.56
      },
      {
        "price": 1.04,
        "longCountPercent": 0.56,
        "shortCountPercent": 0
      },
      {
        "price": 1.065,
        "longCountPercent": 0.56,
        "shortCountPercent": 0
      },
      {
        "price": 1.1355,
        "longCountPercent": 0.56,
        "shortCountPercent": 0
      },
      {
        "price": 1.1885,
        "longCountPercent": 0.56,
        "shortCountPercent": 0
      },
      {
        "price": 1.192,
        "longCountPercent": 0.56,
        "shortCountPercent": 0
      },
      {
        "price": 1.1995,
        "longCountPercent": 0.56,
        "shortCountPercent": 0
      },
      {
        "price": 1.223,
        "longCountPercent": 0.56,
        "shortCountPercent": 0
      },
      {
        "price": 1.226,
        "longCountPercent": 0.56,
        "shortCountPercent": 0
      },
      {
        "price": 1.231,
        "longCountPercent": 0.56,
        "shortCountPercent": 0
      },
      {
        "price": 1.242,
        "longCountPercent": 0.56,
        "shortCountPercent": 0
      },
      {
        "price": 1.2535,
        "longCountPercent": 0.56,
        "shortCountPercent": 0
      },
      {
        "price": 1.276,
        "longCountPercent": 0.56,
        "shortCountPercent": 0
      },
      {
        "price": 1.305,
        "longCountPercent": 0,
        "shortCountPercent": 0.56
      },
      {
        "price": 1.306,
        "longCountPercent": 0.56,
        "shortCountPercent": 0
      },
      {
        "price": 1.322,
        "longCountPercent": 0.56,
        "shortCountPercent": 0
      },
      {
        "price": 1.3755,
        "longCountPercent": 0.56,
        "shortCountPercent": 0
      },
      {
        "price": 1.3785,
        "longCountPercent": 0.56,
        "shortCountPercent": 0
      },
      {
        "price": 1.39,
        "longCountPercent": 0.56,
        "shortCountPercent": 0
      },
      {
        "price": 1.4095,
        "longCountPercent": 0.56,
        "shortCountPercent": 0
      },
      {
        "price": 1.7165,
        "longCountPercent": 0.56,
        "shortCountPercent": 0
      }
    ],
    "region": "-",
    "division": "-",
    "dataSource": "-",
    "snapshot": "12月18日 22時30分",
    "lastupdate": "12月18日 23時00分",
    "longPercent": 93.42,
    "shortPercent": 6.58
  }
}