{
  "orderBook": [],
  "positionBook": {
    "price": 1.3789,
    "bucketWidth": "0.0005",
    "buckets": [
      {
        "price": 0.9425,
        "longCountPercent": 0,
        "shortCountPercent": 0.45
      },
      {
        "price": 0.9445,
        "longCountPercent": 0,
        "shortCountPercent": 0.45
      },
      {
        "price": 0.947,
        "longCountPercent": 0,
        "shortCountPercent": 0.45
      },
      {
        "price": 0.9505,
        "longCountPercent": 0,
        "shortCountPercent": 0.9
      },
      {
        "price": 0.9565,
        "longCountPercent": 0,
        "shortCountPercent": 0.45
      },
      {
        "price": 0.9595,
        "longCountPercent": 0,
        "shortCountPercent": 0.45
      },
      {
        "price": 0.962,
        "longCountPercent": 0,
        "shortCountPercent": 0.9
      },
      {
        "price": 0.964,
        "longCountPercent": 0,
        "shortCountPercent": 0.45
      },
      {
        "price": 0.9715,
        "longCountPercent": 0,
        "shortCountPercent": 0.9
      },
      {
        "price": 0.9795,
        "longCountPercent": 0,
        "shortCountPercent": 0.45
      },
      {
        "price": 0.98,
        "longCountPercent": 0,
        "shortCountPercent": 0.45
      },
      {
        "price": 0.9815,
        "longCountPercent": 0,
        "shortCountPercent": 0.9
      },
      {
        "price": 0.9835,
        "longCountPercent": 0,
        "shortCountPercent": 0.45
      },
      {
        "price": 0.9845,
        "longCountPercent": 0,
        "shortCountPercent": 1.34
      },
      {
        "price": 0.9855,
        "longCountPercent": 0,
        "shortCountPercent": 0.45
      },
      {
        "price": 0.987,
        "longCountPercent": 0.45,
        "shortCountPercent": 0
      },
      {
        "price": 0.9875,
        "longCountPercent": 0,
        "shortCountPercent": 0.45
      },
      {
        "price": 0.99,
        "longCountPercent": 0,
        "shortCountPercent": 0.45
      },
      {
        "price": 0.9925,
        "longCountPercent": 0,
        "shortCountPercent": 0.45
      },
      {
        "price": 0.9935,
        "longCountPercent": 0,
        "shortCountPercent": 0.45
      },
      {
        "price": 0.9975,
        "longCountPercent": 0,
        "shortCountPercent": 0.45
      },
      {
        "price": 0.998,
        "longCountPercent": 0.45,
        "shortCountPercent": 0
      },
      {
        "price": 0.9985,
        "longCountPercent": 0,
        "shortCountPercent": 0.45
      },
      {
        "price": 0.999,
        "longCountPercent": 0,
        "shortCountPercent": 0.45
      },
      {
        "price": 1.0035,
        "longCountPercent": 0,
        "shortCountPercent": 0.45
      },
      {
        "price": 1.01,
        "longCountPercent": 0,
        "shortCountPercent": 0.45
      },
      {
        "price": 1.013,
        "longCountPercent": 0,
        "shortCountPercent": 0.45
      },
      {
        "price": 1.0155,
        "longCountPercent": 0,
        "shortCountPercent": 0.45
      },
      {
        "price": 1.0215,
        "longCountPercent": 0.45,
        "shortCountPercent": 0
      },
      {
        "price": 1.0275,
        "longCountPercent": 0,
        "shortCountPercent": 0.45
      },
      {
        "price": 1.031,
        "longCountPercent": 0,
        "shortCountPercent": 0.45
      },
      {
        "price": 1.047,
        "longCountPercent": 0,
        "shortCountPercent": 0.45
      },
      {
        "price": 1.0505,
        "longCountPercent": 0,
        "shortCountPercent": 0.45
      },
      {
        "price": 1.056,
        "longCountPercent": 0,
        "shortCountPercent": 0.45
      },
      {
        "price": 1.0585,
        "longCountPercent": 0,
        "shortCountPercent": 0.45
      },
      {
        "price": 1.0645,
        "longCountPercent": 0,
        "shortCountPercent": 0.45
      },
      {
        "price": 1.0655,
        "longCountPercent": 0,
        "shortCountPercent": 0.45
      },
      {
        "price": 1.066,
        "longCountPercent": 0,
        "shortCountPercent": 1.34
      },
      {
        "price": 1.0665,
        "longCountPercent": 0.45,
        "shortCountPercent": 0.9
      },
      {
        "price": 1.0675,
        "longCountPercent": 0,
        "shortCountPercent": 0.45
      },
      {
        "price": 1.072,
        "longCountPercent": 0,
        "shortCountPercent": 0.45
      },
      {
        "price": 1.076,
        "longCountPercent": 0,
        "shortCountPercent": 0.45
      },
      {
        "price": 1.0785,
        "longCountPercent": 0,
        "shortCountPercent": 0.45
      },
      {
        "price": 1.08,
        "longCountPercent": 0,
        "shortCountPercent": 0.45
      },
      {
        "price": 1.0845,
        "longCountPercent": 0,
        "shortCountPercent": 0.45
      },
      {
        "price": 1.089,
        "longCountPercent": 0.45,
        "shortCountPercent": 0
      },
      {
        "price": 1.0905,
        "longCountPercent": 0,
        "shortCountPercent": 0.9
      },
      {
        "price": 1.091,
        "longCountPercent": 0,
        "shortCountPercent": 0.45
      },
      {
        "price": 1.0965,
        "longCountPercent": 0,
        "shortCountPercent": 0.45
      },
      {
        "price": 1.0975,
        "longCountPercent": 0,
        "shortCountPercent": 0.9
      },
      {
        "price": 1.098,
        "longCountPercent": 0,
        "shortCountPercent": 0.45
      },
      {
        "price": 1.1,
        "longCountPercent": 0,
        "shortCountPercent": 0.45
      },
      {
        "price": 1.102,
        "longCountPercent": 0.45,
        "shortCountPercent": 0
      },
      {
        "price": 1.103,
        "longCountPercent": 0,
        "shortCountPercent": 0.45
      },
      {
        "price": 1.1085,
        "longCountPercent": 0,
        "shortCountPercent": 0.45
      },
      {
        "price": 1.115,
        "longCountPercent": 0.45,
        "shortCountPercent": 0.45
      },
      {
        "price": 1.1155,
        "longCountPercent": 0,
        "shortCountPercent": 0.9
      },
      {
        "price": 1.116,
        "longCountPercent": 0,
        "shortCountPercent": 0.9
      },
      {
        "price": 1.119,
        "longCountPercent": 0.45,
        "shortCountPercent": 0
      },
      {
        "price": 1.1205,
        "longCountPercent": 0,
        "shortCountPercent": 0.45
      },
      {
        "price": 1.1215,
        "longCountPercent": 0,
        "shortCountPercent": 0.45
      },
      {
        "price": 1.1225,
        "longCountPercent": 0,
        "shortCountPercent": 0.45
      },
      {
        "price": 1.1255,
        "longCountPercent": 0,
        "shortCountPercent": 0.45
      },
      {
        "price": 1.1275,
        "longCountPercent": 0,
        "shortCountPercent": 0.45
      },
      {
        "price": 1.1295,
        "longCountPercent": 0,
        "shortCountPercent": 0.45
      },
      {
        "price": 1.13,
        "longCountPercent": 0,
        "shortCountPercent": 0.45
      },
      {
        "price": 1.134,
        "longCountPercent": 0,
        "shortCountPercent": 0.45
      },
      {
        "price": 1.135,
        "longCountPercent": 0,
        "shortCountPercent": 0.45
      },
      {
        "price": 1.1355,
        "longCountPercent": 0,
        "shortCountPercent": 0.45
      },
      {
        "price": 1.137,
        "longCountPercent": 0,
        "shortCountPercent": 0.45
      },
      {
        "price": 1.138,
        "longCountPercent": 0,
        "shortCountPercent": 0.45
      },
      {
        "price": 1.143,
        "longCountPercent": 0,
        "shortCountPercent": 0.45
      },
      {
        "price": 1.1435,
        "longCountPercent": 0,
        "shortCountPercent": 0.45
      },
      {
        "price": 1.144,
        "longCountPercent": 0,
        "shortCountPercent": 0.9
      },
      {
        "price": 1.1455,
        "longCountPercent": 0,
        "shortCountPercent": 0.9
      },
      {
        "price": 1.152,
        "longCountPercent": 0,
        "shortCountPercent": 0.45
      },
      {
        "price": 1.1525,
        "longCountPercent": 0,
        "shortCountPercent": 0.45
      },
      {
        "price": 1.154,
        "longCountPercent": 0,
        "shortCountPercent": 0.9
      },
      {
        "price": 1.1565,
        "longCountPercent": 0,
        "shortCountPercent": 0.45
      },
      {
        "price": 1.161,
        "longCountPercent": 0,
        "shortCountPercent": 0.45
      },
      {
        "price": 1.1655,
        "longCountPercent": 0,
        "shortCountPercent": 0.45
      },
      {
        "price": 1.171,
        "longCountPercent": 0,
        "shortCountPercent": 0.45
      },
      {
        "price": 1.1745,
        "longCountPercent": 0,
        "shortCountPercent": 0.45
      },
      {
        "price": 1.1835,
        "longCountPercent": 0.45,
        "shortCountPercent": 0
      },
      {
        "price": 1.1945,
        "longCountPercent": 0.45,
        "shortCountPercent": 0
      },
      {
        "price": 1.1955,
        "longCountPercent": 0,
        "shortCountPercent": 0.45
      },
      {
        "price": 1.1995,
        "longCountPercent": 0,
        "shortCountPercent": 0.45
      },
      {
        "price": 1.201,
        "longCountPercent": 0.45,
        "shortCountPercent": 0.9
      },
      {
        "price": 1.2015,
        "longCountPercent": 0,
        "shortCountPercent": 1.79
      },
      {
        "price": 1.202,
        "longCountPercent": 0,
        "shortCountPercent": 0.45
      },
      {
        "price": 1.203,
        "longCountPercent": 0,
        "shortCountPercent": 1.79
      },
      {
        "price": 1.2035,
        "longCountPercent": 0,
        "shortCountPercent": 1.34
      },
      {
        "price": 1.204,
        "longCountPercent": 0,
        "shortCountPercent": 0.45
      },
      {
        "price": 1.2045,
        "longCountPercent": 0.9,
        "shortCountPercent": 0
      },
      {
        "price": 1.205,
        "longCountPercent": 0,
        "shortCountPercent": 0.45
      },
      {
        "price": 1.2055,
        "longCountPercent": 0,
        "shortCountPercent": 0.45
      },
      {
        "price": 1.206,
        "longCountPercent": 0,
        "shortCountPercent": 0.45
      },
      {
        "price": 1.2065,
        "longCountPercent": 0,
        "shortCountPercent": 0.45
      },
      {
        "price": 1.207,
        "longCountPercent": 0.45,
        "shortCountPercent": 0.45
      },
      {
        "price": 1.2075,
        "longCountPercent": 0,
        "shortCountPercent": 0.9
      },
      {
        "price": 1.208,
        "longCountPercent": 1.34,
        "shortCountPercent": 0.45
      },
      {
        "price": 1.2085,
        "longCountPercent": 0,
        "shortCountPercent": 0.9
      },
      {
        "price": 1.209,
        "longCountPercent": 0,
        "shortCountPercent": 0.45
      },
      {
        "price": 1.2095,
        "longCountPercent": 1.34,
        "shortCountPercent": 0.45
      },
      {
        "price": 1.21,
        "longCountPercent": 0,
        "shortCountPercent": 0.45
      },
      {
        "price": 1.2105,
        "longCountPercent": 0.45,
        "shortCountPercent": 1.34
      },
      {
        "price": 1.211,
        "longCountPercent": 0,
        "shortCountPercent": 0.9
      },
      {
        "price": 1.2115,
        "longCountPercent": 0.45,
        "shortCountPercent": 0.9
      },
      {
        "price": 1.212,
        "longCountPercent": 0.45,
        "shortCountPercent": 0.45
      },
      {
        "price": 1.2125,
        "longCountPercent": 0,
        "shortCountPercent": 1.79
      },
      {
        "price": 1.2135,
        "longCountPercent": 0.45,
        "shortCountPercent": 2.69
      },
      {
        "price": 1.214,
        "longCountPercent": 0,
        "shortCountPercent": 2.24
      },
      {
        "price": 1.2155,
        "longCountPercent": 0.45,
        "shortCountPercent": 0.9
      },
      {
        "price": 1.216,
        "longCountPercent": 0,
        "shortCountPercent": 0.45
      },
      {
        "price": 1.2165,
        "longCountPercent": 0,
        "shortCountPercent": 0.45
      },
      {
        "price": 1.217,
        "longCountPercent": 0,
        "shortCountPercent": 0.45
      },
      {
        "price": 1.2175,
        "longCountPercent": 0,
        "shortCountPercent": 0.9
      },
      {
        "price": 1.218,
        "longCountPercent": 0,
        "shortCountPercent": 1.34
      },
      {
        "price": 1.2185,
        "longCountPercent": 0,
        "shortCountPercent": 0.45
      },
      {
        "price": 1.219,
        "longCountPercent": 0.9,
        "shortCountPercent": 0
      },
      {
        "price": 1.2195,
        "longCountPercent": 0,
        "shortCountPercent": 0.45
      },
      {
        "price": 1.2205,
        "longCountPercent": 0,
        "shortCountPercent": 0.45
      },
      {
        "price": 1.224,
        "longCountPercent": 0,
        "shortCountPercent": 0.45
      },
      {
        "price": 1.2245,
        "longCountPercent": 0.45,
        "shortCountPercent": 0.45
      },
      {
        "price": 1.225,
        "longCountPercent": 0,
        "shortCountPercent": 0.45
      },
      {
        "price": 1.226,
        "longCountPercent": 0.45,
        "shortCountPercent": 0.45
      },
      {
        "price": 1.227,
        "longCountPercent": 0.45,
        "shortCountPercent": 0
      },
      {
        "price": 1.2275,
        "longCountPercent": 0.45,
        "shortCountPercent": 0.9
      },
      {
        "price": 1.228,
        "longCountPercent": 0,
        "shortCountPercent": 0.9
      },
      {
        "price": 1.2285,
        "longCountPercent": 0.45,
        "shortCountPercent": 0
      },
      {
        "price": 1.229,
        "longCountPercent": 0.9,
        "shortCountPercent": 0
      },
      {
        "price": 1.2295,
        "longCountPercent": 0,
        "shortCountPercent": 0.45
      },
      {
        "price": 1.23,
        "longCountPercent": 0.45,
        "shortCountPercent": 0.9
      },
      {
        "price": 1.2305,
        "longCountPercent": 0,
        "shortCountPercent": 0.45
      },
      {
        "price": 1.231,
        "longCountPercent": 0.45,
        "shortCountPercent": 0.9
      },
      {
        "price": 1.2315,
        "longCountPercent": 0.45,
        "shortCountPercent": 0.45
      },
      {
        "price": 1.232,
        "longCountPercent": 0.45,
        "shortCountPercent": 0
      },
      {
        "price": 1.233,
        "longCountPercent": 0.45,
        "shortCountPercent": 0
      },
      {
        "price": 1.2335,
        "longCountPercent": 0.45,
        "shortCountPercent": 1.34
      },
      {
        "price": 1.2345,
        "longCountPercent": 0.9,
        "shortCountPercent": 0
      },
      {
        "price": 1.235,
        "longCountPercent": 0,
        "shortCountPercent": 0.9
      },
      {
        "price": 1.2355,
        "longCountPercent": 1.34,
        "shortCountPercent": 0
      },
      {
        "price": 1.236,
        "longCountPercent": 0,
        "shortCountPercent": 0.45
      },
      {
        "price": 1.237,
        "longCountPercent": 0.45,
        "shortCountPercent": 0.9
      },
      {
        "price": 1.2375,
        "longCountPercent": 0,
        "shortCountPercent": 0.45
      },
      {
        "price": 1.238,
        "longCountPercent": 0.45,
        "shortCountPercent": 0.9
      },
      {
        "price": 1.2385,
        "longCountPercent": 0,
        "shortCountPercent": 0.45
      },
      {
        "price": 1.239,
        "longCountPercent": 0.45,
        "shortCountPercent": 0
      },
      {
        "price": 1.2395,
        "longCountPercent": 0.45,
        "shortCountPercent": 0
      },
      {
        "price": 1.24,
        "longCountPercent": 0,
        "shortCountPercent": 1.34
      },
      {
        "price": 1.2405,
        "longCountPercent": 0.45,
        "shortCountPercent": 0.45
      },
      {
        "price": 1.241,
        "longCountPercent": 0.9,
        "shortCountPercent": 0.9
      },
      {
        "price": 1.242,
        "longCountPercent": 0,
        "shortCountPercent": 1.34
      },
      {
        "price": 1.2425,
        "longCountPercent": 0,
        "shortCountPercent": 0.45
      },
      {
        "price": 1.243,
        "longCountPercent": 0,
        "shortCountPercent": 0.9
      },
      {
        "price": 1.2435,
        "longCountPercent": 0.9,
        "shortCountPercent": 0
      },
      {
        "price": 1.244,
        "longCountPercent": 1.79,
        "shortCountPercent": 0.45
      },
      {
        "price": 1.2445,
        "longCountPercent": 2.24,
        "shortCountPercent": 0.45
      },
      {
        "price": 1.245,
        "longCountPercent": 0.45,
        "shortCountPercent": 1.34
      },
      {
        "price": 1.2455,
        "longCountPercent": 0.45,
        "shortCountPercent": 0.45
      },
      {
        "price": 1.246,
        "longCountPercent": 0,
        "shortCountPercent": 0.9
      },
      {
        "price": 1.2465,
        "longCountPercent": 0.9,
        "shortCountPercent": 0.45
      },
      {
        "price": 1.247,
        "longCountPercent": 0,
        "shortCountPercent": 1.79
      },
      {
        "price": 1.2475,
        "longCountPercent": 0.45,
        "shortCountPercent": 3.14
      },
      {
        "price": 1.248,
        "longCountPercent": 1.79,
        "shortCountPercent": 1.79
      },
      {
        "price": 1.2485,
        "longCountPercent": 0.9,
        "shortCountPercent": 1.34
      },
      {
        "price": 1.249,
        "longCountPercent": 0.9,
        "shortCountPercent": 0.9
      },
      {
        "price": 1.2495,
        "longCountPercent": 3.14,
        "shortCountPercent": 0.9
      },
      {
        "price": 1.25,
        "longCountPercent": 0.9,
        "shortCountPercent": 0.45
      },
      {
        "price": 1.2505,
        "longCountPercent": 1.34,
        "shortCountPercent": 0.45
      },
      {
        "price": 1.251,
        "longCountPercent": 0.45,
        "shortCountPercent": 0
      },
      {
        "price": 1.2515,
        "longCountPercent": 4.48,
        "shortCountPercent": 0
      },
      {
        "price": 1.252,
        "longCountPercent": 2.24,
        "shortCountPercent": 2.24
      },
      {
        "price": 1.2525,
        "longCountPercent": 0.9,
        "shortCountPercent": 1.34
      },
      {
        "price": 1.253,
        "longCountPercent": 0.9,
        "shortCountPercent": 1.34
      },
      {
        "price": 1.2535,
        "longCountPercent": 0,
        "shortCountPercent": 1.34
      },
      {
        "price": 1.254,
        "longCountPercent": 0.9,
        "shortCountPercent": 0.9
      },
      {
        "price": 1.2545,
        "longCountPercent": 1.34,
        "shortCountPercent": 0.9
      },
      {
        "price": 1.255,
        "longCountPercent": 0,
        "shortCountPercent": 1.34
      },
      {
        "price": 1.2555,
        "longCountPercent": 0.45,
        "shortCountPercent": 0.45
      },
      {
        "price": 1.256,
        "longCountPercent": 2.24,
        "shortCountPercent": 1.79
      },
      {
        "price": 1.2565,
        "longCountPercent": 2.69,
        "shortCountPercent": 0
      },
      {
        "price": 1.257,
        "longCountPercent": 3.14,
        "shortCountPercent": 0.9
      },
      {
        "price": 1.2575,
        "longCountPercent": 0.9,
        "shortCountPercent": 2.24
      },
      {
        "price": 1.258,
        "longCountPercent": 1.34,
        "shortCountPercent": 1.79
      },
      {
        "price": 1.2585,
        "longCountPercent": 0.45,
        "shortCountPercent": 0.9
      },
      {
        "price": 1.259,
        "longCountPercent": 2.24,
        "shortCountPercent": 1.34
      },
      {
        "price": 1.2595,
        "longCountPercent": 3.14,
        "shortCountPercent": 0.45
      },
      {
        "price": 1.26,
        "longCountPercent": 0.45,
        "shortCountPercent": 0.9
      },
      {
        "price": 1.2605,
        "longCountPercent": 0.9,
        "shortCountPercent": 0.45
      },
      {
        "price": 1.261,
        "longCountPercent": 0,
        "shortCountPercent": 0.45
      },
      {
        "price": 1.2615,
        "longCountPercent": 0.9,
        "shortCountPercent": 0
      },
      {
        "price": 1.262,
        "longCountPercent": 0.9,
        "shortCountPercent": 0
      },
      {
        "price": 1.2625,
        "longCountPercent": 0.45,
        "shortCountPercent": 1.34
      },
      {
        "price": 1.263,
        "longCountPercent": 0.9,
        "shortCountPercent": 0.45
      },
      {
        "price": 1.2635,
        "longCountPercent": 0.9,
        "shortCountPercent": 0.9
      },
      {
        "price": 1.264,
        "longCountPercent": 0.45,
        "shortCountPercent": 2.69
      },
      {
        "price": 1.2645,
        "longCountPercent": 0,
        "shortCountPercent": 0.45
      },
      {
        "price": 1.265,
        "longCountPercent": 2.24,
        "shortCountPercent": 0
      },
      {
        "price": 1.2655,
        "longCountPercent": 2.69,
        "shortCountPercent": 0.9
      },
      {
        "price": 1.266,
        "longCountPercent": 1.34,
        "shortCountPercent": 0.9
      },
      {
        "price": 1.2665,
        "longCountPercent": 0.45,
        "shortCountPercent": 0.9
      },
      {
        "price": 1.267,
        "longCountPercent": 1.34,
        "shortCountPercent": 1.34
      },
      {
        "price": 1.2675,
        "longCountPercent": 0.45,
        "shortCountPercent": 1.79
      },
      {
        "price": 1.268,
        "longCountPercent": 0.9,
        "shortCountPercent": 0.9
      },
      {
        "price": 1.2685,
        "longCountPercent": 1.34,
        "shortCountPercent": 0
      },
      {
        "price": 1.269,
        "longCountPercent": 0.45,
        "shortCountPercent": 0.45
      },
      {
        "price": 1.2695,
        "longCountPercent": 0.9,
        "shortCountPercent": 1.34
      },
      {
        "price": 1.27,
        "longCountPercent": 0.45,
        "shortCountPercent": 2.24
      },
      {
        "price": 1.2705,
        "longCountPercent": 1.34,
        "shortCountPercent": 0.9
      },
      {
        "price": 1.271,
        "longCountPercent": 0,
        "shortCountPercent": 0.9
      },
      {
        "price": 1.2715,
        "longCountPercent": 0.45,
        "shortCountPercent": 1.79
      },
      {
        "price": 1.272,
        "longCountPercent": 0.45,
        "shortCountPercent": 1.34
      },
      {
        "price": 1.2725,
        "longCountPercent": 0.9,
        "shortCountPercent": 1.34
      },
      {
        "price": 1.273,
        "longCountPercent": 1.79,
        "shortCountPercent": 1.34
      },
      {
        "price": 1.2735,
        "longCountPercent": 0.45,
        "shortCountPercent": 0
      },
      {
        "price": 1.274,
        "longCountPercent": 1.79,
        "shortCountPercent": 3.14
      },
      {
        "price": 1.2745,
        "longCountPercent": 0.9,
        "shortCountPercent": 0.9
      },
      {
        "price": 1.275,
        "longCountPercent": 0.9,
        "shortCountPercent": 2.24
      },
      {
        "price": 1.2755,
        "longCountPercent": 0.9,
        "shortCountPercent": 2.24
      },
      {
        "price": 1.276,
        "longCountPercent": 0.45,
        "shortCountPercent": 1.79
      },
      {
        "price": 1.2765,
        "longCountPercent": 1.34,
        "shortCountPercent": 0.9
      },
      {
        "price": 1.277,
        "longCountPercent": 0.45,
        "shortCountPercent": 2.24
      },
      {
        "price": 1.2775,
        "longCountPercent": 1.34,
        "shortCountPercent": 1.34
      },
      {
        "price": 1.278,
        "longCountPercent": 0.45,
        "shortCountPercent": 1.79
      },
      {
        "price": 1.2785,
        "longCountPercent": 0,
        "shortCountPercent": 0.9
      },
      {
        "price": 1.279,
        "longCountPercent": 0.9,
        "shortCountPercent": 1.34
      },
      {
        "price": 1.2795,
        "longCountPercent": 0.45,
        "shortCountPercent": 0.9
      },
      {
        "price": 1.28,
        "longCountPercent": 0.9,
        "shortCountPercent": 4.48
      },
      {
        "price": 1.2805,
        "longCountPercent": 0.45,
        "shortCountPercent": 0.9
      },
      {
        "price": 1.281,
        "longCountPercent": 0.45,
        "shortCountPercent": 1.34
      },
      {
        "price": 1.2815,
        "longCountPercent": 0,
        "shortCountPercent": 1.79
      },
      {
        "price": 1.282,
        "longCountPercent": 2.69,
        "shortCountPercent": 0.9
      },
      {
        "price": 1.2825,
        "longCountPercent": 0,
        "shortCountPercent": 0.9
      },
      {
        "price": 1.283,
        "longCountPercent": 0.45,
        "shortCountPercent": 1.34
      },
      {
        "price": 1.2835,
        "longCountPercent": 0,
        "shortCountPercent": 1.34
      },
      {
        "price": 1.284,
        "longCountPercent": 0.9,
        "shortCountPercent": 2.69
      },
      {
        "price": 1.2845,
        "longCountPercent": 2.24,
        "shortCountPercent": 2.69
      },
      {
        "price": 1.285,
        "longCountPercent": 0.45,
        "shortCountPercent": 2.69
      },
      {
        "price": 1.2855,
        "longCountPercent": 1.34,
        "shortCountPercent": 0.9
      },
      {
        "price": 1.286,
        "longCountPercent": 1.34,
        "shortCountPercent": 2.24
      },
      {
        "price": 1.2865,
        "longCountPercent": 0.45,
        "shortCountPercent": 0.45
      },
      {
        "price": 1.287,
        "longCountPercent": 1.79,
        "shortCountPercent": 3.14
      },
      {
        "price": 1.2875,
        "longCountPercent": 0.9,
        "shortCountPercent": 1.34
      },
      {
        "price": 1.288,
        "longCountPercent": 0.9,
        "shortCountPercent": 1.79
      },
      {
        "price": 1.2885,
        "longCountPercent": 0,
        "shortCountPercent": 1.34
      },
      {
        "price": 1.289,
        "longCountPercent": 0,
        "shortCountPercent": 1.34
      },
      {
        "price": 1.2895,
        "longCountPercent": 0.45,
        "shortCountPercent": 0
      },
      {
        "price": 1.29,
        "longCountPercent": 0.9,
        "shortCountPercent": 3.14
      },
      {
        "price": 1.2905,
        "longCountPercent": 0,
        "shortCountPercent": 0.45
      },
      {
        "price": 1.291,
        "longCountPercent": 1.34,
        "shortCountPercent": 0.9
      },
      {
        "price": 1.2915,
        "longCountPercent": 1.34,
        "shortCountPercent": 0.9
      },
      {
        "price": 1.292,
        "longCountPercent": 0,
        "shortCountPercent": 0.9
      },
      {
        "price": 1.2925,
        "longCountPercent": 0.9,
        "shortCountPercent": 1.34
      },
      {
        "price": 1.293,
        "longCountPercent": 0,
        "shortCountPercent": 0.45
      },
      {
        "price": 1.2935,
        "longCountPercent": 0.45,
        "shortCountPercent": 0.9
      },
      {
        "price": 1.294,
        "longCountPercent": 0.9,
        "shortCountPercent": 0
      },
      {
        "price": 1.2945,
        "longCountPercent": 0.45,
        "shortCountPercent": 0
      },
      {
        "price": 1.295,
        "longCountPercent": 0.9,
        "shortCountPercent": 1.34
      },
      {
        "price": 1.2955,
        "longCountPercent": 0.45,
        "shortCountPercent": 2.24
      },
      {
        "price": 1.296,
        "longCountPercent": 1.79,
        "shortCountPercent": 1.34
      },
      {
        "price": 1.2965,
        "longCountPercent": 1.79,
        "shortCountPercent": 1.79
      },
      {
        "price": 1.297,
        "longCountPercent": 0.9,
        "shortCountPercent": 0.9
      },
      {
        "price": 1.2975,
        "longCountPercent": 0,
        "shortCountPercent": 1.34
      },
      {
        "price": 1.298,
        "longCountPercent": 0.45,
        "shortCountPercent": 0.9
      },
      {
        "price": 1.2985,
        "longCountPercent": 0.9,
        "shortCountPercent": 1.34
      },
      {
        "price": 1.299,
        "longCountPercent": 0,
        "shortCountPercent": 1.79
      },
      {
        "price": 1.2995,
        "longCountPercent": 0.45,
        "shortCountPercent": 0
      },
      {
        "price": 1.3,
        "longCountPercent": 0.45,
        "shortCountPercent": 1.79
      },
      {
        "price": 1.3005,
        "longCountPercent": 0,
        "shortCountPercent": 0.45
      },
      {
        "price": 1.301,
        "longCountPercent": 0,
        "shortCountPercent": 0.45
      },
      {
        "price": 1.302,
        "longCountPercent": 0,
        "shortCountPercent": 0.45
      },
      {
        "price": 1.3025,
        "longCountPercent": 0.45,
        "shortCountPercent": 0
      },
      {
        "price": 1.303,
        "longCountPercent": 1.34,
        "shortCountPercent": 0.45
      },
      {
        "price": 1.3035,
        "longCountPercent": 0.9,
        "shortCountPercent": 1.79
      },
      {
        "price": 1.304,
        "longCountPercent": 0.45,
        "shortCountPercent": 0
      },
      {
        "price": 1.3045,
        "longCountPercent": 0,
        "shortCountPercent": 0.9
      },
      {
        "price": 1.305,
        "longCountPercent": 0.9,
        "shortCountPercent": 0.9
      },
      {
        "price": 1.3055,
        "longCountPercent": 0.45,
        "shortCountPercent": 0
      },
      {
        "price": 1.306,
        "longCountPercent": 0.45,
        "shortCountPercent": 1.34
      },
      {
        "price": 1.3065,
        "longCountPercent": 0.9,
        "shortCountPercent": 1.34
      },
      {
        "price": 1.307,
        "longCountPercent": 0.9,
        "shortCountPercent": 0.9
      },
      {
        "price": 1.3075,
        "longCountPercent": 0,
        "shortCountPercent": 0.9
      },
      {
        "price": 1.308,
        "longCountPercent": 0,
        "shortCountPercent": 0.9
      },
      {
        "price": 1.3085,
        "longCountPercent": 0,
        "shortCountPercent": 2.69
      },
      {
        "price": 1.309,
        "longCountPercent": 0.45,
        "shortCountPercent": 0
      },
      {
        "price": 1.3095,
        "longCountPercent": 0.45,
        "shortCountPercent": 1.34
      },
      {
        "price": 1.31,
        "longCountPercent": 0,
        "shortCountPercent": 2.24
      },
      {
        "price": 1.3105,
        "longCountPercent": 0,
        "shortCountPercent": 1.34
      },
      {
        "price": 1.311,
        "longCountPercent": 1.79,
        "shortCountPercent": 0.9
      },
      {
        "price": 1.3115,
        "longCountPercent": 0,
        "shortCountPercent": 2.24
      },
      {
        "price": 1.312,
        "longCountPercent": 0,
        "shortCountPercent": 1.79
      },
      {
        "price": 1.3125,
        "longCountPercent": 0.45,
        "shortCountPercent": 2.69
      },
      {
        "price": 1.313,
        "longCountPercent": 1.34,
        "shortCountPercent": 2.24
      },
      {
        "price": 1.3135,
        "longCountPercent": 0,
        "shortCountPercent": 0.9
      },
      {
        "price": 1.314,
        "longCountPercent": 0.45,
        "shortCountPercent": 2.24
      },
      {
        "price": 1.3145,
        "longCountPercent": 0,
        "shortCountPercent": 0.9
      },
      {
        "price": 1.315,
        "longCountPercent": 1.34,
        "shortCountPercent": 2.24
      },
      {
        "price": 1.3155,
        "longCountPercent": 1.34,
        "shortCountPercent": 3.14
      },
      {
        "price": 1.316,
        "longCountPercent": 0.9,
        "shortCountPercent": 4.48
      },
      {
        "price": 1.3165,
        "longCountPercent": 0.9,
        "shortCountPercent": 0.9
      },
      {
        "price": 1.317,
        "longCountPercent": 3.59,
        "shortCountPercent": 2.69
      },
      {
        "price": 1.3175,
        "longCountPercent": 1.34,
        "shortCountPercent": 3.14
      },
      {
        "price": 1.318,
        "longCountPercent": 1.34,
        "shortCountPercent": 2.69
      },
      {
        "price": 1.3185,
        "longCountPercent": 1.34,
        "shortCountPercent": 0
      },
      {
        "price": 1.319,
        "longCountPercent": 3.59,
        "shortCountPercent": 4.03
      },
      {
        "price": 1.3195,
        "longCountPercent": 1.79,
        "shortCountPercent": 1.34
      },
      {
        "price": 1.32,
        "longCountPercent": 1.34,
        "shortCountPercent": 3.14
      },
      {
        "price": 1.3205,
        "longCountPercent": 2.24,
        "shortCountPercent": 4.48
      },
      {
        "price": 1.321,
        "longCountPercent": 2.69,
        "shortCountPercent": 1.79
      },
      {
        "price": 1.3215,
        "longCountPercent": 2.24,
        "shortCountPercent": 0
      },
      {
        "price": 1.322,
        "longCountPercent": 2.69,
        "shortCountPercent": 2.69
      },
      {
        "price": 1.3225,
        "longCountPercent": 0.45,
        "shortCountPercent": 1.34
      },
      {
        "price": 1.323,
        "longCountPercent": 1.34,
        "shortCountPercent": 0.9
      },
      {
        "price": 1.3235,
        "longCountPercent": 2.24,
        "shortCountPercent": 2.24
      },
      {
        "price": 1.324,
        "longCountPercent": 4.03,
        "shortCountPercent": 3.59
      },
      {
        "price": 1.3245,
        "longCountPercent": 1.79,
        "shortCountPercent": 4.03
      },
      {
        "price": 1.325,
        "longCountPercent": 0.9,
        "shortCountPercent": 4.03
      },
      {
        "price": 1.3255,
        "longCountPercent": 1.79,
        "shortCountPercent": 4.48
      },
      {
        "price": 1.326,
        "longCountPercent": 0.9,
        "shortCountPercent": 4.03
      },
      {
        "price": 1.3265,
        "longCountPercent": 1.79,
        "shortCountPercent": 3.59
      },
      {
        "price": 1.327,
        "longCountPercent": 0.9,
        "shortCountPercent": 3.14
      },
      {
        "price": 1.3275,
        "longCountPercent": 1.34,
        "shortCountPercent": 4.48
      },
      {
        "price": 1.328,
        "longCountPercent": 2.69,
        "shortCountPercent": 6.28
      },
      {
        "price": 1.3285,
        "longCountPercent": 0.45,
        "shortCountPercent": 3.59
      },
      {
        "price": 1.329,
        "longCountPercent": 0.45,
        "shortCountPercent": 5.38
      },
      {
        "price": 1.3295,
        "longCountPercent": 1.34,
        "shortCountPercent": 5.83
      },
      {
        "price": 1.33,
        "longCountPercent": 0.45,
        "shortCountPercent": 7.17
      },
      {
        "price": 1.3305,
        "longCountPercent": 2.24,
        "shortCountPercent": 5.38
      },
      {
        "price": 1.331,
        "longCountPercent": 2.24,
        "shortCountPercent": 6.72
      },
      {
        "price": 1.3315,
        "longCountPercent": 0.45,
        "shortCountPercent": 6.28
      },
      {
        "price": 1.332,
        "longCountPercent": 1.34,
        "shortCountPercent": 10.76
      },
      {
        "price": 1.3325,
        "longCountPercent": 0.9,
        "shortCountPercent": 9.86
      },
      {
        "price": 1.333,
        "longCountPercent": 0.45,
        "shortCountPercent": 7.17
      },
      {
        "price": 1.3335,
        "longCountPercent": 0.9,
        "shortCountPercent": 10.31
      },
      {
        "price": 1.334,
        "longCountPercent": 1.34,
        "shortCountPercent": 11.21
      },
      {
        "price": 1.3345,
        "longCountPercent": 0.45,
        "shortCountPercent": 8.97
      },
      {
        "price": 1.335,
        "longCountPercent": 2.24,
        "shortCountPercent": 9.41
      },
      {
        "price": 1.3355,
        "longCountPercent": 3.14,
        "shortCountPercent": 12.1
      },
      {
        "price": 1.336,
        "longCountPercent": 2.24,
        "shortCountPercent": 10.31
      },
      {
        "price": 1.3365,
        "longCountPercent": 7.17,
        "shortCountPercent": 12.55
      },
      {
        "price": 1.337,
        "longCountPercent": 3.14,
        "shortCountPercent": 9.86
      },
      {
        "price": 1.3375,
        "longCountPercent": 3.14,
        "shortCountPercent": 11.21
      },
      {
        "price": 1.338,
        "longCountPercent": 2.24,
        "shortCountPercent": 13
      },
      {
        "price": 1.3385,
        "longCountPercent": 1.34,
        "shortCountPercent": 12.1
      },
      {
        "price": 1.339,
        "longCountPercent": 1.34,
        "shortCountPercent": 11.66
      },
      {
        "price": 1.3395,
        "longCountPercent": 1.34,
        "shortCountPercent": 11.66
      },
      {
        "price": 1.34,
        "longCountPercent": 4.03,
        "shortCountPercent": 12.1
      },
      {
        "price": 1.3405,
        "longCountPercent": 1.79,
        "shortCountPercent": 14.35
      },
      {
        "price": 1.341,
        "longCountPercent": 3.14,
        "shortCountPercent": 12.55
      },
      {
        "price": 1.3415,
        "longCountPercent": 2.24,
        "shortCountPercent": 12.55
      },
      {
        "price": 1.342,
        "longCountPercent": 2.24,
        "shortCountPercent": 17.48
      },
      {
        "price": 1.3425,
        "longCountPercent": 1.34,
        "shortCountPercent": 17.48
      },
      {
        "price": 1.343,
        "longCountPercent": 3.14,
        "shortCountPercent": 20.62
      },
      {
        "price": 1.3435,
        "longCountPercent": 2.69,
        "shortCountPercent": 18.83
      },
      {
        "price": 1.344,
        "longCountPercent": 1.79,
        "shortCountPercent": 21.52
      },
      {
        "price": 1.3445,
        "longCountPercent": 4.03,
        "shortCountPercent": 22.42
      },
      {
        "price": 1.345,
        "longCountPercent": 4.03,
        "shortCountPercent": 21.07
      },
      {
        "price": 1.3455,
        "longCountPercent": 2.24,
        "shortCountPercent": 25.11
      },
      {
        "price": 1.346,
        "longCountPercent": 7.62,
        "shortCountPercent": 19.73
      },
      {
        "price": 1.3465,
        "longCountPercent": 1.34,
        "shortCountPercent": 26.9
      },
      {
        "price": 1.347,
        "longCountPercent": 5.38,
        "shortCountPercent": 23.31
      },
      {
        "price": 1.3475,
        "longCountPercent": 4.93,
        "shortCountPercent": 22.86
      },
      {
        "price": 1.348,
        "longCountPercent": 3.14,
        "shortCountPercent": 24.66
      },
      {
        "price": 1.3485,
        "longCountPercent": 5.83,
        "shortCountPercent": 25.11
      },
      {
        "price": 1.349,
        "longCountPercent": 5.38,
        "shortCountPercent": 27.8
      },
      {
        "price": 1.3495,
        "longCountPercent": 4.48,
        "shortCountPercent": 24.21
      },
      {
        "price": 1.35,
        "longCountPercent": 3.59,
        "shortCountPercent": 31.83
      },
      {
        "price": 1.3505,
        "longCountPercent": 8.97,
        "shortCountPercent": 25.11
      },
      {
        "price": 1.351,
        "longCountPercent": 4.93,
        "shortCountPercent": 25.11
      },
      {
        "price": 1.3515,
        "longCountPercent": 5.38,
        "shortCountPercent": 24.66
      },
      {
        "price": 1.352,
        "longCountPercent": 3.59,
        "shortCountPercent": 30.49
      },
      {
        "price": 1.3525,
        "longCountPercent": 5.38,
        "shortCountPercent": 24.21
      },
      {
        "price": 1.353,
        "longCountPercent": 6.72,
        "shortCountPercent": 30.04
      },
      {
        "price": 1.3535,
        "longCountPercent": 5.38,
        "shortCountPercent": 26
      },
      {
        "price": 1.354,
        "longCountPercent": 4.48,
        "shortCountPercent": 30.93
      },
      {
        "price": 1.3545,
        "longCountPercent": 4.48,
        "shortCountPercent": 26.45
      },
      {
        "price": 1.355,
        "longCountPercent": 2.69,
        "shortCountPercent": 32.28
      },
      {
        "price": 1.3555,
        "longCountPercent": 4.03,
        "shortCountPercent": 31.38
      },
      {
        "price": 1.356,
        "longCountPercent": 5.83,
        "shortCountPercent": 30.04
      },
      {
        "price": 1.3565,
        "longCountPercent": 5.83,
        "shortCountPercent": 28.24
      },
      {
        "price": 1.357,
        "longCountPercent": 5.83,
        "shortCountPercent": 34.52
      },
      {
        "price": 1.3575,
        "longCountPercent": 8.97,
        "shortCountPercent": 34.07
      },
      {
        "price": 1.358,
        "longCountPercent": 6.72,
        "shortCountPercent": 31.38
      },
      {
        "price": 1.3585,
        "longCountPercent": 4.93,
        "shortCountPercent": 28.69
      },
      {
        "price": 1.359,
        "longCountPercent": 8.07,
        "shortCountPercent": 28.24
      },
      {
        "price": 1.3595,
        "longCountPercent": 8.52,
        "shortCountPercent": 26
      },
      {
        "price": 1.36,
        "longCountPercent": 5.83,
        "shortCountPercent": 39
      },
      {
        "price": 1.3605,
        "longCountPercent": 8.97,
        "shortCountPercent": 28.24
      },
      {
        "price": 1.361,
        "longCountPercent": 3.59,
        "shortCountPercent": 26
      },
      {
        "price": 1.3615,
        "longCountPercent": 4.03,
        "shortCountPercent": 27.8
      },
      {
        "price": 1.362,
        "longCountPercent": 4.03,
        "shortCountPercent": 28.24
      },
      {
        "price": 1.3625,
        "longCountPercent": 6.28,
        "shortCountPercent": 27.8
      },
      {
        "price": 1.363,
        "longCountPercent": 7.17,
        "shortCountPercent": 26.45
      },
      {
        "price": 1.3635,
        "longCountPercent": 5.38,
        "shortCountPercent": 27.8
      },
      {
        "price": 1.364,
        "longCountPercent": 4.48,
        "shortCountPercent": 34.52
      },
      {
        "price": 1.3645,
        "longCountPercent": 3.59,
        "shortCountPercent": 25.11
      },
      {
        "price": 1.365,
        "longCountPercent": 6.28,
        "shortCountPercent": 34.52
      },
      {
        "price": 1.3655,
        "longCountPercent": 5.38,
        "shortCountPercent": 22.42
      },
      {
        "price": 1.366,
        "longCountPercent": 4.48,
        "shortCountPercent": 19.73
      },
      {
        "price": 1.3665,
        "longCountPercent": 4.48,
        "shortCountPercent": 28.24
      },
      {
        "price": 1.367,
        "longCountPercent": 4.93,
        "shortCountPercent": 29.14
      },
      {
        "price": 1.3675,
        "longCountPercent": 5.38,
        "shortCountPercent": 24.21
      },
      {
        "price": 1.368,
        "longCountPercent": 4.93,
        "shortCountPercent": 25.55
      },
      {
        "price": 1.3685,
        "longCountPercent": 6.28,
        "shortCountPercent": 23.76
      },
      {
        "price": 1.369,
        "longCountPercent": 3.14,
        "shortCountPercent": 29.14
      },
      {
        "price": 1.3695,
        "longCountPercent": 9.41,
        "shortCountPercent": 28.24
      },
      {
        "price": 1.37,
        "longCountPercent": 5.38,
        "shortCountPercent": 25.11
      },
      {
        "price": 1.3705,
        "longCountPercent": 1.79,
        "shortCountPercent": 20.62
      },
      {
        "price": 1.371,
        "longCountPercent": 5.38,
        "shortCountPercent": 25.55
      },
      {
        "price": 1.3715,
        "longCountPercent": 7.17,
        "shortCountPercent": 26
      },
      {
        "price": 1.372,
        "longCountPercent": 1.79,
        "shortCountPercent": 24.21
      },
      {
        "price": 1.3725,
        "longCountPercent": 7.62,
        "shortCountPercent": 30.93
      },
      {
        "price": 1.373,
        "longCountPercent": 13,
        "shortCountPercent": 34.52
      },
      {
        "price": 1.3735,
        "longCountPercent": 23.76,
        "shortCountPercent": 42.59
      },
      {
        "price": 1.374,
        "longCountPercent": 24.21,
        "shortCountPercent": 57.38
      },
      {
        "price": 1.3745,
        "longCountPercent": 80.25,
        "shortCountPercent": 78.45
      },
      {
        "price": 1.375,
        "longCountPercent": 52.9,
        "shortCountPercent": 67.69
      },
      {
        "price": 1.3755,
        "longCountPercent": 63.21,
        "shortCountPercent": 87.42
      },
      {
        "price": 1.376,
        "longCountPercent": 79.8,
        "shortCountPercent": 99.97
      },
      {
        "price": 1.3765,
        "longCountPercent": 108.94,
        "shortCountPercent": 130.91
      },
      {
        "price": 1.377,
        "longCountPercent": 131.8,
        "shortCountPercent": 169.91
      },
      {
        "price": 1.3775,
        "longCountPercent": 141.67,
        "shortCountPercent": 117.91
      },
      {
        "price": 1.378,
        "longCountPercent": 94.15,
        "shortCountPercent": 73.97
      },
      {
        "price": 1.3785,
        "longCountPercent": 102.66,
        "shortCountPercent": 69.49
      },
      {
        "price": 1.379,
        "longCountPercent": 96.83,
        "shortCountPercent": 65.45
      },
      {
        "price": 1.3795,
        "longCountPercent": 54.69,
        "shortCountPercent": 37.21
      },
      {
        "price": 1.38,
        "longCountPercent": 18.83,
        "shortCountPercent": 28.24
      },
      {
        "price": 1.3805,
        "longCountPercent": 33.17,
        "shortCountPercent": 22.42
      },
      {
        "price": 1.381,
        "longCountPercent": 38.55,
        "shortCountPercent": 26
      },
      {
        "price": 1.3815,
        "longCountPercent": 49.31,
        "shortCountPercent": 25.11
      },
      {
        "price": 1.382,
        "longCountPercent": 48.42,
        "shortCountPercent": 33.17
      },
      {
        "price": 1.3825,
        "longCountPercent": 57.83,
        "shortCountPercent": 30.49
      },
      {
        "price": 1.383,
        "longCountPercent": 108.04,
        "shortCountPercent": 25.55
      },
      {
        "price": 1.3835,
        "longCountPercent": 66.8,
        "shortCountPercent": 25.11
      },
      {
        "price": 1.384,
        "longCountPercent": 173.05,
        "shortCountPercent": 29.14
      },
      {
        "price": 1.3845,
        "longCountPercent": 289.16,
        "shortCountPercent": 30.93
      },
      {
        "price": 1.385,
        "longCountPercent": 337.58,
        "shortCountPercent": 34.52
      },
      {
        "price": 1.3855,
        "longCountPercent": 240.29,
        "shortCountPercent": 30.04
      },
      {
        "price": 1.386,
        "longCountPercent": 48.42,
        "shortCountPercent": 22.42
      },
      {
        "price": 1.3865,
        "longCountPercent": 25.11,
        "shortCountPercent": 20.62
      },
      {
        "price": 1.387,
        "longCountPercent": 19.28,
        "shortCountPercent": 19.73
      },
      {
        "price": 1.3875,
        "longCountPercent": 26.9,
        "shortCountPercent": 21.52
      },
      {
        "price": 1.388,
        "longCountPercent": 29.14,
        "shortCountPercent": 21.52
      },
      {
        "price": 1.3885,
        "longCountPercent": 34.97,
        "shortCountPercent": 21.07
      },
      {
        "price": 1.389,
        "longCountPercent": 34.97,
        "shortCountPercent": 19.73
      },
      {
        "price": 1.3895,
        "longCountPercent": 17.93,
        "shortCountPercent": 19.28
      },
      {
        "price": 1.39,
        "longCountPercent": 9.86,
        "shortCountPercent": 24.66
      },
      {
        "price": 1.3905,
        "longCountPercent": 18.38,
        "shortCountPercent": 30.93
      },
      {
        "price": 1.391,
        "longCountPercent": 17.48,
        "shortCountPercent": 26.9
      },
      {
        "price": 1.3915,
        "longCountPercent": 11.21,
        "shortCountPercent": 24.66
      },
      {
        "price": 1.392,
        "longCountPercent": 5.83,
        "shortCountPercent": 28.24
      },
      {
        "price": 1.3925,
        "longCountPercent": 7.62,
        "shortCountPercent": 25.11
      },
      {
        "price": 1.393,
        "longCountPercent": 11.66,
        "shortCountPercent": 27.35
      },
      {
        "price": 1.3935,
        "longCountPercent": 11.21,
        "shortCountPercent": 37.21
      },
      {
        "price": 1.394,
        "longCountPercent": 110.28,
        "shortCountPercent": 40.8
      },
      {
        "price": 1.3945,
        "longCountPercent": 79.35,
        "shortCountPercent": 17.04
      },
      {
        "price": 1.395,
        "longCountPercent": 60.97,
        "shortCountPercent": 7.62
      },
      {
        "price": 1.3955,
        "longCountPercent": 48.87,
        "shortCountPercent": 10.31
      },
      {
        "price": 1.396,
        "longCountPercent": 89.21,
        "shortCountPercent": 13
      },
      {
        "price": 1.3965,
        "longCountPercent": 148.84,
        "shortCountPercent": 22.42
      },
      {
        "price": 1.397,
        "longCountPercent": 169.01,
        "shortCountPercent": 36.31
      },
      {
        "price": 1.3975,
        "longCountPercent": 85.18,
        "shortCountPercent": 29.14
      },
      {
        "price": 1.398,
        "longCountPercent": 78.45,
        "shortCountPercent": 25.55
      },
      {
        "price": 1.3985,
        "longCountPercent": 104.9,
        "shortCountPercent": 18.83
      },
      {
        "price": 1.399,
        "longCountPercent": 36.31,
        "shortCountPercent": 17.04
      },
      {
        "price": 1.3995,
        "longCountPercent": 48.42,
        "shortCountPercent": 18.83
      },
      {
        "price": 1.4,
        "longCountPercent": 57.38,
        "shortCountPercent": 8.97
      },
      {
        "price": 1.4005,
        "longCountPercent": 39,
        "shortCountPercent": 16.14
      },
      {
        "price": 1.401,
        "longCountPercent": 41.24,
        "shortCountPercent": 11.66
      },
      {
        "price": 1.4015,
        "longCountPercent": 14.79,
        "shortCountPercent": 8.52
      },
      {
        "price": 1.402,
        "longCountPercent": 9.41,
        "shortCountPercent": 7.17
      },
      {
        "price": 1.4025,
        "longCountPercent": 8.52,
        "shortCountPercent": 7.17
      },
      {
        "price": 1.403,
        "longCountPercent": 33.62,
        "shortCountPercent": 13.9
      },
      {
        "price": 1.4035,
        "longCountPercent": 26.9,
        "shortCountPercent": 10.31
      },
      {
        "price": 1.404,
        "longCountPercent": 29.59,
        "shortCountPercent": 4.93
      },
      {
        "price": 1.4045,
        "longCountPercent": 34.97,
        "shortCountPercent": 1.79
      },
      {
        "price": 1.405,
        "longCountPercent": 13.45,
        "shortCountPercent": 3.14
      },
      {
        "price": 1.4055,
        "longCountPercent": 10.76,
        "shortCountPercent": 9.41
      },
      {
        "price": 1.406,
        "longCountPercent": 8.52,
        "shortCountPercent": 4.93
      },
      {
        "price": 1.4065,
        "longCountPercent": 9.41,
        "shortCountPercent": 8.97
      },
      {
        "price": 1.407,
        "longCountPercent": 12.55,
        "shortCountPercent": 11.21
      },
      {
        "price": 1.4075,
        "longCountPercent": 10.76,
        "shortCountPercent": 10.76
      },
      {
        "price": 1.408,
        "longCountPercent": 12.1,
        "shortCountPercent": 3.14
      },
      {
        "price": 1.4085,
        "longCountPercent": 12.1,
        "shortCountPercent": 4.03
      },
      {
        "price": 1.409,
        "longCountPercent": 11.21,
        "shortCountPercent": 6.28
      },
      {
        "price": 1.4095,
        "longCountPercent": 28.69,
        "shortCountPercent": 2.24
      },
      {
        "price": 1.41,
        "longCountPercent": 38.11,
        "shortCountPercent": 3.59
      },
      {
        "price": 1.4105,
        "longCountPercent": 20.62,
        "shortCountPercent": 1.34
      },
      {
        "price": 1.411,
        "longCountPercent": 17.48,
        "shortCountPercent": 0.9
      },
      {
        "price": 1.4115,
        "longCountPercent": 24.21,
        "shortCountPercent": 1.79
      },
      {
        "price": 1.412,
        "longCountPercent": 17.04,
        "shortCountPercent": 3.14
      },
      {
        "price": 1.4125,
        "longCountPercent": 10.76,
        "shortCountPercent": 1.34
      },
      {
        "price": 1.413,
        "longCountPercent": 13.9,
        "shortCountPercent": 1.34
      },
      {
        "price": 1.4135,
        "longCountPercent": 8.52,
        "shortCountPercent": 0.9
      },
      {
        "price": 1.414,
        "longCountPercent": 5.38,
        "shortCountPercent": 0.9
      },
      {
        "price": 1.4145,
        "longCountPercent": 1.79,
        "shortCountPercent": 0.9
      },
      {
        "price": 1.415,
        "longCountPercent": 0.45,
        "shortCountPercent": 0
      },
      {
        "price": 1.4155,
        "longCountPercent": 0.9,
        "shortCountPercent": 0.45
      },
      {
        "price": 1.416,
        "longCountPercent": 1.79,
        "shortCountPercent": 0.9
      },
      {
        "price": 1.4165,
        "longCountPercent": 2.69,
        "shortCountPercent": 0.9
      },
      {
        "price": 1.417,
        "longCountPercent": 2.69,
        "shortCountPercent": 0
      },
      {
        "price": 1.4175,
        "longCountPercent": 1.79,
        "shortCountPercent": 0.9
      },
      {
        "price": 1.418,
        "longCountPercent": 3.14,
        "shortCountPercent": 0
      },
      {
        "price": 1.4185,
        "longCountPercent": 1.34,
        "shortCountPercent": 1.34
      },
      {
        "price": 1.419,
        "longCountPercent": 4.93,
        "shortCountPercent": 0.9
      },
      {
        "price": 1.4195,
        "longCountPercent": 1.79,
        "shortCountPercent": 0.45
      },
      {
        "price": 1.42,
        "longCountPercent": 4.93,
        "shortCountPercent": 0.45
      },
      {
        "price": 1.4205,
        "longCountPercent": 3.14,
        "shortCountPercent": 1.34
      },
      {
        "price": 1.421,
        "longCountPercent": 1.79,
        "shortCountPercent": 1.34
      },
      {
        "price": 1.4215,
        "longCountPercent": 4.48,
        "shortCountPercent": 0
      },
      {
        "price": 1.422,
        "longCountPercent": 2.24,
        "shortCountPercent": 0.45
      },
      {
        "price": 1.4225,
        "longCountPercent": 4.48,
        "shortCountPercent": 0.9
      },
      {
        "price": 1.423,
        "longCountPercent": 3.14,
        "shortCountPercent": 0.9
      },
      {
        "price": 1.4235,
        "longCountPercent": 3.14,
        "shortCountPercent": 0.9
      },
      {
        "price": 1.424,
        "longCountPercent": 4.93,
        "shortCountPercent": 0.45
      },
      {
        "price": 1.4245,
        "longCountPercent": 4.48,
        "shortCountPercent": 0
      },
      {
        "price": 1.425,
        "longCountPercent": 2.69,
        "shortCountPercent": 0.45
      },
      {
        "price": 1.4255,
        "longCountPercent": 2.69,
        "shortCountPercent": 0
      },
      {
        "price": 1.426,
        "longCountPercent": 3.59,
        "shortCountPercent": 0.45
      },
      {
        "price": 1.4265,
        "longCountPercent": 5.83,
        "shortCountPercent": 0
      },
      {
        "price": 1.427,
        "longCountPercent": 1.79,
        "shortCountPercent": 0
      },
      {
        "price": 1.4275,
        "longCountPercent": 2.69,
        "shortCountPercent": 0.45
      },
      {
        "price": 1.428,
        "longCountPercent": 1.79,
        "shortCountPercent": 1.34
      },
      {
        "price": 1.4285,
        "longCountPercent": 2.69,
        "shortCountPercent": 0.9
      },
      {
        "price": 1.429,
        "longCountPercent": 3.59,
        "shortCountPercent": 0.9
      },
      {
        "price": 1.4295,
        "longCountPercent": 1.79,
        "shortCountPercent": 0
      },
      {
        "price": 1.43,
        "longCountPercent": 1.79,
        "shortCountPercent": 0.9
      },
      {
        "price": 1.4305,
        "longCountPercent": 3.14,
        "shortCountPercent": 0.9
      },
      {
        "price": 1.431,
        "longCountPercent": 2.24,
        "shortCountPercent": 2.24
      },
      {
        "price": 1.4315,
        "longCountPercent": 4.48,
        "shortCountPercent": 0.45
      },
      {
        "price": 1.432,
        "longCountPercent": 4.48,
        "shortCountPercent": 0.45
      },
      {
        "price": 1.4325,
        "longCountPercent": 4.48,
        "shortCountPercent": 1.79
      },
      {
        "price": 1.433,
        "longCountPercent": 2.69,
        "shortCountPercent": 0.9
      },
      {
        "price": 1.4335,
        "longCountPercent": 1.79,
        "shortCountPercent": 2.24
      },
      {
        "price": 1.434,
        "longCountPercent": 9.86,
        "shortCountPercent": 1.79
      },
      {
        "price": 1.4345,
        "longCountPercent": 4.48,
        "shortCountPercent": 0.9
      },
      {
        "price": 1.435,
        "longCountPercent": 3.59,
        "shortCountPercent": 0.9
      },
      {
        "price": 1.4355,
        "longCountPercent": 2.69,
        "shortCountPercent": 0.9
      },
      {
        "price": 1.436,
        "longCountPercent": 5.83,
        "shortCountPercent": 1.79
      },
      {
        "price": 1.4365,
        "longCountPercent": 1.79,
        "shortCountPercent": 1.34
      },
      {
        "price": 1.437,
        "longCountPercent": 5.38,
        "shortCountPercent": 1.34
      },
      {
        "price": 1.4375,
        "longCountPercent": 3.59,
        "shortCountPercent": 1.79
      },
      {
        "price": 1.438,
        "longCountPercent": 4.48,
        "shortCountPercent": 1.34
      },
      {
        "price": 1.4385,
        "longCountPercent": 9.86,
        "shortCountPercent": 0.45
      },
      {
        "price": 1.439,
        "longCountPercent": 4.93,
        "shortCountPercent": 0.9
      },
      {
        "price": 1.4395,
        "longCountPercent": 5.83,
        "shortCountPercent": 0.45
      },
      {
        "price": 1.44,
        "longCountPercent": 8.97,
        "shortCountPercent": 1.79
      },
      {
        "price": 1.4405,
        "longCountPercent": 4.03,
        "shortCountPercent": 0.9
      },
      {
        "price": 1.441,
        "longCountPercent": 5.38,
        "shortCountPercent": 1.79
      },
      {
        "price": 1.4415,
        "longCountPercent": 4.93,
        "shortCountPercent": 0.9
      },
      {
        "price": 1.442,
        "longCountPercent": 4.48,
        "shortCountPercent": 1.34
      },
      {
        "price": 1.4425,
        "longCountPercent": 5.38,
        "shortCountPercent": 0.9
      },
      {
        "price": 1.443,
        "longCountPercent": 8.97,
        "shortCountPercent": 2.24
      },
      {
        "price": 1.4435,
        "longCountPercent": 3.59,
        "shortCountPercent": 0.45
      },
      {
        "price": 1.444,
        "longCountPercent": 2.69,
        "shortCountPercent": 2.69
      },
      {
        "price": 1.4445,
        "longCountPercent": 4.48,
        "shortCountPercent": 0.45
      },
      {
        "price": 1.445,
        "longCountPercent": 3.59,
        "shortCountPercent": 0
      },
      {
        "price": 1.4455,
        "longCountPercent": 1.79,
        "shortCountPercent": 1.79
      },
      {
        "price": 1.446,
        "longCountPercent": 1.79,
        "shortCountPercent": 0.9
      },
      {
        "price": 1.4465,
        "longCountPercent": 3.14,
        "shortCountPercent": 0.45
      },
      {
        "price": 1.447,
        "longCountPercent": 1.34,
        "shortCountPercent": 0
      },
      {
        "price": 1.4475,
        "longCountPercent": 2.24,
        "shortCountPercent": 0
      },
      {
        "price": 1.448,
        "longCountPercent": 2.69,
        "shortCountPercent": 0.9
      },
      {
        "price": 1.4485,
        "longCountPercent": 4.48,
        "shortCountPercent": 0
      },
      {
        "price": 1.449,
        "longCountPercent": 1.34,
        "shortCountPercent": 0
      },
      {
        "price": 1.4495,
        "longCountPercent": 2.69,
        "shortCountPercent": 0
      },
      {
        "price": 1.45,
        "longCountPercent": 2.69,
        "shortCountPercent": 0.45
      },
      {
        "price": 1.4505,
        "longCountPercent": 1.79,
        "shortCountPercent": 0
      },
      {
        "price": 1.451,
        "longCountPercent": 2.24,
        "shortCountPercent": 0
      },
      {
        "price": 1.4515,
        "longCountPercent": 3.14,
        "shortCountPercent": 0.9
      },
      {
        "price": 1.452,
        "longCountPercent": 2.24,
        "shortCountPercent": 0
      },
      {
        "price": 1.4525,
        "longCountPercent": 5.83,
        "shortCountPercent": 0
      },
      {
        "price": 1.453,
        "longCountPercent": 3.14,
        "shortCountPercent": 0
      },
      {
        "price": 1.4535,
        "longCountPercent": 2.69,
        "shortCountPercent": 0.45
      },
      {
        "price": 1.454,
        "longCountPercent": 1.34,
        "shortCountPercent": 0
      },
      {
        "price": 1.4545,
        "longCountPercent": 0,
        "shortCountPercent": 0.45
      },
      {
        "price": 1.455,
        "longCountPercent": 0.45,
        "shortCountPercent": 0
      },
      {
        "price": 1.4555,
        "longCountPercent": 1.34,
        "shortCountPercent": 0
      },
      {
        "price": 1.456,
        "longCountPercent": 0.9,
        "shortCountPercent": 0
      },
      {
        "price": 1.4565,
        "longCountPercent": 0.45,
        "shortCountPercent": 0.9
      },
      {
        "price": 1.457,
        "longCountPercent": 1.34,
        "shortCountPercent": 0.45
      },
      {
        "price": 1.4575,
        "longCountPercent": 0.45,
        "shortCountPercent": 0
      },
      {
        "price": 1.458,
        "longCountPercent": 0.45,
        "shortCountPercent": 0.45
      },
      {
        "price": 1.459,
        "longCountPercent": 1.34,
        "shortCountPercent": 0
      },
      {
        "price": 1.4595,
        "longCountPercent": 1.34,
        "shortCountPercent": 0.45
      },
      {
        "price": 1.46,
        "longCountPercent": 2.69,
        "shortCountPercent": 0
      },
      {
        "price": 1.4615,
        "longCountPercent": 0.45,
        "shortCountPercent": 0
      },
      {
        "price": 1.462,
        "longCountPercent": 1.79,
        "shortCountPercent": 0
      },
      {
        "price": 1.4625,
        "longCountPercent": 0.9,
        "shortCountPercent": 0
      },
      {
        "price": 1.463,
        "longCountPercent": 0.45,
        "shortCountPercent": 0
      },
      {
        "price": 1.4635,
        "longCountPercent": 0.9,
        "shortCountPercent": 0
      },
      {
        "price": 1.464,
        "longCountPercent": 0,
        "shortCountPercent": 0.45
      },
      {
        "price": 1.4645,
        "longCountPercent": 0.9,
        "shortCountPercent": 0
      },
      {
        "price": 1.465,
        "longCountPercent": 0.9,
        "shortCountPercent": 0
      },
      {
        "price": 1.4655,
        "longCountPercent": 0.45,
        "shortCountPercent": 0
      },
      {
        "price": 1.4665,
        "longCountPercent": 1.34,
        "shortCountPercent": 0
      },
      {
        "price": 1.467,
        "longCountPercent": 1.34,
        "shortCountPercent": 0
      },
      {
        "price": 1.4675,
        "longCountPercent": 1.79,
        "shortCountPercent": 0.45
      },
      {
        "price": 1.468,
        "longCountPercent": 1.34,
        "shortCountPercent": 0.45
      },
      {
        "price": 1.4685,
        "longCountPercent": 0.45,
        "shortCountPercent": 0
      },
      {
        "price": 1.469,
        "longCountPercent": 0.45,
        "shortCountPercent": 0
      },
      {
        "price": 1.4695,
        "longCountPercent": 1.34,
        "shortCountPercent": 0
      },
      {
        "price": 1.47,
        "longCountPercent": 2.69,
        "shortCountPercent": 0.45
      },
      {
        "price": 1.4705,
        "longCountPercent": 0.45,
        "shortCountPercent": 0
      },
      {
        "price": 1.471,
        "longCountPercent": 2.69,
        "shortCountPercent": 0
      },
      {
        "price": 1.4715,
        "longCountPercent": 0.45,
        "shortCountPercent": 0
      },
      {
        "price": 1.472,
        "longCountPercent": 0,
        "shortCountPercent": 4.03
      },
      {
        "price": 1.4725,
        "longCountPercent": 3.59,
        "shortCountPercent": 0.9
      },
      {
        "price": 1.473,
        "longCountPercent": 1.79,
        "shortCountPercent": 0.45
      },
      {
        "price": 1.4735,
        "longCountPercent": 2.69,
        "shortCountPercent": 0.9
      },
      {
        "price": 1.474,
        "longCountPercent": 1.79,
        "shortCountPercent": 0.9
      },
      {
        "price": 1.4745,
        "longCountPercent": 0.9,
        "shortCountPercent": 0
      },
      {
        "price": 1.475,
        "longCountPercent": 1.34,
        "shortCountPercent": 0
      },
      {
        "price": 1.4755,
        "longCountPercent": 0.9,
        "shortCountPercent": 0
      },
      {
        "price": 1.476,
        "longCountPercent": 0.9,
        "shortCountPercent": 0.45
      },
      {
        "price": 1.4765,
        "longCountPercent": 0.9,
        "shortCountPercent": 0
      },
      {
        "price": 1.4775,
        "longCountPercent": 0.9,
        "shortCountPercent": 0.9
      },
      {
        "price": 1.478,
        "longCountPercent": 1.34,
        "shortCountPercent": 0
      },
      {
        "price": 1.4785,
        "longCountPercent": 1.34,
        "shortCountPercent": 0.45
      },
      {
        "price": 1.479,
        "longCountPercent": 1.79,
        "shortCountPercent": 0
      },
      {
        "price": 1.5985,
        "longCountPercent": 0.45,
        "shortCountPercent": 0
      }
    ],
    "region": "-",
    "division": "-",
    "dataSource": "-",
    "snapshot": "12月18日 5時00分",
    "lastupdate": "12月18日 5時30分",
    "longPercent": 53.86,
    "shortPercent": 46.14
  }
}