{
  "orderBook": [],
  "positionBook": {
    "price": 0.57766,
    "bucketWidth": "0.0005",
    "buckets": [
      {
        "price": 0.547,
        "longCountPercent": 0,
        "shortCountPercent": 1.31
      },
      {
        "price": 0.5475,
        "longCountPercent": 0,
        "shortCountPercent": 2.61
      },
      {
        "price": 0.548,
        "longCountPercent": 0,
        "shortCountPercent": 1.31
      },
      {
        "price": 0.5485,
        "longCountPercent": 1.31,
        "shortCountPercent": 1.31
      },
      {
        "price": 0.549,
        "longCountPercent": 0,
        "shortCountPercent": 2.61
      },
      {
        "price": 0.5495,
        "longCountPercent": 0,
        "shortCountPercent": 3.92
      },
      {
        "price": 0.55,
        "longCountPercent": 3.92,
        "shortCountPercent": 3.92
      },
      {
        "price": 0.5505,
        "longCountPercent": 0,
        "shortCountPercent": 7.83
      },
      {
        "price": 0.551,
        "longCountPercent": 1.31,
        "shortCountPercent": 5.22
      },
      {
        "price": 0.5515,
        "longCountPercent": 1.31,
        "shortCountPercent": 7.83
      },
      {
        "price": 0.552,
        "longCountPercent": 0,
        "shortCountPercent": 1.31
      },
      {
        "price": 0.5525,
        "longCountPercent": 1.31,
        "shortCountPercent": 10.44
      },
      {
        "price": 0.553,
        "longCountPercent": 0,
        "shortCountPercent": 5.22
      },
      {
        "price": 0.5535,
        "longCountPercent": 3.92,
        "shortCountPercent": 2.61
      },
      {
        "price": 0.554,
        "longCountPercent": 0,
        "shortCountPercent": 2.61
      },
      {
        "price": 0.5545,
        "longCountPercent": 0,
        "shortCountPercent": 9.14
      },
      {
        "price": 0.555,
        "longCountPercent": 1.31,
        "shortCountPercent": 9.14
      },
      {
        "price": 0.5555,
        "longCountPercent": 1.31,
        "shortCountPercent": 7.83
      },
      {
        "price": 0.556,
        "longCountPercent": 1.31,
        "shortCountPercent": 2.61
      },
      {
        "price": 0.5565,
        "longCountPercent": 0,
        "shortCountPercent": 6.53
      },
      {
        "price": 0.557,
        "longCountPercent": 1.31,
        "shortCountPercent": 3.92
      },
      {
        "price": 0.5575,
        "longCountPercent": 0,
        "shortCountPercent": 10.44
      },
      {
        "price": 0.558,
        "longCountPercent": 1.31,
        "shortCountPercent": 5.22
      },
      {
        "price": 0.5585,
        "longCountPercent": 3.92,
        "shortCountPercent": 14.36
      },
      {
        "price": 0.559,
        "longCountPercent": 9.14,
        "shortCountPercent": 28.72
      },
      {
        "price": 0.5595,
        "longCountPercent": 30.02,
        "shortCountPercent": 20.89
      },
      {
        "price": 0.56,
        "longCountPercent": 26.11,
        "shortCountPercent": 28.72
      },
      {
        "price": 0.5605,
        "longCountPercent": 23.5,
        "shortCountPercent": 16.97
      },
      {
        "price": 0.561,
        "longCountPercent": 9.14,
        "shortCountPercent": 27.41
      },
      {
        "price": 0.5615,
        "longCountPercent": 7.83,
        "shortCountPercent": 14.36
      },
      {
        "price": 0.562,
        "longCountPercent": 10.44,
        "shortCountPercent": 23.5
      },
      {
        "price": 0.5625,
        "longCountPercent": 16.97,
        "shortCountPercent": 18.27
      },
      {
        "price": 0.563,
        "longCountPercent": 30.02,
        "shortCountPercent": 10.44
      },
      {
        "price": 0.5635,
        "longCountPercent": 11.75,
        "shortCountPercent": 11.75
      },
      {
        "price": 0.564,
        "longCountPercent": 28.72,
        "shortCountPercent": 14.36
      },
      {
        "price": 0.5645,
        "longCountPercent": 18.27,
        "shortCountPercent": 18.27
      },
      {
        "price": 0.565,
        "longCountPercent": 5.22,
        "shortCountPercent": 18.27
      },
      {
        "price": 0.5655,
        "longCountPercent": 37.85,
        "shortCountPercent": 18.27
      },
      {
        "price": 0.566,
        "longCountPercent": 35.24,
        "shortCountPercent": 18.27
      },
      {
        "price": 0.5665,
        "longCountPercent": 20.89,
        "shortCountPercent": 43.08
      },
      {
        "price": 0.567,
        "longCountPercent": 7.83,
        "shortCountPercent": 19.58
      },
      {
        "price": 0.5675,
        "longCountPercent": 13.05,
        "shortCountPercent": 20.89
      },
      {
        "price": 0.568,
        "longCountPercent": 13.05,
        "shortCountPercent": 26.11
      },
      {
        "price": 0.5685,
        "longCountPercent": 20.89,
        "shortCountPercent": 70.49
      },
      {
        "price": 0.569,
        "longCountPercent": 19.58,
        "shortCountPercent": 71.79
      },
      {
        "price": 0.5695,
        "longCountPercent": 15.66,
        "shortCountPercent": 28.72
      },
      {
        "price": 0.57,
        "longCountPercent": 10.44,
        "shortCountPercent": 16.97
      },
      {
        "price": 0.5705,
        "longCountPercent": 7.83,
        "shortCountPercent": 24.8
      },
      {
        "price": 0.571,
        "longCountPercent": 14.36,
        "shortCountPercent": 86.15
      },
      {
        "price": 0.5715,
        "longCountPercent": 15.66,
        "shortCountPercent": 114.87
      },
      {
        "price": 0.572,
        "longCountPercent": 37.85,
        "shortCountPercent": 105.73
      },
      {
        "price": 0.5725,
        "longCountPercent": 67.88,
        "shortCountPercent": 178.83
      },
      {
        "price": 0.573,
        "longCountPercent": 31.33,
        "shortCountPercent": 292.39
      },
      {
        "price": 0.5735,
        "longCountPercent": 39.16,
        "shortCountPercent": 323.72
      },
      {
        "price": 0.574,
        "longCountPercent": 39.16,
        "shortCountPercent": 250.62
      },
      {
        "price": 0.5745,
        "longCountPercent": 41.77,
        "shortCountPercent": 386.37
      },
      {
        "price": 0.575,
        "longCountPercent": 36.55,
        "shortCountPercent": 311.97
      },
      {
        "price": 0.5755,
        "longCountPercent": 10.44,
        "shortCountPercent": 35.24
      },
      {
        "price": 0.576,
        "longCountPercent": 33.94,
        "shortCountPercent": 84.85
      },
      {
        "price": 0.5765,
        "longCountPercent": 60.04,
        "shortCountPercent": 240.18
      },
      {
        "price": 0.577,
        "longCountPercent": 107.04,
        "shortCountPercent": 206.24
      },
      {
        "price": 0.5775,
        "longCountPercent": 168.39,
        "shortCountPercent": 211.46
      },
      {
        "price": 0.578,
        "longCountPercent": 152.72,
        "shortCountPercent": 193.19
      },
      {
        "price": 0.5785,
        "longCountPercent": 195.8,
        "shortCountPercent": 167.08
      },
      {
        "price": 0.579,
        "longCountPercent": 201.02,
        "shortCountPercent": 107.04
      },
      {
        "price": 0.5795,
        "longCountPercent": 101.81,
        "shortCountPercent": 61.35
      },
      {
        "price": 0.58,
        "longCountPercent": 112.26,
        "shortCountPercent": 57.43
      },
      {
        "price": 0.5805,
        "longCountPercent": 95.29,
        "shortCountPercent": 37.85
      },
      {
        "price": 0.581,
        "longCountPercent": 86.15,
        "shortCountPercent": 61.35
      },
      {
        "price": 0.5815,
        "longCountPercent": 90.07,
        "shortCountPercent": 52.21
      },
      {
        "price": 0.582,
        "longCountPercent": 87.46,
        "shortCountPercent": 11.75
      },
      {
        "price": 0.5825,
        "longCountPercent": 52.21,
        "shortCountPercent": 7.83
      },
      {
        "price": 0.583,
        "longCountPercent": 39.16,
        "shortCountPercent": 5.22
      },
      {
        "price": 0.5835,
        "longCountPercent": 40.46,
        "shortCountPercent": 2.61
      },
      {
        "price": 0.584,
        "longCountPercent": 32.63,
        "shortCountPercent": 1.31
      },
      {
        "price": 0.5845,
        "longCountPercent": 15.66,
        "shortCountPercent": 0
      },
      {
        "price": 0.585,
        "longCountPercent": 19.58,
        "shortCountPercent": 0
      },
      {
        "price": 0.5855,
        "longCountPercent": 40.46,
        "shortCountPercent": 0
      },
      {
        "price": 0.586,
        "longCountPercent": 35.24,
        "shortCountPercent": 3.92
      },
      {
        "price": 0.5865,
        "longCountPercent": 20.89,
        "shortCountPercent": 1.31
      },
      {
        "price": 0.587,
        "longCountPercent": 26.11,
        "shortCountPercent": 1.31
      },
      {
        "price": 0.5875,
        "longCountPercent": 19.58,
        "shortCountPercent": 0
      },
      {
        "price": 0.588,
        "longCountPercent": 66.57,
        "shortCountPercent": 1.31
      },
      {
        "price": 0.5885,
        "longCountPercent": 19.58,
        "shortCountPercent": 1.31
      },
      {
        "price": 0.589,
        "longCountPercent": 15.66,
        "shortCountPercent": 2.61
      },
      {
        "price": 0.5895,
        "longCountPercent": 16.97,
        "shortCountPercent": 0
      },
      {
        "price": 0.59,
        "longCountPercent": 40.46,
        "shortCountPercent": 1.31
      },
      {
        "price": 0.5905,
        "longCountPercent": 22.19,
        "shortCountPercent": 0
      },
      {
        "price": 0.591,
        "longCountPercent": 43.08,
        "shortCountPercent": 0
      },
      {
        "price": 0.5915,
        "longCountPercent": 28.72,
        "shortCountPercent": 0
      },
      {
        "price": 0.592,
        "longCountPercent": 10.44,
        "shortCountPercent": 2.61
      },
      {
        "price": 0.5925,
        "longCountPercent": 13.05,
        "shortCountPercent": 0
      },
      {
        "price": 0.593,
        "longCountPercent": 16.97,
        "shortCountPercent": 0
      },
      {
        "price": 0.5935,
        "longCountPercent": 22.19,
        "shortCountPercent": 0
      },
      {
        "price": 0.594,
        "longCountPercent": 20.89,
        "shortCountPercent": 0
      },
      {
        "price": 0.5945,
        "longCountPercent": 18.27,
        "shortCountPercent": 2.61
      },
      {
        "price": 0.595,
        "longCountPercent": 20.89,
        "shortCountPercent": 2.61
      },
      {
        "price": 0.5955,
        "longCountPercent": 19.58,
        "shortCountPercent": 0
      },
      {
        "price": 0.596,
        "longCountPercent": 22.19,
        "shortCountPercent": 2.61
      },
      {
        "price": 0.5965,
        "longCountPercent": 24.8,
        "shortCountPercent": 2.61
      },
      {
        "price": 0.597,
        "longCountPercent": 60.04,
        "shortCountPercent": 1.31
      },
      {
        "price": 0.5975,
        "longCountPercent": 36.55,
        "shortCountPercent": 2.61
      },
      {
        "price": 0.598,
        "longCountPercent": 30.02,
        "shortCountPercent": 0
      },
      {
        "price": 0.5985,
        "longCountPercent": 18.27,
        "shortCountPercent": 0
      },
      {
        "price": 0.599,
        "longCountPercent": 19.58,
        "shortCountPercent": 0
      },
      {
        "price": 0.5995,
        "longCountPercent": 28.72,
        "shortCountPercent": 0
      },
      {
        "price": 0.6,
        "longCountPercent": 27.41,
        "shortCountPercent": 2.61
      },
      {
        "price": 0.6005,
        "longCountPercent": 28.72,
        "shortCountPercent": 1.31
      },
      {
        "price": 0.601,
        "longCountPercent": 43.08,
        "shortCountPercent": 3.92
      },
      {
        "price": 0.6015,
        "longCountPercent": 26.11,
        "shortCountPercent": 0
      },
      {
        "price": 0.602,
        "longCountPercent": 33.94,
        "shortCountPercent": 0
      },
      {
        "price": 0.6025,
        "longCountPercent": 30.02,
        "shortCountPercent": 0
      },
      {
        "price": 0.603,
        "longCountPercent": 24.8,
        "shortCountPercent": 0
      },
      {
        "price": 0.6035,
        "longCountPercent": 50.91,
        "shortCountPercent": 0
      },
      {
        "price": 0.604,
        "longCountPercent": 33.94,
        "shortCountPercent": 2.61
      },
      {
        "price": 0.6045,
        "longCountPercent": 28.72,
        "shortCountPercent": 0
      },
      {
        "price": 0.605,
        "longCountPercent": 20.89,
        "shortCountPercent": 1.31
      },
      {
        "price": 0.6055,
        "longCountPercent": 26.11,
        "shortCountPercent": 0
      },
      {
        "price": 0.606,
        "longCountPercent": 43.08,
        "shortCountPercent": 0
      },
      {
        "price": 0.6065,
        "longCountPercent": 73.1,
        "shortCountPercent": 1.31
      },
      {
        "price": 0.607,
        "longCountPercent": 53.52,
        "shortCountPercent": 2.61
      },
      {
        "price": 0.6075,
        "longCountPercent": 35.24,
        "shortCountPercent": 2.61
      },
      {
        "price": 0.608,
        "longCountPercent": 28.72,
        "shortCountPercent": 1.31
      },
      {
        "price": 0.6085,
        "longCountPercent": 23.5,
        "shortCountPercent": 1.31
      },
      {
        "price": 0.609,
        "longCountPercent": 24.8,
        "shortCountPercent": 0
      },
      {
        "price": 0.6095,
        "longCountPercent": 26.11,
        "shortCountPercent": 1.31
      },
      {
        "price": 0.61,
        "longCountPercent": 18.27,
        "shortCountPercent": 0
      },
      {
        "price": 0.6105,
        "longCountPercent": 5.22,
        "shortCountPercent": 0
      },
      {
        "price": 0.611,
        "longCountPercent": 23.5,
        "shortCountPercent": 1.31
      },
      {
        "price": 0.6115,
        "longCountPercent": 33.94,
        "shortCountPercent": 0
      },
      {
        "price": 0.612,
        "longCountPercent": 23.5,
        "shortCountPercent": 2.61
      },
      {
        "price": 0.6125,
        "longCountPercent": 7.83,
        "shortCountPercent": 3.92
      },
      {
        "price": 0.613,
        "longCountPercent": 5.22,
        "shortCountPercent": 0
      },
      {
        "price": 0.6135,
        "longCountPercent": 1.31,
        "shortCountPercent": 0
      },
      {
        "price": 0.614,
        "longCountPercent": 6.53,
        "shortCountPercent": 0
      },
      {
        "price": 0.6145,
        "longCountPercent": 5.22,
        "shortCountPercent": 0
      },
      {
        "price": 0.615,
        "longCountPercent": 7.83,
        "shortCountPercent": 0
      },
      {
        "price": 0.6155,
        "longCountPercent": 6.53,
        "shortCountPercent": 1.31
      },
      {
        "price": 0.616,
        "longCountPercent": 5.22,
        "shortCountPercent": 0
      },
      {
        "price": 0.6165,
        "longCountPercent": 9.14,
        "shortCountPercent": 1.31
      },
      {
        "price": 0.617,
        "longCountPercent": 9.14,
        "shortCountPercent": 0
      },
      {
        "price": 0.6175,
        "longCountPercent": 1.31,
        "shortCountPercent": 0
      },
      {
        "price": 0.618,
        "longCountPercent": 2.61,
        "shortCountPercent": 1.31
      },
      {
        "price": 0.6185,
        "longCountPercent": 3.92,
        "shortCountPercent": 0
      },
      {
        "price": 0.619,
        "longCountPercent": 1.31,
        "shortCountPercent": 0
      },
      {
        "price": 0.6195,
        "longCountPercent": 1.31,
        "shortCountPercent": 1.31
      },
      {
        "price": 0.62,
        "longCountPercent": 7.83,
        "shortCountPercent": 0
      },
      {
        "price": 0.6205,
        "longCountPercent": 15.66,
        "shortCountPercent": 0
      },
      {
        "price": 0.621,
        "longCountPercent": 3.92,
        "shortCountPercent": 0
      },
      {
        "price": 0.6215,
        "longCountPercent": 5.22,
        "shortCountPercent": 0
      },
      {
        "price": 0.622,
        "longCountPercent": 11.75,
        "shortCountPercent": 2.61
      },
      {
        "price": 0.6225,
        "longCountPercent": 7.83,
        "shortCountPercent": 0
      },
      {
        "price": 0.623,
        "longCountPercent": 5.22,
        "shortCountPercent": 0
      },
      {
        "price": 0.6235,
        "longCountPercent": 3.92,
        "shortCountPercent": 0
      },
      {
        "price": 0.624,
        "longCountPercent": 7.83,
        "shortCountPercent": 1.31
      },
      {
        "price": 0.6245,
        "longCountPercent": 6.53,
        "shortCountPercent": 0
      },
      {
        "price": 0.625,
        "longCountPercent": 5.22,
        "shortCountPercent": 0
      },
      {
        "price": 0.626,
        "longCountPercent": 7.83,
        "shortCountPercent": 1.31
      },
      {
        "price": 0.6265,
        "longCountPercent": 2.61,
        "shortCountPercent": 0
      },
      {
        "price": 0.627,
        "longCountPercent": 2.61,
        "shortCountPercent": 0
      },
      {
        "price": 0.6275,
        "longCountPercent": 9.14,
        "shortCountPercent": 0
      },
      {
        "price": 0.628,
        "longCountPercent": 6.53,
        "shortCountPercent": 1.31
      },
      {
        "price": 0.6285,
        "longCountPercent": 9.14,
        "shortCountPercent": 0
      },
      {
        "price": 0.629,
        "longCountPercent": 5.22,
        "shortCountPercent": 1.31
      },
      {
        "price": 0.6295,
        "longCountPercent": 7.83,
        "shortCountPercent": 0
      },
      {
        "price": 0.63,
        "longCountPercent": 10.44,
        "shortCountPercent": 1.31
      },
      {
        "price": 0.6305,
        "longCountPercent": 6.53,
        "shortCountPercent": 0
      },
      {
        "price": 0.631,
        "longCountPercent": 6.53,
        "shortCountPercent": 1.31
      },
      {
        "price": 0.6315,
        "longCountPercent": 2.61,
        "shortCountPercent": 0
      },
      {
        "price": 0.6325,
        "longCountPercent": 3.92,
        "shortCountPercent": 1.31
      },
      {
        "price": 0.633,
        "longCountPercent": 7.83,
        "shortCountPercent": 1.31
      },
      {
        "price": 0.6335,
        "longCountPercent": 10.44,
        "shortCountPercent": 0
      },
      {
        "price": 0.634,
        "longCountPercent": 7.83,
        "shortCountPercent": 1.31
      },
      {
        "price": 0.6345,
        "longCountPercent": 5.22,
        "shortCountPercent": 2.61
      },
      {
        "price": 0.635,
        "longCountPercent": 10.44,
        "shortCountPercent": 0
      },
      {
        "price": 0.6355,
        "longCountPercent": 3.92,
        "shortCountPercent": 1.31
      },
      {
        "price": 0.636,
        "longCountPercent": 6.53,
        "shortCountPercent": 0
      },
      {
        "price": 0.6365,
        "longCountPercent": 7.83,
        "shortCountPercent": 0
      },
      {
        "price": 0.637,
        "longCountPercent": 6.53,
        "shortCountPercent": 1.31
      },
      {
        "price": 0.6375,
        "longCountPercent": 3.92,
        "shortCountPercent": 0
      },
      {
        "price": 0.638,
        "longCountPercent": 2.61,
        "shortCountPercent": 0
      },
      {
        "price": 0.6385,
        "longCountPercent": 2.61,
        "shortCountPercent": 1.31
      },
      {
        "price": 0.639,
        "longCountPercent": 3.92,
        "shortCountPercent": 0
      },
      {
        "price": 0.6395,
        "longCountPercent": 1.31,
        "shortCountPercent": 0
      },
      {
        "price": 0.64,
        "longCountPercent": 2.61,
        "shortCountPercent": 0
      },
      {
        "price": 0.6405,
        "longCountPercent": 2.61,
        "shortCountPercent": 0
      },
      {
        "price": 0.641,
        "longCountPercent": 2.61,
        "shortCountPercent": 1.31
      },
      {
        "price": 0.6415,
        "longCountPercent": 2.61,
        "shortCountPercent": 0
      },
      {
        "price": 0.642,
        "longCountPercent": 2.61,
        "shortCountPercent": 0
      },
      {
        "price": 0.6425,
        "longCountPercent": 2.61,
        "shortCountPercent": 0
      },
      {
        "price": 0.643,
        "longCountPercent": 1.31,
        "shortCountPercent": 2.61
      },
      {
        "price": 0.6435,
        "longCountPercent": 7.83,
        "shortCountPercent": 2.61
      },
      {
        "price": 0.644,
        "longCountPercent": 7.83,
        "shortCountPercent": 1.31
      },
      {
        "price": 0.6445,
        "longCountPercent": 9.14,
        "shortCountPercent": 1.31
      },
      {
        "price": 0.645,
        "longCountPercent": 2.61,
        "shortCountPercent": 1.31
      },
      {
        "price": 0.6455,
        "longCountPercent": 3.92,
        "shortCountPercent": 0
      },
      {
        "price": 0.646,
        "longCountPercent": 3.92,
        "shortCountPercent": 0
      },
      {
        "price": 0.6465,
        "longCountPercent": 3.92,
        "shortCountPercent": 0
      },
      {
        "price": 0.647,
        "longCountPercent": 1.31,
        "shortCountPercent": 0
      },
      {
        "price": 0.6475,
        "longCountPercent": 5.22,
        "shortCountPercent": 0
      },
      {
        "price": 0.648,
        "longCountPercent": 2.61,
        "shortCountPercent": 0
      },
      {
        "price": 0.6485,
        "longCountPercent": 3.92,
        "shortCountPercent": 0
      },
      {
        "price": 0.649,
        "longCountPercent": 5.22,
        "shortCountPercent": 0
      },
      {
        "price": 0.6495,
        "longCountPercent": 2.61,
        "shortCountPercent": 0
      },
      {
        "price": 0.65,
        "longCountPercent": 1.31,
        "shortCountPercent": 0
      },
      {
        "price": 0.6505,
        "longCountPercent": 2.61,
        "shortCountPercent": 0
      },
      {
        "price": 0.651,
        "longCountPercent": 6.53,
        "shortCountPercent": 0
      },
      {
        "price": 0.6515,
        "longCountPercent": 5.22,
        "shortCountPercent": 1.31
      },
      {
        "price": 0.652,
        "longCountPercent": 6.53,
        "shortCountPercent": 0
      },
      {
        "price": 0.6525,
        "longCountPercent": 1.31,
        "shortCountPercent": 0
      },
      {
        "price": 0.653,
        "longCountPercent": 2.61,
        "shortCountPercent": 0
      },
      {
        "price": 0.6535,
        "longCountPercent": 5.22,
        "shortCountPercent": 0
      },
      {
        "price": 0.6545,
        "longCountPercent": 2.61,
        "shortCountPercent": 0
      },
      {
        "price": 0.655,
        "longCountPercent": 7.83,
        "shortCountPercent": 0
      },
      {
        "price": 0.6555,
        "longCountPercent": 1.31,
        "shortCountPercent": 0
      },
      {
        "price": 0.656,
        "longCountPercent": 2.61,
        "shortCountPercent": 1.31
      },
      {
        "price": 0.6565,
        "longCountPercent": 3.92,
        "shortCountPercent": 1.31
      },
      {
        "price": 0.657,
        "longCountPercent": 0,
        "shortCountPercent": 1.31
      },
      {
        "price": 0.658,
        "longCountPercent": 2.61,
        "shortCountPercent": 0
      },
      {
        "price": 0.6585,
        "longCountPercent": 5.22,
        "shortCountPercent": 0
      },
      {
        "price": 0.659,
        "longCountPercent": 1.31,
        "shortCountPercent": 0
      },
      {
        "price": 0.6595,
        "longCountPercent": 1.31,
        "shortCountPercent": 1.31
      },
      {
        "price": 0.66,
        "longCountPercent": 2.61,
        "shortCountPercent": 0
      },
      {
        "price": 0.6615,
        "longCountPercent": 3.92,
        "shortCountPercent": 0
      },
      {
        "price": 0.662,
        "longCountPercent": 0,
        "shortCountPercent": 2.61
      },
      {
        "price": 0.663,
        "longCountPercent": 2.61,
        "shortCountPercent": 0
      },
      {
        "price": 0.6635,
        "longCountPercent": 3.92,
        "shortCountPercent": 0
      },
      {
        "price": 0.664,
        "longCountPercent": 6.53,
        "shortCountPercent": 1.31
      },
      {
        "price": 0.6645,
        "longCountPercent": 2.61,
        "shortCountPercent": 1.31
      },
      {
        "price": 0.665,
        "longCountPercent": 1.31,
        "shortCountPercent": 0
      },
      {
        "price": 0.6655,
        "longCountPercent": 0,
        "shortCountPercent": 1.31
      },
      {
        "price": 0.666,
        "longCountPercent": 3.92,
        "shortCountPercent": 0
      },
      {
        "price": 0.6675,
        "longCountPercent": 1.31,
        "shortCountPercent": 2.61
      },
      {
        "price": 0.668,
        "longCountPercent": 1.31,
        "shortCountPercent": 0
      },
      {
        "price": 0.6685,
        "longCountPercent": 5.22,
        "shortCountPercent": 0
      },
      {
        "price": 0.669,
        "longCountPercent": 1.31,
        "shortCountPercent": 0
      },
      {
        "price": 0.67,
        "longCountPercent": 3.92,
        "shortCountPercent": 2.61
      },
      {
        "price": 0.6705,
        "longCountPercent": 2.61,
        "shortCountPercent": 1.31
      },
      {
        "price": 0.671,
        "longCountPercent": 0,
        "shortCountPercent": 1.31
      },
      {
        "price": 0.6715,
        "longCountPercent": 1.31,
        "shortCountPercent": 0
      },
      {
        "price": 0.672,
        "longCountPercent": 1.31,
        "shortCountPercent": 0
      },
      {
        "price": 0.6725,
        "longCountPercent": 0,
        "shortCountPercent": 1.31
      },
      {
        "price": 0.673,
        "longCountPercent": 3.92,
        "shortCountPercent": 0
      },
      {
        "price": 0.6735,
        "longCountPercent": 2.61,
        "shortCountPercent": 1.31
      },
      {
        "price": 0.674,
        "longCountPercent": 1.31,
        "shortCountPercent": 0
      },
      {
        "price": 0.6745,
        "longCountPercent": 2.61,
        "shortCountPercent": 0
      },
      {
        "price": 0.675,
        "longCountPercent": 3.92,
        "shortCountPercent": 0
      },
      {
        "price": 0.6755,
        "longCountPercent": 2.61,
        "shortCountPercent": 0
      },
      {
        "price": 0.676,
        "longCountPercent": 1.31,
        "shortCountPercent": 0
      },
      {
        "price": 0.6765,
        "longCountPercent": 6.53,
        "shortCountPercent": 0
      },
      {
        "price": 0.677,
        "longCountPercent": 5.22,
        "shortCountPercent": 0
      },
      {
        "price": 0.6775,
        "longCountPercent": 1.31,
        "shortCountPercent": 0
      },
      {
        "price": 0.678,
        "longCountPercent": 1.31,
        "shortCountPercent": 10.44
      },
      {
        "price": 0.6785,
        "longCountPercent": 1.31,
        "shortCountPercent": 0
      },
      {
        "price": 0.679,
        "longCountPercent": 1.31,
        "shortCountPercent": 0
      },
      {
        "price": 0.6795,
        "longCountPercent": 3.92,
        "shortCountPercent": 0
      },
      {
        "price": 0.68,
        "longCountPercent": 1.31,
        "shortCountPercent": 1.31
      },
      {
        "price": 0.6805,
        "longCountPercent": 1.31,
        "shortCountPercent": 0
      },
      {
        "price": 0.681,
        "longCountPercent": 1.31,
        "shortCountPercent": 0
      },
      {
        "price": 0.6815,
        "longCountPercent": 1.31,
        "shortCountPercent": 0
      },
      {
        "price": 0.682,
        "longCountPercent": 2.61,
        "shortCountPercent": 0
      },
      {
        "price": 0.6825,
        "longCountPercent": 1.31,
        "shortCountPercent": 0
      },
      {
        "price": 0.683,
        "longCountPercent": 2.61,
        "shortCountPercent": 0
      },
      {
        "price": 0.6835,
        "longCountPercent": 3.92,
        "shortCountPercent": 0
      },
      {
        "price": 0.684,
        "longCountPercent": 2.61,
        "shortCountPercent": 0
      },
      {
        "price": 0.685,
        "longCountPercent": 1.31,
        "shortCountPercent": 0
      },
      {
        "price": 0.6855,
        "longCountPercent": 1.31,
        "shortCountPercent": 0
      },
      {
        "price": 0.686,
        "longCountPercent": 1.31,
        "shortCountPercent": 1.31
      },
      {
        "price": 0.6865,
        "longCountPercent": 1.31,
        "shortCountPercent": 0
      },
      {
        "price": 0.6875,
        "longCountPercent": 1.31,
        "shortCountPercent": 0
      },
      {
        "price": 0.688,
        "longCountPercent": 2.61,
        "shortCountPercent": 0
      },
      {
        "price": 0.6885,
        "longCountPercent": 2.61,
        "shortCountPercent": 1.31
      },
      {
        "price": 0.689,
        "longCountPercent": 1.31,
        "shortCountPercent": 0
      },
      {
        "price": 0.6895,
        "longCountPercent": 1.31,
        "shortCountPercent": 0
      },
      {
        "price": 0.69,
        "longCountPercent": 3.92,
        "shortCountPercent": 0
      },
      {
        "price": 0.6905,
        "longCountPercent": 1.31,
        "shortCountPercent": 0
      },
      {
        "price": 0.691,
        "longCountPercent": 10.44,
        "shortCountPercent": 1.31
      },
      {
        "price": 0.6915,
        "longCountPercent": 1.31,
        "shortCountPercent": 0
      },
      {
        "price": 0.693,
        "longCountPercent": 3.92,
        "shortCountPercent": 0
      },
      {
        "price": 0.6935,
        "longCountPercent": 1.31,
        "shortCountPercent": 1.31
      },
      {
        "price": 0.694,
        "longCountPercent": 2.61,
        "shortCountPercent": 0
      },
      {
        "price": 0.6945,
        "longCountPercent": 1.31,
        "shortCountPercent": 1.31
      },
      {
        "price": 0.695,
        "longCountPercent": 3.92,
        "shortCountPercent": 0
      },
      {
        "price": 0.6955,
        "longCountPercent": 3.92,
        "shortCountPercent": 0
      },
      {
        "price": 0.696,
        "longCountPercent": 2.61,
        "shortCountPercent": 0
      },
      {
        "price": 0.6965,
        "longCountPercent": 1.31,
        "shortCountPercent": 0
      },
      {
        "price": 0.697,
        "longCountPercent": 10.44,
        "shortCountPercent": 0
      },
      {
        "price": 0.6975,
        "longCountPercent": 3.92,
        "shortCountPercent": 0
      },
      {
        "price": 0.698,
        "longCountPercent": 1.31,
        "shortCountPercent": 0
      },
      {
        "price": 0.699,
        "longCountPercent": 3.92,
        "shortCountPercent": 0
      },
      {
        "price": 0.6995,
        "longCountPercent": 1.31,
        "shortCountPercent": 0
      },
      {
        "price": 0.7,
        "longCountPercent": 6.53,
        "shortCountPercent": 0
      },
      {
        "price": 0.7005,
        "longCountPercent": 5.22,
        "shortCountPercent": 0
      },
      {
        "price": 0.701,
        "longCountPercent": 3.92,
        "shortCountPercent": 0
      },
      {
        "price": 0.7015,
        "longCountPercent": 3.92,
        "shortCountPercent": 0
      },
      {
        "price": 0.702,
        "longCountPercent": 2.61,
        "shortCountPercent": 0
      },
      {
        "price": 0.7025,
        "longCountPercent": 1.31,
        "shortCountPercent": 0
      },
      {
        "price": 0.703,
        "longCountPercent": 1.31,
        "shortCountPercent": 0
      },
      {
        "price": 0.7035,
        "longCountPercent": 2.61,
        "shortCountPercent": 0
      },
      {
        "price": 0.704,
        "longCountPercent": 5.22,
        "shortCountPercent": 1.31
      },
      {
        "price": 0.7045,
        "longCountPercent": 2.61,
        "shortCountPercent": 0
      },
      {
        "price": 0.705,
        "longCountPercent": 1.31,
        "shortCountPercent": 0
      },
      {
        "price": 0.7055,
        "longCountPercent": 10.44,
        "shortCountPercent": 1.31
      },
      {
        "price": 0.706,
        "longCountPercent": 6.53,
        "shortCountPercent": 0
      },
      {
        "price": 0.7065,
        "longCountPercent": 5.22,
        "shortCountPercent": 0
      },
      {
        "price": 0.707,
        "longCountPercent": 1.31,
        "shortCountPercent": 0
      },
      {
        "price": 0.7075,
        "longCountPercent": 2.61,
        "shortCountPercent": 0
      },
      {
        "price": 0.708,
        "longCountPercent": 3.92,
        "shortCountPercent": 0
      },
      {
        "price": 0.7085,
        "longCountPercent": 0,
        "shortCountPercent": 1.31
      },
      {
        "price": 0.709,
        "longCountPercent": 1.31,
        "shortCountPercent": 0
      },
      {
        "price": 0.7095,
        "longCountPercent": 1.31,
        "shortCountPercent": 0
      },
      {
        "price": 0.71,
        "longCountPercent": 3.92,
        "shortCountPercent": 0
      },
      {
        "price": 0.7105,
        "longCountPercent": 1.31,
        "shortCountPercent": 1.31
      },
      {
        "price": 0.711,
        "longCountPercent": 5.22,
        "shortCountPercent": 0
      },
      {
        "price": 0.7115,
        "longCountPercent": 1.31,
        "shortCountPercent": 1.31
      },
      {
        "price": 0.712,
        "longCountPercent": 2.61,
        "shortCountPercent": 1.31
      },
      {
        "price": 0.7125,
        "longCountPercent": 3.92,
        "shortCountPercent": 1.31
      },
      {
        "price": 0.7135,
        "longCountPercent": 2.61,
        "shortCountPercent": 0
      },
      {
        "price": 0.714,
        "longCountPercent": 3.92,
        "shortCountPercent": 0
      },
      {
        "price": 0.7145,
        "longCountPercent": 1.31,
        "shortCountPercent": 0
      },
      {
        "price": 0.715,
        "longCountPercent": 5.22,
        "shortCountPercent": 0
      },
      {
        "price": 0.7155,
        "longCountPercent": 6.53,
        "shortCountPercent": 0
      },
      {
        "price": 0.716,
        "longCountPercent": 1.31,
        "shortCountPercent": 0
      },
      {
        "price": 0.7165,
        "longCountPercent": 7.83,
        "shortCountPercent": 1.31
      },
      {
        "price": 0.717,
        "longCountPercent": 2.61,
        "shortCountPercent": 0
      },
      {
        "price": 0.7175,
        "longCountPercent": 1.31,
        "shortCountPercent": 0
      },
      {
        "price": 0.718,
        "longCountPercent": 3.92,
        "shortCountPercent": 0
      },
      {
        "price": 0.7185,
        "longCountPercent": 5.22,
        "shortCountPercent": 0
      },
      {
        "price": 0.719,
        "longCountPercent": 5.22,
        "shortCountPercent": 0
      },
      {
        "price": 0.7195,
        "longCountPercent": 6.53,
        "shortCountPercent": 0
      },
      {
        "price": 0.72,
        "longCountPercent": 6.53,
        "shortCountPercent": 0
      },
      {
        "price": 0.7205,
        "longCountPercent": 9.14,
        "shortCountPercent": 1.31
      },
      {
        "price": 0.721,
        "longCountPercent": 6.53,
        "shortCountPercent": 0
      },
      {
        "price": 0.7215,
        "longCountPercent": 5.22,
        "shortCountPercent": 0
      },
      {
        "price": 0.722,
        "longCountPercent": 11.75,
        "shortCountPercent": 3.92
      },
      {
        "price": 0.7225,
        "longCountPercent": 3.92,
        "shortCountPercent": 0
      },
      {
        "price": 0.723,
        "longCountPercent": 5.22,
        "shortCountPercent": 0
      },
      {
        "price": 0.7235,
        "longCountPercent": 10.44,
        "shortCountPercent": 0
      },
      {
        "price": 0.724,
        "longCountPercent": 10.44,
        "shortCountPercent": 1.31
      },
      {
        "price": 0.7245,
        "longCountPercent": 2.61,
        "shortCountPercent": 0
      },
      {
        "price": 0.725,
        "longCountPercent": 6.53,
        "shortCountPercent": 0
      },
      {
        "price": 0.7255,
        "longCountPercent": 3.92,
        "shortCountPercent": 2.61
      },
      {
        "price": 0.726,
        "longCountPercent": 2.61,
        "shortCountPercent": 0
      },
      {
        "price": 0.7265,
        "longCountPercent": 7.83,
        "shortCountPercent": 1.31
      },
      {
        "price": 0.727,
        "longCountPercent": 3.92,
        "shortCountPercent": 1.31
      },
      {
        "price": 0.7275,
        "longCountPercent": 1.31,
        "shortCountPercent": 0
      },
      {
        "price": 0.728,
        "longCountPercent": 6.53,
        "shortCountPercent": 0
      },
      {
        "price": 0.7285,
        "longCountPercent": 3.92,
        "shortCountPercent": 0
      },
      {
        "price": 0.729,
        "longCountPercent": 14.36,
        "shortCountPercent": 0
      },
      {
        "price": 0.7295,
        "longCountPercent": 13.05,
        "shortCountPercent": 0
      },
      {
        "price": 0.73,
        "longCountPercent": 10.44,
        "shortCountPercent": 0
      },
      {
        "price": 0.731,
        "longCountPercent": 10.44,
        "shortCountPercent": 0
      },
      {
        "price": 0.7315,
        "longCountPercent": 3.92,
        "shortCountPercent": 0
      },
      {
        "price": 0.732,
        "longCountPercent": 5.22,
        "shortCountPercent": 0
      },
      {
        "price": 0.7325,
        "longCountPercent": 5.22,
        "shortCountPercent": 0
      },
      {
        "price": 0.733,
        "longCountPercent": 3.92,
        "shortCountPercent": 0
      },
      {
        "price": 0.7335,
        "longCountPercent": 2.61,
        "shortCountPercent": 0
      },
      {
        "price": 0.734,
        "longCountPercent": 2.61,
        "shortCountPercent": 0
      },
      {
        "price": 0.7345,
        "longCountPercent": 1.31,
        "shortCountPercent": 0
      },
      {
        "price": 0.735,
        "longCountPercent": 6.53,
        "shortCountPercent": 0
      },
      {
        "price": 0.736,
        "longCountPercent": 3.92,
        "shortCountPercent": 0
      },
      {
        "price": 0.7365,
        "longCountPercent": 5.22,
        "shortCountPercent": 0
      },
      {
        "price": 0.737,
        "longCountPercent": 6.53,
        "shortCountPercent": 0
      },
      {
        "price": 0.7375,
        "longCountPercent": 2.61,
        "shortCountPercent": 0
      },
      {
        "price": 0.738,
        "longCountPercent": 3.92,
        "shortCountPercent": 0
      },
      {
        "price": 0.7385,
        "longCountPercent": 2.61,
        "shortCountPercent": 0
      },
      {
        "price": 0.739,
        "longCountPercent": 7.83,
        "shortCountPercent": 0
      },
      {
        "price": 0.7395,
        "longCountPercent": 2.61,
        "shortCountPercent": 0
      },
      {
        "price": 0.74,
        "longCountPercent": 2.61,
        "shortCountPercent": 0
      },
      {
        "price": 0.7405,
        "longCountPercent": 1.31,
        "shortCountPercent": 0
      },
      {
        "price": 0.741,
        "longCountPercent": 5.22,
        "shortCountPercent": 0
      },
      {
        "price": 0.742,
        "longCountPercent": 5.22,
        "shortCountPercent": 0
      },
      {
        "price": 0.7425,
        "longCountPercent": 2.61,
        "shortCountPercent": 0
      },
      {
        "price": 0.743,
        "longCountPercent": 6.53,
        "shortCountPercent": 0
      },
      {
        "price": 0.744,
        "longCountPercent": 14.36,
        "shortCountPercent": 0
      },
      {
        "price": 0.7445,
        "longCountPercent": 6.53,
        "shortCountPercent": 0
      },
      {
        "price": 0.745,
        "longCountPercent": 2.61,
        "shortCountPercent": 0
      },
      {
        "price": 0.7455,
        "longCountPercent": 1.31,
        "shortCountPercent": 0
      },
      {
        "price": 0.746,
        "longCountPercent": 2.61,
        "shortCountPercent": 0
      },
      {
        "price": 0.747,
        "longCountPercent": 1.31,
        "shortCountPercent": 0
      },
      {
        "price": 0.748,
        "longCountPercent": 1.31,
        "shortCountPercent": 0
      },
      {
        "price": 0.749,
        "longCountPercent": 1.31,
        "shortCountPercent": 0
      },
      {
        "price": 0.7495,
        "longCountPercent": 1.31,
        "shortCountPercent": 0
      },
      {
        "price": 0.75,
        "longCountPercent": 1.31,
        "shortCountPercent": 0
      },
      {
        "price": 0.751,
        "longCountPercent": 5.22,
        "shortCountPercent": 0
      },
      {
        "price": 0.752,
        "longCountPercent": 2.61,
        "shortCountPercent": 0
      },
      {
        "price": 0.753,
        "longCountPercent": 1.31,
        "shortCountPercent": 0
      },
      {
        "price": 0.7535,
        "longCountPercent": 1.31,
        "shortCountPercent": 0
      },
      {
        "price": 0.754,
        "longCountPercent": 2.61,
        "shortCountPercent": 0
      },
      {
        "price": 0.7545,
        "longCountPercent": 1.31,
        "shortCountPercent": 0
      },
      {
        "price": 0.755,
        "longCountPercent": 1.31,
        "shortCountPercent": 0
      },
      {
        "price": 0.756,
        "longCountPercent": 1.31,
        "shortCountPercent": 0
      },
      {
        "price": 0.757,
        "longCountPercent": 5.22,
        "shortCountPercent": 0
      },
      {
        "price": 0.758,
        "longCountPercent": 1.31,
        "shortCountPercent": 0
      },
      {
        "price": 0.759,
        "longCountPercent": 1.31,
        "shortCountPercent": 0
      },
      {
        "price": 0.76,
        "longCountPercent": 2.61,
        "shortCountPercent": 0
      },
      {
        "price": 0.761,
        "longCountPercent": 1.31,
        "shortCountPercent": 0
      },
      {
        "price": 0.762,
        "longCountPercent": 2.61,
        "shortCountPercent": 0
      },
      {
        "price": 0.763,
        "longCountPercent": 1.31,
        "shortCountPercent": 0
      },
      {
        "price": 0.7635,
        "longCountPercent": 1.31,
        "shortCountPercent": 0
      },
      {
        "price": 0.764,
        "longCountPercent": 1.31,
        "shortCountPercent": 0
      },
      {
        "price": 0.7645,
        "longCountPercent": 1.31,
        "shortCountPercent": 0
      },
      {
        "price": 0.7655,
        "longCountPercent": 1.31,
        "shortCountPercent": 0
      },
      {
        "price": 0.7665,
        "longCountPercent": 1.31,
        "shortCountPercent": 0
      },
      {
        "price": 0.768,
        "longCountPercent": 1.31,
        "shortCountPercent": 0
      },
      {
        "price": 0.769,
        "longCountPercent": 1.31,
        "shortCountPercent": 0
      },
      {
        "price": 0.77,
        "longCountPercent": 2.61,
        "shortCountPercent": 0
      },
      {
        "price": 0.771,
        "longCountPercent": 1.31,
        "shortCountPercent": 0
      },
      {
        "price": 0.772,
        "longCountPercent": 1.31,
        "shortCountPercent": 0
      },
      {
        "price": 0.7725,
        "longCountPercent": 2.61,
        "shortCountPercent": 0
      },
      {
        "price": 0.773,
        "longCountPercent": 2.61,
        "shortCountPercent": 0
      },
      {
        "price": 0.7735,
        "longCountPercent": 1.31,
        "shortCountPercent": 0
      },
      {
        "price": 0.774,
        "longCountPercent": 2.61,
        "shortCountPercent": 0
      },
      {
        "price": 0.775,
        "longCountPercent": 1.31,
        "shortCountPercent": 0
      },
      {
        "price": 0.7755,
        "longCountPercent": 2.61,
        "shortCountPercent": 0
      },
      {
        "price": 0.776,
        "longCountPercent": 1.31,
        "shortCountPercent": 0
      },
      {
        "price": 0.777,
        "longCountPercent": 1.31,
        "shortCountPercent": 0
      },
      {
        "price": 0.778,
        "longCountPercent": 1.31,
        "shortCountPercent": 0
      },
      {
        "price": 0.779,
        "longCountPercent": 2.61,
        "shortCountPercent": 0
      },
      {
        "price": 0.7795,
        "longCountPercent": 0,
        "shortCountPercent": 1.31
      },
      {
        "price": 0.78,
        "longCountPercent": 1.31,
        "shortCountPercent": 0
      },
      {
        "price": 0.781,
        "longCountPercent": 1.31,
        "shortCountPercent": 0
      },
      {
        "price": 0.7815,
        "longCountPercent": 1.31,
        "shortCountPercent": 0
      },
      {
        "price": 0.782,
        "longCountPercent": 5.22,
        "shortCountPercent": 0
      },
      {
        "price": 0.7825,
        "longCountPercent": 1.31,
        "shortCountPercent": 0
      },
      {
        "price": 0.7835,
        "longCountPercent": 3.92,
        "shortCountPercent": 0
      },
      {
        "price": 0.784,
        "longCountPercent": 1.31,
        "shortCountPercent": 0
      },
      {
        "price": 0.7845,
        "longCountPercent": 1.31,
        "shortCountPercent": 0
      },
      {
        "price": 0.785,
        "longCountPercent": 3.92,
        "shortCountPercent": 0
      },
      {
        "price": 0.786,
        "longCountPercent": 3.92,
        "shortCountPercent": 0
      },
      {
        "price": 0.787,
        "longCountPercent": 2.61,
        "shortCountPercent": 0
      },
      {
        "price": 0.788,
        "longCountPercent": 6.53,
        "shortCountPercent": 0
      },
      {
        "price": 0.7885,
        "longCountPercent": 1.31,
        "shortCountPercent": 0
      },
      {
        "price": 0.789,
        "longCountPercent": 5.22,
        "shortCountPercent": 0
      },
      {
        "price": 0.7895,
        "longCountPercent": 3.92,
        "shortCountPercent": 1.31
      },
      {
        "price": 0.79,
        "longCountPercent": 6.53,
        "shortCountPercent": 0
      },
      {
        "price": 0.791,
        "longCountPercent": 3.92,
        "shortCountPercent": 0
      },
      {
        "price": 0.792,
        "longCountPercent": 3.92,
        "shortCountPercent": 0
      },
      {
        "price": 0.793,
        "longCountPercent": 7.83,
        "shortCountPercent": 0
      },
      {
        "price": 0.7935,
        "longCountPercent": 2.61,
        "shortCountPercent": 0
      },
      {
        "price": 0.794,
        "longCountPercent": 5.22,
        "shortCountPercent": 0
      },
      {
        "price": 0.7945,
        "longCountPercent": 2.61,
        "shortCountPercent": 0
      },
      {
        "price": 0.795,
        "longCountPercent": 7.83,
        "shortCountPercent": 0
      },
      {
        "price": 0.7955,
        "longCountPercent": 2.61,
        "shortCountPercent": 0
      },
      {
        "price": 0.796,
        "longCountPercent": 6.53,
        "shortCountPercent": 0
      },
      {
        "price": 0.7965,
        "longCountPercent": 3.92,
        "shortCountPercent": 0
      },
      {
        "price": 0.797,
        "longCountPercent": 7.83,
        "shortCountPercent": 0
      },
      {
        "price": 0.7975,
        "longCountPercent": 2.61,
        "shortCountPercent": 0
      },
      {
        "price": 0.798,
        "longCountPercent": 2.61,
        "shortCountPercent": 0
      },
      {
        "price": 0.7985,
        "longCountPercent": 1.31,
        "shortCountPercent": 0
      },
      {
        "price": 0.799,
        "longCountPercent": 5.22,
        "shortCountPercent": 0
      },
      {
        "price": 0.7995,
        "longCountPercent": 3.92,
        "shortCountPercent": 0
      },
      {
        "price": 0.8,
        "longCountPercent": 9.14,
        "shortCountPercent": 0
      },
      {
        "price": 0.8005,
        "longCountPercent": 11.75,
        "shortCountPercent": 0
      },
      {
        "price": 0.801,
        "longCountPercent": 3.92,
        "shortCountPercent": 0
      },
      {
        "price": 0.802,
        "longCountPercent": 2.61,
        "shortCountPercent": 0
      },
      {
        "price": 0.803,
        "longCountPercent": 1.31,
        "shortCountPercent": 0
      },
      {
        "price": 0.804,
        "longCountPercent": 2.61,
        "shortCountPercent": 0
      },
      {
        "price": 0.8045,
        "longCountPercent": 7.83,
        "shortCountPercent": 0
      },
      {
        "price": 0.805,
        "longCountPercent": 7.83,
        "shortCountPercent": 0
      },
      {
        "price": 0.8055,
        "longCountPercent": 6.53,
        "shortCountPercent": 0
      },
      {
        "price": 0.806,
        "longCountPercent": 5.22,
        "shortCountPercent": 0
      },
      {
        "price": 0.8065,
        "longCountPercent": 9.14,
        "shortCountPercent": 0
      },
      {
        "price": 0.807,
        "longCountPercent": 3.92,
        "shortCountPercent": 0
      },
      {
        "price": 0.808,
        "longCountPercent": 2.61,
        "shortCountPercent": 0
      },
      {
        "price": 0.8085,
        "longCountPercent": 1.31,
        "shortCountPercent": 0
      },
      {
        "price": 0.809,
        "longCountPercent": 3.92,
        "shortCountPercent": 0
      },
      {
        "price": 0.8095,
        "longCountPercent": 1.31,
        "shortCountPercent": 0
      },
      {
        "price": 0.81,
        "longCountPercent": 2.61,
        "shortCountPercent": 0
      },
      {
        "price": 0.8105,
        "longCountPercent": 1.31,
        "shortCountPercent": 0
      },
      {
        "price": 0.811,
        "longCountPercent": 2.61,
        "shortCountPercent": 0
      },
      {
        "price": 0.8115,
        "longCountPercent": 1.31,
        "shortCountPercent": 0
      },
      {
        "price": 0.812,
        "longCountPercent": 1.31,
        "shortCountPercent": 0
      },
      {
        "price": 0.8125,
        "longCountPercent": 3.92,
        "shortCountPercent": 0
      },
      {
        "price": 0.813,
        "longCountPercent": 7.83,
        "shortCountPercent": 0
      },
      {
        "price": 0.8135,
        "longCountPercent": 6.53,
        "shortCountPercent": 0
      },
      {
        "price": 0.814,
        "longCountPercent": 3.92,
        "shortCountPercent": 0
      },
      {
        "price": 0.8145,
        "longCountPercent": 2.61,
        "shortCountPercent": 0
      },
      {
        "price": 0.815,
        "longCountPercent": 2.61,
        "shortCountPercent": 0
      },
      {
        "price": 0.816,
        "longCountPercent": 2.61,
        "shortCountPercent": 0
      },
      {
        "price": 0.8165,
        "longCountPercent": 2.61,
        "shortCountPercent": 0
      },
      {
        "price": 0.817,
        "longCountPercent": 1.31,
        "shortCountPercent": 0
      },
      {
        "price": 0.8175,
        "longCountPercent": 1.31,
        "shortCountPercent": 0
      },
      {
        "price": 0.818,
        "longCountPercent": 1.31,
        "shortCountPercent": 0
      },
      {
        "price": 0.819,
        "longCountPercent": 1.31,
        "shortCountPercent": 0
      },
      {
        "price": 0.82,
        "longCountPercent": 3.92,
        "shortCountPercent": 0
      },
      {
        "price": 0.8205,
        "longCountPercent": 1.31,
        "shortCountPercent": 0
      },
      {
        "price": 0.8215,
        "longCountPercent": 1.31,
        "shortCountPercent": 0
      },
      {
        "price": 0.823,
        "longCountPercent": 1.31,
        "shortCountPercent": 0
      },
      {
        "price": 0.8235,
        "longCountPercent": 1.31,
        "shortCountPercent": 0
      },
      {
        "price": 0.824,
        "longCountPercent": 1.31,
        "shortCountPercent": 0
      },
      {
        "price": 0.825,
        "longCountPercent": 1.31,
        "shortCountPercent": 0
      },
      {
        "price": 0.826,
        "longCountPercent": 1.31,
        "shortCountPercent": 0
      },
      {
        "price": 0.827,
        "longCountPercent": 1.31,
        "shortCountPercent": 0
      },
      {
        "price": 0.8275,
        "longCountPercent": 0,
        "shortCountPercent": 1.31
      },
      {
        "price": 0.828,
        "longCountPercent": 2.61,
        "shortCountPercent": 0
      },
      {
        "price": 0.829,
        "longCountPercent": 1.31,
        "shortCountPercent": 0
      },
      {
        "price": 0.83,
        "longCountPercent": 1.31,
        "shortCountPercent": 0
      },
      {
        "price": 0.831,
        "longCountPercent": 1.31,
        "shortCountPercent": 0
      },
      {
        "price": 0.832,
        "longCountPercent": 2.61,
        "shortCountPercent": 0
      },
      {
        "price": 0.833,
        "longCountPercent": 1.31,
        "shortCountPercent": 0
      },
      {
        "price": 0.834,
        "longCountPercent": 1.31,
        "shortCountPercent": 0
      },
      {
        "price": 0.835,
        "longCountPercent": 1.31,
        "shortCountPercent": 0
      },
      {
        "price": 0.8355,
        "longCountPercent": 1.31,
        "shortCountPercent": 0
      },
      {
        "price": 0.836,
        "longCountPercent": 2.61,
        "shortCountPercent": 0
      },
      {
        "price": 0.8365,
        "longCountPercent": 1.31,
        "shortCountPercent": 0
      },
      {
        "price": 0.8375,
        "longCountPercent": 2.61,
        "shortCountPercent": 0
      },
      {
        "price": 0.838,
        "longCountPercent": 1.31,
        "shortCountPercent": 0
      },
      {
        "price": 0.839,
        "longCountPercent": 1.31,
        "shortCountPercent": 0
      },
      {
        "price": 0.84,
        "longCountPercent": 2.61,
        "shortCountPercent": 0
      },
      {
        "price": 0.8405,
        "longCountPercent": 1.31,
        "shortCountPercent": 0
      },
      {
        "price": 0.841,
        "longCountPercent": 1.31,
        "shortCountPercent": 0
      },
      {
        "price": 0.842,
        "longCountPercent": 1.31,
        "shortCountPercent": 0
      },
      {
        "price": 0.8425,
        "longCountPercent": 1.31,
        "shortCountPercent": 0
      },
      {
        "price": 0.843,
        "longCountPercent": 1.31,
        "shortCountPercent": 0
      },
      {
        "price": 0.844,
        "longCountPercent": 2.61,
        "shortCountPercent": 0
      },
      {
        "price": 0.845,
        "longCountPercent": 2.61,
        "shortCountPercent": 0
      },
      {
        "price": 0.846,
        "longCountPercent": 1.31,
        "shortCountPercent": 0
      },
      {
        "price": 0.8465,
        "longCountPercent": 2.61,
        "shortCountPercent": 0
      },
      {
        "price": 0.847,
        "longCountPercent": 1.31,
        "shortCountPercent": 0
      },
      {
        "price": 0.848,
        "longCountPercent": 2.61,
        "shortCountPercent": 0
      },
      {
        "price": 0.849,
        "longCountPercent": 1.31,
        "shortCountPercent": 0
      },
      {
        "price": 0.85,
        "longCountPercent": 2.61,
        "shortCountPercent": 0
      },
      {
        "price": 0.851,
        "longCountPercent": 3.92,
        "shortCountPercent": 0
      },
      {
        "price": 0.8515,
        "longCountPercent": 2.61,
        "shortCountPercent": 0
      },
      {
        "price": 0.852,
        "longCountPercent": 1.31,
        "shortCountPercent": 0
      },
      {
        "price": 0.853,
        "longCountPercent": 1.31,
        "shortCountPercent": 0
      },
      {
        "price": 0.8555,
        "longCountPercent": 1.31,
        "shortCountPercent": 0
      },
      {
        "price": 0.857,
        "longCountPercent": 1.31,
        "shortCountPercent": 0
      },
      {
        "price": 0.8575,
        "longCountPercent": 1.31,
        "shortCountPercent": 0
      },
      {
        "price": 0.8585,
        "longCountPercent": 1.31,
        "shortCountPercent": 0
      },
      {
        "price": 0.8595,
        "longCountPercent": 1.31,
        "shortCountPercent": 0
      },
      {
        "price": 0.8615,
        "longCountPercent": 1.31,
        "shortCountPercent": 0
      },
      {
        "price": 0.8705,
        "longCountPercent": 1.31,
        "shortCountPercent": 0
      },
      {
        "price": 0.877,
        "longCountPercent": 1.31,
        "shortCountPercent": 0
      },
      {
        "price": 0.878,
        "longCountPercent": 1.31,
        "shortCountPercent": 0
      },
      {
        "price": 0.8805,
        "longCountPercent": 1.31,
        "shortCountPercent": 0
      },
      {
        "price": 0.882,
        "longCountPercent": 1.31,
        "shortCountPercent": 0
      },
      {
        "price": 0.8825,
        "longCountPercent": 1.31,
        "shortCountPercent": 0
      }
    ],
    "region": "-",
    "division": "-",
    "dataSource": "-",
    "snapshot": "12月18日 5時00分",
    "lastupdate": "12月18日 5時30分",
    "longPercent": 55.02,
    "shortPercent": 44.98
  }
}