{
  "orderBook": {
    "price": 6861.6,
    "bucketWidth": "5.0000",
    "buckets": [
      {
        "price": 0,
        "longCountPercent": 8.13,
        "shortCountPercent": 0
      },
      {
        "price": 5,
        "longCountPercent": 0,
        "shortCountPercent": 4.07
      },
      {
        "price": 25,
        "longCountPercent": 4.07,
        "shortCountPercent": 0
      },
      {
        "price": 435,
        "longCountPercent": 4.07,
        "shortCountPercent": 0
      },
      {
        "price": 450,
        "longCountPercent": 4.07,
        "shortCountPercent": 0
      },
      {
        "price": 490,
        "longCountPercent": 4.07,
        "shortCountPercent": 0
      },
      {
        "price": 585,
        "longCountPercent": 0,
        "shortCountPercent": 4.07
      },
      {
        "price": 605,
        "longCountPercent": 4.07,
        "shortCountPercent": 0
      },
      {
        "price": 625,
        "longCountPercent": 4.07,
        "shortCountPercent": 0
      },
      {
        "price": 675,
        "longCountPercent": 0,
        "shortCountPercent": 4.07
      },
      {
        "price": 1000,
        "longCountPercent": 4.07,
        "shortCountPercent": 0
      },
      {
        "price": 1560,
        "longCountPercent": 4.07,
        "shortCountPercent": 0
      },
      {
        "price": 1585,
        "longCountPercent": 4.07,
        "shortCountPercent": 0
      },
      {
        "price": 1800,
        "longCountPercent": 4.07,
        "shortCountPercent": 0
      },
      {
        "price": 1885,
        "longCountPercent": 4.07,
        "shortCountPercent": 0
      },
      {
        "price": 1995,
        "longCountPercent": 4.07,
        "shortCountPercent": 0
      },
      {
        "price": 2005,
        "longCountPercent": 4.07,
        "shortCountPercent": 0
      },
      {
        "price": 2015,
        "longCountPercent": 4.07,
        "shortCountPercent": 0
      },
      {
        "price": 2025,
        "longCountPercent": 4.07,
        "shortCountPercent": 0
      },
      {
        "price": 2035,
        "longCountPercent": 4.07,
        "shortCountPercent": 0
      },
      {
        "price": 2075,
        "longCountPercent": 4.07,
        "shortCountPercent": 0
      },
      {
        "price": 2120,
        "longCountPercent": 4.07,
        "shortCountPercent": 0
      },
      {
        "price": 2130,
        "longCountPercent": 4.07,
        "shortCountPercent": 0
      },
      {
        "price": 2150,
        "longCountPercent": 4.07,
        "shortCountPercent": 0
      },
      {
        "price": 2235,
        "longCountPercent": 4.07,
        "shortCountPercent": 4.07
      },
      {
        "price": 2255,
        "longCountPercent": 4.07,
        "shortCountPercent": 0
      },
      {
        "price": 2285,
        "longCountPercent": 4.07,
        "shortCountPercent": 0
      },
      {
        "price": 2295,
        "longCountPercent": 4.07,
        "shortCountPercent": 0
      },
      {
        "price": 2325,
        "longCountPercent": 4.07,
        "shortCountPercent": 0
      },
      {
        "price": 2360,
        "longCountPercent": 4.07,
        "shortCountPercent": 0
      },
      {
        "price": 2415,
        "longCountPercent": 4.07,
        "shortCountPercent": 0
      },
      {
        "price": 2435,
        "longCountPercent": 4.07,
        "shortCountPercent": 0
      },
      {
        "price": 2450,
        "longCountPercent": 4.07,
        "shortCountPercent": 0
      },
      {
        "price": 2500,
        "longCountPercent": 4.07,
        "shortCountPercent": 0
      },
      {
        "price": 2515,
        "longCountPercent": 0,
        "shortCountPercent": 4.07
      },
      {
        "price": 2635,
        "longCountPercent": 4.07,
        "shortCountPercent": 0
      },
      {
        "price": 2720,
        "longCountPercent": 4.07,
        "shortCountPercent": 0
      },
      {
        "price": 2750,
        "longCountPercent": 0,
        "shortCountPercent": 4.07
      },
      {
        "price": 2755,
        "longCountPercent": 0,
        "shortCountPercent": 4.07
      },
      {
        "price": 2765,
        "longCountPercent": 0,
        "shortCountPercent": 4.07
      },
      {
        "price": 2800,
        "longCountPercent": 4.07,
        "shortCountPercent": 0
      },
      {
        "price": 2815,
        "longCountPercent": 4.07,
        "shortCountPercent": 0
      },
      {
        "price": 2835,
        "longCountPercent": 4.07,
        "shortCountPercent": 0
      },
      {
        "price": 2895,
        "longCountPercent": 0,
        "shortCountPercent": 4.07
      },
      {
        "price": 2945,
        "longCountPercent": 4.07,
        "shortCountPercent": 4.07
      },
      {
        "price": 2965,
        "longCountPercent": 4.07,
        "shortCountPercent": 0
      },
      {
        "price": 2970,
        "longCountPercent": 0,
        "shortCountPercent": 4.07
      },
      {
        "price": 2985,
        "longCountPercent": 8.13,
        "shortCountPercent": 0
      },
      {
        "price": 3000,
        "longCountPercent": 12.2,
        "shortCountPercent": 0
      },
      {
        "price": 3035,
        "longCountPercent": 4.07,
        "shortCountPercent": 0
      },
      {
        "price": 3085,
        "longCountPercent": 0,
        "shortCountPercent": 4.07
      },
      {
        "price": 3100,
        "longCountPercent": 8.13,
        "shortCountPercent": 0
      },
      {
        "price": 3105,
        "longCountPercent": 0,
        "shortCountPercent": 8.13
      },
      {
        "price": 3135,
        "longCountPercent": 8.13,
        "shortCountPercent": 0
      },
      {
        "price": 3150,
        "longCountPercent": 0,
        "shortCountPercent": 4.07
      },
      {
        "price": 3180,
        "longCountPercent": 0,
        "shortCountPercent": 4.07
      },
      {
        "price": 3195,
        "longCountPercent": 4.07,
        "shortCountPercent": 0
      },
      {
        "price": 3200,
        "longCountPercent": 8.13,
        "shortCountPercent": 0
      },
      {
        "price": 3205,
        "longCountPercent": 4.07,
        "shortCountPercent": 4.07
      },
      {
        "price": 3210,
        "longCountPercent": 4.07,
        "shortCountPercent": 0
      },
      {
        "price": 3215,
        "longCountPercent": 8.13,
        "shortCountPercent": 0
      },
      {
        "price": 3220,
        "longCountPercent": 4.07,
        "shortCountPercent": 0
      },
      {
        "price": 3225,
        "longCountPercent": 4.07,
        "shortCountPercent": 0
      },
      {
        "price": 3230,
        "longCountPercent": 4.07,
        "shortCountPercent": 0
      },
      {
        "price": 3235,
        "longCountPercent": 4.07,
        "shortCountPercent": 0
      },
      {
        "price": 3250,
        "longCountPercent": 4.07,
        "shortCountPercent": 0
      },
      {
        "price": 3255,
        "longCountPercent": 4.07,
        "shortCountPercent": 0
      },
      {
        "price": 3300,
        "longCountPercent": 12.2,
        "shortCountPercent": 0
      },
      {
        "price": 3305,
        "longCountPercent": 4.07,
        "shortCountPercent": 0
      },
      {
        "price": 3360,
        "longCountPercent": 4.07,
        "shortCountPercent": 0
      },
      {
        "price": 3365,
        "longCountPercent": 4.07,
        "shortCountPercent": 0
      },
      {
        "price": 3375,
        "longCountPercent": 4.07,
        "shortCountPercent": 0
      },
      {
        "price": 3390,
        "longCountPercent": 8.13,
        "shortCountPercent": 0
      },
      {
        "price": 3395,
        "longCountPercent": 0,
        "shortCountPercent": 4.07
      },
      {
        "price": 3400,
        "longCountPercent": 12.2,
        "shortCountPercent": 0
      },
      {
        "price": 3415,
        "longCountPercent": 4.07,
        "shortCountPercent": 0
      },
      {
        "price": 3430,
        "longCountPercent": 4.07,
        "shortCountPercent": 0
      },
      {
        "price": 3435,
        "longCountPercent": 8.13,
        "shortCountPercent": 0
      },
      {
        "price": 3440,
        "longCountPercent": 4.07,
        "shortCountPercent": 0
      },
      {
        "price": 3480,
        "longCountPercent": 8.13,
        "shortCountPercent": 0
      },
      {
        "price": 3485,
        "longCountPercent": 12.2,
        "shortCountPercent": 0
      },
      {
        "price": 3490,
        "longCountPercent": 8.13,
        "shortCountPercent": 0
      },
      {
        "price": 3495,
        "longCountPercent": 20.33,
        "shortCountPercent": 0
      },
      {
        "price": 3500,
        "longCountPercent": 16.27,
        "shortCountPercent": 0
      },
      {
        "price": 3510,
        "longCountPercent": 4.07,
        "shortCountPercent": 0
      },
      {
        "price": 3520,
        "longCountPercent": 4.07,
        "shortCountPercent": 0
      },
      {
        "price": 3530,
        "longCountPercent": 4.07,
        "shortCountPercent": 0
      },
      {
        "price": 3550,
        "longCountPercent": 12.2,
        "shortCountPercent": 0
      },
      {
        "price": 3560,
        "longCountPercent": 4.07,
        "shortCountPercent": 0
      },
      {
        "price": 3570,
        "longCountPercent": 8.13,
        "shortCountPercent": 0
      },
      {
        "price": 3575,
        "longCountPercent": 8.13,
        "shortCountPercent": 0
      },
      {
        "price": 3585,
        "longCountPercent": 8.13,
        "shortCountPercent": 0
      },
      {
        "price": 3590,
        "longCountPercent": 4.07,
        "shortCountPercent": 0
      },
      {
        "price": 3595,
        "longCountPercent": 4.07,
        "shortCountPercent": 0
      },
      {
        "price": 3600,
        "longCountPercent": 8.13,
        "shortCountPercent": 0
      },
      {
        "price": 3610,
        "longCountPercent": 4.07,
        "shortCountPercent": 0
      },
      {
        "price": 3615,
        "longCountPercent": 4.07,
        "shortCountPercent": 0
      },
      {
        "price": 3625,
        "longCountPercent": 4.07,
        "shortCountPercent": 0
      },
      {
        "price": 3635,
        "longCountPercent": 4.07,
        "shortCountPercent": 0
      },
      {
        "price": 3640,
        "longCountPercent": 4.07,
        "shortCountPercent": 0
      },
      {
        "price": 3650,
        "longCountPercent": 8.13,
        "shortCountPercent": 0
      },
      {
        "price": 3655,
        "longCountPercent": 4.07,
        "shortCountPercent": 0
      },
      {
        "price": 3665,
        "longCountPercent": 8.13,
        "shortCountPercent": 0
      },
      {
        "price": 3685,
        "longCountPercent": 4.07,
        "shortCountPercent": 0
      },
      {
        "price": 3695,
        "longCountPercent": 0,
        "shortCountPercent": 4.07
      },
      {
        "price": 3700,
        "longCountPercent": 12.2,
        "shortCountPercent": 0
      },
      {
        "price": 3710,
        "longCountPercent": 8.13,
        "shortCountPercent": 0
      },
      {
        "price": 3730,
        "longCountPercent": 4.07,
        "shortCountPercent": 0
      },
      {
        "price": 3740,
        "longCountPercent": 0,
        "shortCountPercent": 4.07
      },
      {
        "price": 3745,
        "longCountPercent": 0,
        "shortCountPercent": 4.07
      },
      {
        "price": 3750,
        "longCountPercent": 8.13,
        "shortCountPercent": 0
      },
      {
        "price": 3755,
        "longCountPercent": 8.13,
        "shortCountPercent": 4.07
      },
      {
        "price": 3760,
        "longCountPercent": 4.07,
        "shortCountPercent": 0
      },
      {
        "price": 3765,
        "longCountPercent": 0,
        "shortCountPercent": 4.07
      },
      {
        "price": 3775,
        "longCountPercent": 4.07,
        "shortCountPercent": 4.07
      },
      {
        "price": 3780,
        "longCountPercent": 4.07,
        "shortCountPercent": 0
      },
      {
        "price": 3785,
        "longCountPercent": 0,
        "shortCountPercent": 4.07
      },
      {
        "price": 3795,
        "longCountPercent": 0,
        "shortCountPercent": 4.07
      },
      {
        "price": 3800,
        "longCountPercent": 28.47,
        "shortCountPercent": 0
      },
      {
        "price": 3805,
        "longCountPercent": 4.07,
        "shortCountPercent": 4.07
      },
      {
        "price": 3820,
        "longCountPercent": 0,
        "shortCountPercent": 4.07
      },
      {
        "price": 3825,
        "longCountPercent": 0,
        "shortCountPercent": 4.07
      },
      {
        "price": 3830,
        "longCountPercent": 0,
        "shortCountPercent": 4.07
      },
      {
        "price": 3845,
        "longCountPercent": 4.07,
        "shortCountPercent": 0
      },
      {
        "price": 3850,
        "longCountPercent": 4.07,
        "shortCountPercent": 4.07
      },
      {
        "price": 3860,
        "longCountPercent": 4.07,
        "shortCountPercent": 0
      },
      {
        "price": 3885,
        "longCountPercent": 0,
        "shortCountPercent": 4.07
      },
      {
        "price": 3890,
        "longCountPercent": 0,
        "shortCountPercent": 4.07
      },
      {
        "price": 3900,
        "longCountPercent": 20.33,
        "shortCountPercent": 0
      },
      {
        "price": 3905,
        "longCountPercent": 4.07,
        "shortCountPercent": 0
      },
      {
        "price": 3915,
        "longCountPercent": 0,
        "shortCountPercent": 4.07
      },
      {
        "price": 3920,
        "longCountPercent": 0,
        "shortCountPercent": 4.07
      },
      {
        "price": 3925,
        "longCountPercent": 0,
        "shortCountPercent": 4.07
      },
      {
        "price": 3930,
        "longCountPercent": 4.07,
        "shortCountPercent": 4.07
      },
      {
        "price": 3935,
        "longCountPercent": 0,
        "shortCountPercent": 4.07
      },
      {
        "price": 3940,
        "longCountPercent": 0,
        "shortCountPercent": 4.07
      },
      {
        "price": 3945,
        "longCountPercent": 4.07,
        "shortCountPercent": 4.07
      },
      {
        "price": 3950,
        "longCountPercent": 0,
        "shortCountPercent": 4.07
      },
      {
        "price": 3960,
        "longCountPercent": 0,
        "shortCountPercent": 4.07
      },
      {
        "price": 3970,
        "longCountPercent": 0,
        "shortCountPercent": 4.07
      },
      {
        "price": 3975,
        "longCountPercent": 4.07,
        "shortCountPercent": 0
      },
      {
        "price": 3980,
        "longCountPercent": 0,
        "shortCountPercent": 4.07
      },
      {
        "price": 3985,
        "longCountPercent": 0,
        "shortCountPercent": 4.07
      },
      {
        "price": 3990,
        "longCountPercent": 4.07,
        "shortCountPercent": 4.07
      },
      {
        "price": 3995,
        "longCountPercent": 0,
        "shortCountPercent": 4.07
      },
      {
        "price": 4000,
        "longCountPercent": 77.27,
        "shortCountPercent": 4.07
      },
      {
        "price": 4005,
        "longCountPercent": 0,
        "shortCountPercent": 4.07
      },
      {
        "price": 4010,
        "longCountPercent": 8.13,
        "shortCountPercent": 4.07
      },
      {
        "price": 4015,
        "longCountPercent": 4.07,
        "shortCountPercent": 4.07
      },
      {
        "price": 4020,
        "longCountPercent": 0,
        "shortCountPercent": 4.07
      },
      {
        "price": 4025,
        "longCountPercent": 0,
        "shortCountPercent": 4.07
      },
      {
        "price": 4030,
        "longCountPercent": 0,
        "shortCountPercent": 4.07
      },
      {
        "price": 4035,
        "longCountPercent": 4.07,
        "shortCountPercent": 4.07
      },
      {
        "price": 4040,
        "longCountPercent": 12.2,
        "shortCountPercent": 0
      },
      {
        "price": 4050,
        "longCountPercent": 4.07,
        "shortCountPercent": 0
      },
      {
        "price": 4065,
        "longCountPercent": 8.13,
        "shortCountPercent": 0
      },
      {
        "price": 4075,
        "longCountPercent": 4.07,
        "shortCountPercent": 0
      },
      {
        "price": 4080,
        "longCountPercent": 4.07,
        "shortCountPercent": 0
      },
      {
        "price": 4085,
        "longCountPercent": 4.07,
        "shortCountPercent": 4.07
      },
      {
        "price": 4090,
        "longCountPercent": 8.13,
        "shortCountPercent": 0
      },
      {
        "price": 4100,
        "longCountPercent": 16.27,
        "shortCountPercent": 0
      },
      {
        "price": 4110,
        "longCountPercent": 4.07,
        "shortCountPercent": 0
      },
      {
        "price": 4120,
        "longCountPercent": 0,
        "shortCountPercent": 4.07
      },
      {
        "price": 4125,
        "longCountPercent": 4.07,
        "shortCountPercent": 0
      },
      {
        "price": 4130,
        "longCountPercent": 8.13,
        "shortCountPercent": 4.07
      },
      {
        "price": 4150,
        "longCountPercent": 4.07,
        "shortCountPercent": 0
      },
      {
        "price": 4155,
        "longCountPercent": 4.07,
        "shortCountPercent": 0
      },
      {
        "price": 4160,
        "longCountPercent": 4.07,
        "shortCountPercent": 0
      },
      {
        "price": 4180,
        "longCountPercent": 4.07,
        "shortCountPercent": 0
      },
      {
        "price": 4200,
        "longCountPercent": 24.4,
        "shortCountPercent": 4.07
      },
      {
        "price": 4210,
        "longCountPercent": 4.07,
        "shortCountPercent": 0
      },
      {
        "price": 4220,
        "longCountPercent": 12.2,
        "shortCountPercent": 0
      },
      {
        "price": 4240,
        "longCountPercent": 4.07,
        "shortCountPercent": 0
      },
      {
        "price": 4250,
        "longCountPercent": 4.07,
        "shortCountPercent": 4.07
      },
      {
        "price": 4255,
        "longCountPercent": 4.07,
        "shortCountPercent": 0
      },
      {
        "price": 4280,
        "longCountPercent": 4.07,
        "shortCountPercent": 0
      },
      {
        "price": 4330,
        "longCountPercent": 4.07,
        "shortCountPercent": 0
      },
      {
        "price": 4350,
        "longCountPercent": 4.07,
        "shortCountPercent": 0
      },
      {
        "price": 4355,
        "longCountPercent": 4.07,
        "shortCountPercent": 0
      },
      {
        "price": 4375,
        "longCountPercent": 4.07,
        "shortCountPercent": 0
      },
      {
        "price": 4380,
        "longCountPercent": 4.07,
        "shortCountPercent": 0
      },
      {
        "price": 4390,
        "longCountPercent": 4.07,
        "shortCountPercent": 0
      },
      {
        "price": 4395,
        "longCountPercent": 4.07,
        "shortCountPercent": 0
      },
      {
        "price": 4405,
        "longCountPercent": 4.07,
        "shortCountPercent": 0
      },
      {
        "price": 4450,
        "longCountPercent": 4.07,
        "shortCountPercent": 0
      },
      {
        "price": 4455,
        "longCountPercent": 4.07,
        "shortCountPercent": 0
      },
      {
        "price": 4495,
        "longCountPercent": 0,
        "shortCountPercent": 4.07
      },
      {
        "price": 4500,
        "longCountPercent": 16.27,
        "shortCountPercent": 0
      },
      {
        "price": 4510,
        "longCountPercent": 4.07,
        "shortCountPercent": 0
      },
      {
        "price": 4555,
        "longCountPercent": 4.07,
        "shortCountPercent": 0
      },
      {
        "price": 4570,
        "longCountPercent": 4.07,
        "shortCountPercent": 0
      },
      {
        "price": 4590,
        "longCountPercent": 4.07,
        "shortCountPercent": 0
      },
      {
        "price": 4595,
        "longCountPercent": 4.07,
        "shortCountPercent": 0
      },
      {
        "price": 4615,
        "longCountPercent": 8.13,
        "shortCountPercent": 0
      },
      {
        "price": 4620,
        "longCountPercent": 4.07,
        "shortCountPercent": 0
      },
      {
        "price": 4630,
        "longCountPercent": 4.07,
        "shortCountPercent": 0
      },
      {
        "price": 4660,
        "longCountPercent": 8.13,
        "shortCountPercent": 0
      },
      {
        "price": 4665,
        "longCountPercent": 4.07,
        "shortCountPercent": 0
      },
      {
        "price": 4670,
        "longCountPercent": 4.07,
        "shortCountPercent": 0
      },
      {
        "price": 4680,
        "longCountPercent": 4.07,
        "shortCountPercent": 0
      },
      {
        "price": 4690,
        "longCountPercent": 4.07,
        "shortCountPercent": 0
      },
      {
        "price": 4730,
        "longCountPercent": 4.07,
        "shortCountPercent": 0
      },
      {
        "price": 4735,
        "longCountPercent": 8.13,
        "shortCountPercent": 0
      },
      {
        "price": 4765,
        "longCountPercent": 89.47,
        "shortCountPercent": 0
      },
      {
        "price": 4770,
        "longCountPercent": 4.07,
        "shortCountPercent": 0
      },
      {
        "price": 4775,
        "longCountPercent": 4.07,
        "shortCountPercent": 0
      },
      {
        "price": 4780,
        "longCountPercent": 4.07,
        "shortCountPercent": 0
      },
      {
        "price": 4785,
        "longCountPercent": 24.4,
        "shortCountPercent": 0
      },
      {
        "price": 4800,
        "longCountPercent": 12.2,
        "shortCountPercent": 8.13
      },
      {
        "price": 4810,
        "longCountPercent": 12.2,
        "shortCountPercent": 0
      },
      {
        "price": 4815,
        "longCountPercent": 8.13,
        "shortCountPercent": 0
      },
      {
        "price": 4820,
        "longCountPercent": 4.07,
        "shortCountPercent": 0
      },
      {
        "price": 4825,
        "longCountPercent": 8.13,
        "shortCountPercent": 0
      },
      {
        "price": 4830,
        "longCountPercent": 4.07,
        "shortCountPercent": 0
      },
      {
        "price": 4835,
        "longCountPercent": 0,
        "shortCountPercent": 8.13
      },
      {
        "price": 4845,
        "longCountPercent": 8.13,
        "shortCountPercent": 16.27
      },
      {
        "price": 4850,
        "longCountPercent": 4.07,
        "shortCountPercent": 0
      },
      {
        "price": 4870,
        "longCountPercent": 4.07,
        "shortCountPercent": 0
      },
      {
        "price": 4875,
        "longCountPercent": 8.13,
        "shortCountPercent": 0
      },
      {
        "price": 4880,
        "longCountPercent": 4.07,
        "shortCountPercent": 0
      },
      {
        "price": 4885,
        "longCountPercent": 4.07,
        "shortCountPercent": 0
      },
      {
        "price": 4890,
        "longCountPercent": 4.07,
        "shortCountPercent": 0
      },
      {
        "price": 4895,
        "longCountPercent": 8.13,
        "shortCountPercent": 0
      },
      {
        "price": 4900,
        "longCountPercent": 8.13,
        "shortCountPercent": 4.07
      },
      {
        "price": 4905,
        "longCountPercent": 4.07,
        "shortCountPercent": 0
      },
      {
        "price": 4915,
        "longCountPercent": 4.07,
        "shortCountPercent": 0
      },
      {
        "price": 4925,
        "longCountPercent": 4.07,
        "shortCountPercent": 0
      },
      {
        "price": 4940,
        "longCountPercent": 4.07,
        "shortCountPercent": 0
      },
      {
        "price": 4945,
        "longCountPercent": 4.07,
        "shortCountPercent": 0
      },
      {
        "price": 4950,
        "longCountPercent": 4.07,
        "shortCountPercent": 0
      },
      {
        "price": 4955,
        "longCountPercent": 8.13,
        "shortCountPercent": 0
      },
      {
        "price": 4960,
        "longCountPercent": 4.07,
        "shortCountPercent": 0
      },
      {
        "price": 4975,
        "longCountPercent": 4.07,
        "shortCountPercent": 0
      },
      {
        "price": 4980,
        "longCountPercent": 4.07,
        "shortCountPercent": 0
      },
      {
        "price": 5000,
        "longCountPercent": 16.27,
        "shortCountPercent": 0
      },
      {
        "price": 5005,
        "longCountPercent": 4.07,
        "shortCountPercent": 0
      },
      {
        "price": 5035,
        "longCountPercent": 4.07,
        "shortCountPercent": 0
      },
      {
        "price": 5045,
        "longCountPercent": 4.07,
        "shortCountPercent": 0
      },
      {
        "price": 5050,
        "longCountPercent": 4.07,
        "shortCountPercent": 0
      },
      {
        "price": 5090,
        "longCountPercent": 4.07,
        "shortCountPercent": 0
      },
      {
        "price": 5095,
        "longCountPercent": 4.07,
        "shortCountPercent": 0
      },
      {
        "price": 5100,
        "longCountPercent": 16.27,
        "shortCountPercent": 0
      },
      {
        "price": 5130,
        "longCountPercent": 4.07,
        "shortCountPercent": 0
      },
      {
        "price": 5150,
        "longCountPercent": 4.07,
        "shortCountPercent": 0
      },
      {
        "price": 5160,
        "longCountPercent": 0,
        "shortCountPercent": 4.07
      },
      {
        "price": 5170,
        "longCountPercent": 4.07,
        "shortCountPercent": 0
      },
      {
        "price": 5200,
        "longCountPercent": 20.33,
        "shortCountPercent": 0
      },
      {
        "price": 5205,
        "longCountPercent": 4.07,
        "shortCountPercent": 0
      },
      {
        "price": 5210,
        "longCountPercent": 4.07,
        "shortCountPercent": 0
      },
      {
        "price": 5235,
        "longCountPercent": 4.07,
        "shortCountPercent": 0
      },
      {
        "price": 5250,
        "longCountPercent": 4.07,
        "shortCountPercent": 0
      },
      {
        "price": 5270,
        "longCountPercent": 4.07,
        "shortCountPercent": 0
      },
      {
        "price": 5295,
        "longCountPercent": 4.07,
        "shortCountPercent": 0
      },
      {
        "price": 5300,
        "longCountPercent": 16.27,
        "shortCountPercent": 0
      },
      {
        "price": 5315,
        "longCountPercent": 4.07,
        "shortCountPercent": 0
      },
      {
        "price": 5320,
        "longCountPercent": 89.47,
        "shortCountPercent": 0
      },
      {
        "price": 5330,
        "longCountPercent": 4.07,
        "shortCountPercent": 0
      },
      {
        "price": 5360,
        "longCountPercent": 4.07,
        "shortCountPercent": 0
      },
      {
        "price": 5380,
        "longCountPercent": 8.13,
        "shortCountPercent": 0
      },
      {
        "price": 5405,
        "longCountPercent": 4.07,
        "shortCountPercent": 0
      },
      {
        "price": 5415,
        "longCountPercent": 4.07,
        "shortCountPercent": 0
      },
      {
        "price": 5440,
        "longCountPercent": 8.13,
        "shortCountPercent": 0
      },
      {
        "price": 5445,
        "longCountPercent": 8.13,
        "shortCountPercent": 0
      },
      {
        "price": 5450,
        "longCountPercent": 12.2,
        "shortCountPercent": 0
      },
      {
        "price": 5455,
        "longCountPercent": 4.07,
        "shortCountPercent": 0
      },
      {
        "price": 5460,
        "longCountPercent": 4.07,
        "shortCountPercent": 0
      },
      {
        "price": 5465,
        "longCountPercent": 4.07,
        "shortCountPercent": 0
      },
      {
        "price": 5500,
        "longCountPercent": 8.13,
        "shortCountPercent": 0
      },
      {
        "price": 5505,
        "longCountPercent": 4.07,
        "shortCountPercent": 0
      },
      {
        "price": 5510,
        "longCountPercent": 0,
        "shortCountPercent": 4.07
      },
      {
        "price": 5535,
        "longCountPercent": 4.07,
        "shortCountPercent": 0
      },
      {
        "price": 5555,
        "longCountPercent": 4.07,
        "shortCountPercent": 0
      },
      {
        "price": 5580,
        "longCountPercent": 4.07,
        "shortCountPercent": 0
      },
      {
        "price": 5595,
        "longCountPercent": 4.07,
        "shortCountPercent": 0
      },
      {
        "price": 5600,
        "longCountPercent": 81.33,
        "shortCountPercent": 0
      },
      {
        "price": 5605,
        "longCountPercent": 12.2,
        "shortCountPercent": 0
      },
      {
        "price": 5625,
        "longCountPercent": 4.07,
        "shortCountPercent": 0
      },
      {
        "price": 5645,
        "longCountPercent": 4.07,
        "shortCountPercent": 0
      },
      {
        "price": 5665,
        "longCountPercent": 4.07,
        "shortCountPercent": 0
      },
      {
        "price": 5670,
        "longCountPercent": 4.07,
        "shortCountPercent": 0
      },
      {
        "price": 5695,
        "longCountPercent": 8.13,
        "shortCountPercent": 0
      },
      {
        "price": 5700,
        "longCountPercent": 16.27,
        "shortCountPercent": 0
      },
      {
        "price": 5710,
        "longCountPercent": 4.07,
        "shortCountPercent": 0
      },
      {
        "price": 5720,
        "longCountPercent": 8.13,
        "shortCountPercent": 0
      },
      {
        "price": 5730,
        "longCountPercent": 4.07,
        "shortCountPercent": 0
      },
      {
        "price": 5735,
        "longCountPercent": 8.13,
        "shortCountPercent": 0
      },
      {
        "price": 5745,
        "longCountPercent": 4.07,
        "shortCountPercent": 0
      },
      {
        "price": 5750,
        "longCountPercent": 4.07,
        "shortCountPercent": 0
      },
      {
        "price": 5765,
        "longCountPercent": 4.07,
        "shortCountPercent": 0
      },
      {
        "price": 5775,
        "longCountPercent": 4.07,
        "shortCountPercent": 0
      },
      {
        "price": 5780,
        "longCountPercent": 16.27,
        "shortCountPercent": 0
      },
      {
        "price": 5800,
        "longCountPercent": 16.27,
        "shortCountPercent": 0
      },
      {
        "price": 5820,
        "longCountPercent": 8.13,
        "shortCountPercent": 0
      },
      {
        "price": 5825,
        "longCountPercent": 8.13,
        "shortCountPercent": 0
      },
      {
        "price": 5830,
        "longCountPercent": 4.07,
        "shortCountPercent": 0
      },
      {
        "price": 5840,
        "longCountPercent": 4.07,
        "shortCountPercent": 0
      },
      {
        "price": 5845,
        "longCountPercent": 8.13,
        "shortCountPercent": 0
      },
      {
        "price": 5850,
        "longCountPercent": 12.2,
        "shortCountPercent": 0
      },
      {
        "price": 5855,
        "longCountPercent": 4.07,
        "shortCountPercent": 0
      },
      {
        "price": 5860,
        "longCountPercent": 4.07,
        "shortCountPercent": 0
      },
      {
        "price": 5865,
        "longCountPercent": 12.2,
        "shortCountPercent": 0
      },
      {
        "price": 5875,
        "longCountPercent": 4.07,
        "shortCountPercent": 0
      },
      {
        "price": 5880,
        "longCountPercent": 8.13,
        "shortCountPercent": 4.07
      },
      {
        "price": 5885,
        "longCountPercent": 4.07,
        "shortCountPercent": 0
      },
      {
        "price": 5890,
        "longCountPercent": 8.13,
        "shortCountPercent": 0
      },
      {
        "price": 5895,
        "longCountPercent": 4.07,
        "shortCountPercent": 4.07
      },
      {
        "price": 5900,
        "longCountPercent": 16.27,
        "shortCountPercent": 0
      },
      {
        "price": 5910,
        "longCountPercent": 8.13,
        "shortCountPercent": 0
      },
      {
        "price": 5915,
        "longCountPercent": 4.07,
        "shortCountPercent": 0
      },
      {
        "price": 5920,
        "longCountPercent": 8.13,
        "shortCountPercent": 0
      },
      {
        "price": 5925,
        "longCountPercent": 8.13,
        "shortCountPercent": 0
      },
      {
        "price": 5930,
        "longCountPercent": 20.33,
        "shortCountPercent": 0
      },
      {
        "price": 5935,
        "longCountPercent": 12.2,
        "shortCountPercent": 0
      },
      {
        "price": 5940,
        "longCountPercent": 8.13,
        "shortCountPercent": 0
      },
      {
        "price": 5945,
        "longCountPercent": 4.07,
        "shortCountPercent": 0
      },
      {
        "price": 5950,
        "longCountPercent": 8.13,
        "shortCountPercent": 0
      },
      {
        "price": 5955,
        "longCountPercent": 8.13,
        "shortCountPercent": 0
      },
      {
        "price": 5960,
        "longCountPercent": 4.07,
        "shortCountPercent": 0
      },
      {
        "price": 5965,
        "longCountPercent": 8.13,
        "shortCountPercent": 0
      },
      {
        "price": 5970,
        "longCountPercent": 8.13,
        "shortCountPercent": 0
      },
      {
        "price": 5975,
        "longCountPercent": 8.13,
        "shortCountPercent": 0
      },
      {
        "price": 5980,
        "longCountPercent": 4.07,
        "shortCountPercent": 4.07
      },
      {
        "price": 5990,
        "longCountPercent": 4.07,
        "shortCountPercent": 8.13
      },
      {
        "price": 5995,
        "longCountPercent": 4.07,
        "shortCountPercent": 0
      },
      {
        "price": 6000,
        "longCountPercent": 52.87,
        "shortCountPercent": 0
      },
      {
        "price": 6005,
        "longCountPercent": 4.07,
        "shortCountPercent": 0
      },
      {
        "price": 6010,
        "longCountPercent": 4.07,
        "shortCountPercent": 0
      },
      {
        "price": 6020,
        "longCountPercent": 8.13,
        "shortCountPercent": 0
      },
      {
        "price": 6025,
        "longCountPercent": 4.07,
        "shortCountPercent": 0
      },
      {
        "price": 6030,
        "longCountPercent": 12.2,
        "shortCountPercent": 0
      },
      {
        "price": 6045,
        "longCountPercent": 4.07,
        "shortCountPercent": 0
      },
      {
        "price": 6050,
        "longCountPercent": 16.27,
        "shortCountPercent": 0
      },
      {
        "price": 6060,
        "longCountPercent": 0,
        "shortCountPercent": 4.07
      },
      {
        "price": 6065,
        "longCountPercent": 8.13,
        "shortCountPercent": 0
      },
      {
        "price": 6070,
        "longCountPercent": 8.13,
        "shortCountPercent": 0
      },
      {
        "price": 6075,
        "longCountPercent": 4.07,
        "shortCountPercent": 0
      },
      {
        "price": 6080,
        "longCountPercent": 8.13,
        "shortCountPercent": 0
      },
      {
        "price": 6085,
        "longCountPercent": 8.13,
        "shortCountPercent": 0
      },
      {
        "price": 6090,
        "longCountPercent": 20.33,
        "shortCountPercent": 0
      },
      {
        "price": 6095,
        "longCountPercent": 0,
        "shortCountPercent": 4.07
      },
      {
        "price": 6100,
        "longCountPercent": 28.47,
        "shortCountPercent": 0
      },
      {
        "price": 6105,
        "longCountPercent": 4.07,
        "shortCountPercent": 0
      },
      {
        "price": 6110,
        "longCountPercent": 28.47,
        "shortCountPercent": 0
      },
      {
        "price": 6115,
        "longCountPercent": 12.2,
        "shortCountPercent": 0
      },
      {
        "price": 6120,
        "longCountPercent": 16.27,
        "shortCountPercent": 0
      },
      {
        "price": 6125,
        "longCountPercent": 8.13,
        "shortCountPercent": 4.07
      },
      {
        "price": 6130,
        "longCountPercent": 16.27,
        "shortCountPercent": 0
      },
      {
        "price": 6135,
        "longCountPercent": 4.07,
        "shortCountPercent": 0
      },
      {
        "price": 6140,
        "longCountPercent": 12.2,
        "shortCountPercent": 0
      },
      {
        "price": 6145,
        "longCountPercent": 8.13,
        "shortCountPercent": 0
      },
      {
        "price": 6150,
        "longCountPercent": 8.13,
        "shortCountPercent": 0
      },
      {
        "price": 6155,
        "longCountPercent": 20.33,
        "shortCountPercent": 0
      },
      {
        "price": 6160,
        "longCountPercent": 8.13,
        "shortCountPercent": 0
      },
      {
        "price": 6170,
        "longCountPercent": 8.13,
        "shortCountPercent": 4.07
      },
      {
        "price": 6175,
        "longCountPercent": 4.07,
        "shortCountPercent": 0
      },
      {
        "price": 6180,
        "longCountPercent": 8.13,
        "shortCountPercent": 0
      },
      {
        "price": 6185,
        "longCountPercent": 12.2,
        "shortCountPercent": 0
      },
      {
        "price": 6190,
        "longCountPercent": 4.07,
        "shortCountPercent": 0
      },
      {
        "price": 6195,
        "longCountPercent": 48.8,
        "shortCountPercent": 12.2
      },
      {
        "price": 6200,
        "longCountPercent": 48.8,
        "shortCountPercent": 0
      },
      {
        "price": 6205,
        "longCountPercent": 4.07,
        "shortCountPercent": 0
      },
      {
        "price": 6210,
        "longCountPercent": 12.2,
        "shortCountPercent": 8.13
      },
      {
        "price": 6215,
        "longCountPercent": 12.2,
        "shortCountPercent": 0
      },
      {
        "price": 6220,
        "longCountPercent": 4.07,
        "shortCountPercent": 0
      },
      {
        "price": 6225,
        "longCountPercent": 8.13,
        "shortCountPercent": 8.13
      },
      {
        "price": 6230,
        "longCountPercent": 8.13,
        "shortCountPercent": 0
      },
      {
        "price": 6235,
        "longCountPercent": 8.13,
        "shortCountPercent": 0
      },
      {
        "price": 6240,
        "longCountPercent": 8.13,
        "shortCountPercent": 0
      },
      {
        "price": 6245,
        "longCountPercent": 0,
        "shortCountPercent": 4.07
      },
      {
        "price": 6250,
        "longCountPercent": 24.4,
        "shortCountPercent": 4.07
      },
      {
        "price": 6255,
        "longCountPercent": 8.13,
        "shortCountPercent": 4.07
      },
      {
        "price": 6260,
        "longCountPercent": 8.13,
        "shortCountPercent": 0
      },
      {
        "price": 6265,
        "longCountPercent": 4.07,
        "shortCountPercent": 0
      },
      {
        "price": 6270,
        "longCountPercent": 4.07,
        "shortCountPercent": 0
      },
      {
        "price": 6275,
        "longCountPercent": 8.13,
        "shortCountPercent": 0
      },
      {
        "price": 6280,
        "longCountPercent": 8.13,
        "shortCountPercent": 0
      },
      {
        "price": 6285,
        "longCountPercent": 4.07,
        "shortCountPercent": 4.07
      },
      {
        "price": 6290,
        "longCountPercent": 4.07,
        "shortCountPercent": 0
      },
      {
        "price": 6295,
        "longCountPercent": 0,
        "shortCountPercent": 4.07
      },
      {
        "price": 6300,
        "longCountPercent": 28.47,
        "shortCountPercent": 4.07
      },
      {
        "price": 6305,
        "longCountPercent": 0,
        "shortCountPercent": 4.07
      },
      {
        "price": 6310,
        "longCountPercent": 24.4,
        "shortCountPercent": 0
      },
      {
        "price": 6315,
        "longCountPercent": 4.07,
        "shortCountPercent": 0
      },
      {
        "price": 6320,
        "longCountPercent": 4.07,
        "shortCountPercent": 4.07
      },
      {
        "price": 6325,
        "longCountPercent": 4.07,
        "shortCountPercent": 0
      },
      {
        "price": 6330,
        "longCountPercent": 12.2,
        "shortCountPercent": 0
      },
      {
        "price": 6335,
        "longCountPercent": 8.13,
        "shortCountPercent": 0
      },
      {
        "price": 6340,
        "longCountPercent": 12.2,
        "shortCountPercent": 0
      },
      {
        "price": 6345,
        "longCountPercent": 4.07,
        "shortCountPercent": 0
      },
      {
        "price": 6350,
        "longCountPercent": 16.27,
        "shortCountPercent": 0
      },
      {
        "price": 6355,
        "longCountPercent": 4.07,
        "shortCountPercent": 0
      },
      {
        "price": 6360,
        "longCountPercent": 24.4,
        "shortCountPercent": 4.07
      },
      {
        "price": 6365,
        "longCountPercent": 16.27,
        "shortCountPercent": 0
      },
      {
        "price": 6370,
        "longCountPercent": 12.2,
        "shortCountPercent": 0
      },
      {
        "price": 6375,
        "longCountPercent": 8.13,
        "shortCountPercent": 0
      },
      {
        "price": 6380,
        "longCountPercent": 16.27,
        "shortCountPercent": 0
      },
      {
        "price": 6385,
        "longCountPercent": 12.2,
        "shortCountPercent": 0
      },
      {
        "price": 6390,
        "longCountPercent": 4.07,
        "shortCountPercent": 0
      },
      {
        "price": 6395,
        "longCountPercent": 12.2,
        "shortCountPercent": 0
      },
      {
        "price": 6400,
        "longCountPercent": 109.8,
        "shortCountPercent": 8.13
      },
      {
        "price": 6405,
        "longCountPercent": 4.07,
        "shortCountPercent": 0
      },
      {
        "price": 6410,
        "longCountPercent": 8.13,
        "shortCountPercent": 0
      },
      {
        "price": 6420,
        "longCountPercent": 28.47,
        "shortCountPercent": 0
      },
      {
        "price": 6425,
        "longCountPercent": 8.13,
        "shortCountPercent": 0
      },
      {
        "price": 6430,
        "longCountPercent": 28.47,
        "shortCountPercent": 0
      },
      {
        "price": 6435,
        "longCountPercent": 4.07,
        "shortCountPercent": 4.07
      },
      {
        "price": 6440,
        "longCountPercent": 28.47,
        "shortCountPercent": 0
      },
      {
        "price": 6445,
        "longCountPercent": 8.13,
        "shortCountPercent": 0
      },
      {
        "price": 6450,
        "longCountPercent": 24.4,
        "shortCountPercent": 8.13
      },
      {
        "price": 6455,
        "longCountPercent": 16.27,
        "shortCountPercent": 0
      },
      {
        "price": 6460,
        "longCountPercent": 28.47,
        "shortCountPercent": 0
      },
      {
        "price": 6465,
        "longCountPercent": 4.07,
        "shortCountPercent": 8.13
      },
      {
        "price": 6470,
        "longCountPercent": 12.2,
        "shortCountPercent": 0
      },
      {
        "price": 6475,
        "longCountPercent": 0,
        "shortCountPercent": 8.13
      },
      {
        "price": 6480,
        "longCountPercent": 28.47,
        "shortCountPercent": 0
      },
      {
        "price": 6485,
        "longCountPercent": 8.13,
        "shortCountPercent": 0
      },
      {
        "price": 6490,
        "longCountPercent": 16.27,
        "shortCountPercent": 0
      },
      {
        "price": 6495,
        "longCountPercent": 12.2,
        "shortCountPercent": 4.07
      },
      {
        "price": 6500,
        "longCountPercent": 85.4,
        "shortCountPercent": 4.07
      },
      {
        "price": 6505,
        "longCountPercent": 12.2,
        "shortCountPercent": 0
      },
      {
        "price": 6510,
        "longCountPercent": 36.6,
        "shortCountPercent": 4.07
      },
      {
        "price": 6515,
        "longCountPercent": 20.33,
        "shortCountPercent": 8.13
      },
      {
        "price": 6520,
        "longCountPercent": 24.4,
        "shortCountPercent": 0
      },
      {
        "price": 6525,
        "longCountPercent": 16.27,
        "shortCountPercent": 4.07
      },
      {
        "price": 6530,
        "longCountPercent": 12.2,
        "shortCountPercent": 0
      },
      {
        "price": 6535,
        "longCountPercent": 8.13,
        "shortCountPercent": 0
      },
      {
        "price": 6540,
        "longCountPercent": 28.47,
        "shortCountPercent": 0
      },
      {
        "price": 6545,
        "longCountPercent": 12.2,
        "shortCountPercent": 8.13
      },
      {
        "price": 6550,
        "longCountPercent": 20.33,
        "shortCountPercent": 12.2
      },
      {
        "price": 6555,
        "longCountPercent": 16.27,
        "shortCountPercent": 0
      },
      {
        "price": 6560,
        "longCountPercent": 16.27,
        "shortCountPercent": 0
      },
      {
        "price": 6565,
        "longCountPercent": 12.2,
        "shortCountPercent": 8.13
      },
      {
        "price": 6570,
        "longCountPercent": 12.2,
        "shortCountPercent": 0
      },
      {
        "price": 6575,
        "longCountPercent": 12.2,
        "shortCountPercent": 4.07
      },
      {
        "price": 6580,
        "longCountPercent": 12.2,
        "shortCountPercent": 4.07
      },
      {
        "price": 6585,
        "longCountPercent": 4.07,
        "shortCountPercent": 12.2
      },
      {
        "price": 6590,
        "longCountPercent": 16.27,
        "shortCountPercent": 4.07
      },
      {
        "price": 6595,
        "longCountPercent": 4.07,
        "shortCountPercent": 4.07
      },
      {
        "price": 6600,
        "longCountPercent": 61,
        "shortCountPercent": 4.07
      },
      {
        "price": 6605,
        "longCountPercent": 4.07,
        "shortCountPercent": 0
      },
      {
        "price": 6610,
        "longCountPercent": 32.53,
        "shortCountPercent": 0
      },
      {
        "price": 6615,
        "longCountPercent": 12.2,
        "shortCountPercent": 0
      },
      {
        "price": 6620,
        "longCountPercent": 28.47,
        "shortCountPercent": 4.07
      },
      {
        "price": 6625,
        "longCountPercent": 16.27,
        "shortCountPercent": 16.27
      },
      {
        "price": 6630,
        "longCountPercent": 16.27,
        "shortCountPercent": 4.07
      },
      {
        "price": 6635,
        "longCountPercent": 4.07,
        "shortCountPercent": 0
      },
      {
        "price": 6640,
        "longCountPercent": 32.53,
        "shortCountPercent": 12.2
      },
      {
        "price": 6645,
        "longCountPercent": 12.2,
        "shortCountPercent": 8.13
      },
      {
        "price": 6650,
        "longCountPercent": 12.2,
        "shortCountPercent": 4.07
      },
      {
        "price": 6655,
        "longCountPercent": 8.13,
        "shortCountPercent": 0
      },
      {
        "price": 6660,
        "longCountPercent": 28.47,
        "shortCountPercent": 4.07
      },
      {
        "price": 6665,
        "longCountPercent": 12.2,
        "shortCountPercent": 4.07
      },
      {
        "price": 6670,
        "longCountPercent": 24.4,
        "shortCountPercent": 0
      },
      {
        "price": 6675,
        "longCountPercent": 28.47,
        "shortCountPercent": 0
      },
      {
        "price": 6680,
        "longCountPercent": 28.47,
        "shortCountPercent": 8.13
      },
      {
        "price": 6685,
        "longCountPercent": 8.13,
        "shortCountPercent": 8.13
      },
      {
        "price": 6690,
        "longCountPercent": 20.33,
        "shortCountPercent": 0
      },
      {
        "price": 6695,
        "longCountPercent": 24.4,
        "shortCountPercent": 8.13
      },
      {
        "price": 6700,
        "longCountPercent": 48.8,
        "shortCountPercent": 20.33
      },
      {
        "price": 6705,
        "longCountPercent": 16.27,
        "shortCountPercent": 4.07
      },
      {
        "price": 6710,
        "longCountPercent": 20.33,
        "shortCountPercent": 4.07
      },
      {
        "price": 6715,
        "longCountPercent": 16.27,
        "shortCountPercent": 8.13
      },
      {
        "price": 6720,
        "longCountPercent": 32.53,
        "shortCountPercent": 4.07
      },
      {
        "price": 6725,
        "longCountPercent": 16.27,
        "shortCountPercent": 4.07
      },
      {
        "price": 6730,
        "longCountPercent": 32.53,
        "shortCountPercent": 0
      },
      {
        "price": 6735,
        "longCountPercent": 12.2,
        "shortCountPercent": 8.13
      },
      {
        "price": 6740,
        "longCountPercent": 32.53,
        "shortCountPercent": 4.07
      },
      {
        "price": 6745,
        "longCountPercent": 28.47,
        "shortCountPercent": 0
      },
      {
        "price": 6750,
        "longCountPercent": 20.33,
        "shortCountPercent": 20.33
      },
      {
        "price": 6755,
        "longCountPercent": 36.6,
        "shortCountPercent": 12.2
      },
      {
        "price": 6760,
        "longCountPercent": 32.53,
        "shortCountPercent": 4.07
      },
      {
        "price": 6765,
        "longCountPercent": 24.4,
        "shortCountPercent": 24.4
      },
      {
        "price": 6770,
        "longCountPercent": 24.4,
        "shortCountPercent": 16.27
      },
      {
        "price": 6775,
        "longCountPercent": 44.73,
        "shortCountPercent": 12.2
      },
      {
        "price": 6780,
        "longCountPercent": 65.07,
        "shortCountPercent": 16.27
      },
      {
        "price": 6785,
        "longCountPercent": 65.07,
        "shortCountPercent": 12.2
      },
      {
        "price": 6790,
        "longCountPercent": 89.47,
        "shortCountPercent": 56.93
      },
      {
        "price": 6795,
        "longCountPercent": 61,
        "shortCountPercent": 28.47
      },
      {
        "price": 6800,
        "longCountPercent": 130.13,
        "shortCountPercent": 44.73
      },
      {
        "price": 6805,
        "longCountPercent": 20.33,
        "shortCountPercent": 4.07
      },
      {
        "price": 6810,
        "longCountPercent": 24.4,
        "shortCountPercent": 48.8
      },
      {
        "price": 6815,
        "longCountPercent": 32.53,
        "shortCountPercent": 8.13
      },
      {
        "price": 6820,
        "longCountPercent": 28.47,
        "shortCountPercent": 28.47
      },
      {
        "price": 6825,
        "longCountPercent": 28.47,
        "shortCountPercent": 32.53
      },
      {
        "price": 6830,
        "longCountPercent": 40.67,
        "shortCountPercent": 28.47
      },
      {
        "price": 6835,
        "longCountPercent": 101.67,
        "shortCountPercent": 44.73
      },
      {
        "price": 6840,
        "longCountPercent": 109.8,
        "shortCountPercent": 16.27
      },
      {
        "price": 6845,
        "longCountPercent": 77.27,
        "shortCountPercent": 16.27
      },
      {
        "price": 6850,
        "longCountPercent": 77.27,
        "shortCountPercent": 32.53
      },
      {
        "price": 6855,
        "longCountPercent": 81.33,
        "shortCountPercent": 24.4
      },
      {
        "price": 6860,
        "longCountPercent": 61,
        "shortCountPercent": 8.13
      },
      {
        "price": 6865,
        "longCountPercent": 12.2,
        "shortCountPercent": 44.73
      },
      {
        "price": 6870,
        "longCountPercent": 24.4,
        "shortCountPercent": 52.87
      },
      {
        "price": 6875,
        "longCountPercent": 4.07,
        "shortCountPercent": 69.13
      },
      {
        "price": 6880,
        "longCountPercent": 12.2,
        "shortCountPercent": 126.07
      },
      {
        "price": 6885,
        "longCountPercent": 20.33,
        "shortCountPercent": 89.47
      },
      {
        "price": 6890,
        "longCountPercent": 16.27,
        "shortCountPercent": 130.13
      },
      {
        "price": 6895,
        "longCountPercent": 4.07,
        "shortCountPercent": 101.67
      },
      {
        "price": 6900,
        "longCountPercent": 12.2,
        "shortCountPercent": 146.4
      },
      {
        "price": 6905,
        "longCountPercent": 16.27,
        "shortCountPercent": 93.53
      },
      {
        "price": 6910,
        "longCountPercent": 20.33,
        "shortCountPercent": 52.87
      },
      {
        "price": 6915,
        "longCountPercent": 12.2,
        "shortCountPercent": 52.87
      },
      {
        "price": 6920,
        "longCountPercent": 36.6,
        "shortCountPercent": 113.87
      },
      {
        "price": 6925,
        "longCountPercent": 16.27,
        "shortCountPercent": 117.93
      },
      {
        "price": 6930,
        "longCountPercent": 16.27,
        "shortCountPercent": 61
      },
      {
        "price": 6935,
        "longCountPercent": 32.53,
        "shortCountPercent": 40.67
      },
      {
        "price": 6940,
        "longCountPercent": 44.73,
        "shortCountPercent": 56.93
      },
      {
        "price": 6945,
        "longCountPercent": 16.27,
        "shortCountPercent": 32.53
      },
      {
        "price": 6950,
        "longCountPercent": 28.47,
        "shortCountPercent": 77.27
      },
      {
        "price": 6955,
        "longCountPercent": 36.6,
        "shortCountPercent": 32.53
      },
      {
        "price": 6960,
        "longCountPercent": 16.27,
        "shortCountPercent": 73.2
      },
      {
        "price": 6965,
        "longCountPercent": 28.47,
        "shortCountPercent": 20.33
      },
      {
        "price": 6970,
        "longCountPercent": 12.2,
        "shortCountPercent": 48.8
      },
      {
        "price": 6975,
        "longCountPercent": 12.2,
        "shortCountPercent": 56.93
      },
      {
        "price": 6980,
        "longCountPercent": 12.2,
        "shortCountPercent": 24.4
      },
      {
        "price": 6985,
        "longCountPercent": 20.33,
        "shortCountPercent": 28.47
      },
      {
        "price": 6990,
        "longCountPercent": 36.6,
        "shortCountPercent": 40.67
      },
      {
        "price": 6995,
        "longCountPercent": 12.2,
        "shortCountPercent": 20.33
      },
      {
        "price": 7000,
        "longCountPercent": 12.2,
        "shortCountPercent": 48.8
      },
      {
        "price": 7005,
        "longCountPercent": 4.07,
        "shortCountPercent": 40.67
      },
      {
        "price": 7010,
        "longCountPercent": 4.07,
        "shortCountPercent": 24.4
      },
      {
        "price": 7015,
        "longCountPercent": 4.07,
        "shortCountPercent": 8.13
      },
      {
        "price": 7020,
        "longCountPercent": 4.07,
        "shortCountPercent": 16.27
      },
      {
        "price": 7025,
        "longCountPercent": 8.13,
        "shortCountPercent": 4.07
      },
      {
        "price": 7030,
        "longCountPercent": 4.07,
        "shortCountPercent": 4.07
      },
      {
        "price": 7035,
        "longCountPercent": 4.07,
        "shortCountPercent": 4.07
      },
      {
        "price": 7040,
        "longCountPercent": 4.07,
        "shortCountPercent": 4.07
      },
      {
        "price": 7045,
        "longCountPercent": 4.07,
        "shortCountPercent": 8.13
      },
      {
        "price": 7050,
        "longCountPercent": 4.07,
        "shortCountPercent": 8.13
      },
      {
        "price": 7055,
        "longCountPercent": 4.07,
        "shortCountPercent": 8.13
      },
      {
        "price": 7060,
        "longCountPercent": 4.07,
        "shortCountPercent": 0
      },
      {
        "price": 7065,
        "longCountPercent": 4.07,
        "shortCountPercent": 0
      },
      {
        "price": 7070,
        "longCountPercent": 8.13,
        "shortCountPercent": 0
      },
      {
        "price": 7075,
        "longCountPercent": 4.07,
        "shortCountPercent": 0
      },
      {
        "price": 7080,
        "longCountPercent": 4.07,
        "shortCountPercent": 28.47
      },
      {
        "price": 7085,
        "longCountPercent": 4.07,
        "shortCountPercent": 8.13
      },
      {
        "price": 7090,
        "longCountPercent": 4.07,
        "shortCountPercent": 0
      },
      {
        "price": 7095,
        "longCountPercent": 4.07,
        "shortCountPercent": 0
      },
      {
        "price": 7100,
        "longCountPercent": 8.13,
        "shortCountPercent": 24.4
      },
      {
        "price": 7105,
        "longCountPercent": 4.07,
        "shortCountPercent": 0
      },
      {
        "price": 7110,
        "longCountPercent": 4.07,
        "shortCountPercent": 0
      },
      {
        "price": 7115,
        "longCountPercent": 4.07,
        "shortCountPercent": 0
      },
      {
        "price": 7120,
        "longCountPercent": 4.07,
        "shortCountPercent": 4.07
      },
      {
        "price": 7125,
        "longCountPercent": 12.2,
        "shortCountPercent": 0
      },
      {
        "price": 7130,
        "longCountPercent": 8.13,
        "shortCountPercent": 4.07
      },
      {
        "price": 7135,
        "longCountPercent": 12.2,
        "shortCountPercent": 0
      },
      {
        "price": 7140,
        "longCountPercent": 20.33,
        "shortCountPercent": 0
      },
      {
        "price": 7145,
        "longCountPercent": 8.13,
        "shortCountPercent": 8.13
      },
      {
        "price": 7150,
        "longCountPercent": 4.07,
        "shortCountPercent": 4.07
      },
      {
        "price": 7155,
        "longCountPercent": 4.07,
        "shortCountPercent": 0
      },
      {
        "price": 7160,
        "longCountPercent": 4.07,
        "shortCountPercent": 0
      },
      {
        "price": 7165,
        "longCountPercent": 28.47,
        "shortCountPercent": 8.13
      },
      {
        "price": 7170,
        "longCountPercent": 4.07,
        "shortCountPercent": 8.13
      },
      {
        "price": 7175,
        "longCountPercent": 4.07,
        "shortCountPercent": 4.07
      },
      {
        "price": 7180,
        "longCountPercent": 4.07,
        "shortCountPercent": 0
      },
      {
        "price": 7185,
        "longCountPercent": 4.07,
        "shortCountPercent": 0
      },
      {
        "price": 7190,
        "longCountPercent": 4.07,
        "shortCountPercent": 4.07
      },
      {
        "price": 7195,
        "longCountPercent": 4.07,
        "shortCountPercent": 24.4
      },
      {
        "price": 7200,
        "longCountPercent": 0,
        "shortCountPercent": 4.07
      },
      {
        "price": 7205,
        "longCountPercent": 0,
        "shortCountPercent": 4.07
      },
      {
        "price": 7210,
        "longCountPercent": 4.07,
        "shortCountPercent": 4.07
      },
      {
        "price": 7220,
        "longCountPercent": 0,
        "shortCountPercent": 16.27
      },
      {
        "price": 7225,
        "longCountPercent": 0,
        "shortCountPercent": 16.27
      },
      {
        "price": 7230,
        "longCountPercent": 0,
        "shortCountPercent": 8.13
      },
      {
        "price": 7245,
        "longCountPercent": 0,
        "shortCountPercent": 4.07
      },
      {
        "price": 7250,
        "longCountPercent": 0,
        "shortCountPercent": 8.13
      },
      {
        "price": 7260,
        "longCountPercent": 0,
        "shortCountPercent": 8.13
      },
      {
        "price": 7265,
        "longCountPercent": 0,
        "shortCountPercent": 4.07
      },
      {
        "price": 7270,
        "longCountPercent": 0,
        "shortCountPercent": 4.07
      },
      {
        "price": 7280,
        "longCountPercent": 4.07,
        "shortCountPercent": 0
      },
      {
        "price": 7290,
        "longCountPercent": 0,
        "shortCountPercent": 4.07
      },
      {
        "price": 7340,
        "longCountPercent": 0,
        "shortCountPercent": 4.07
      },
      {
        "price": 7350,
        "longCountPercent": 4.07,
        "shortCountPercent": 0
      },
      {
        "price": 7380,
        "longCountPercent": 0,
        "shortCountPercent": 4.07
      },
      {
        "price": 7385,
        "longCountPercent": 0,
        "shortCountPercent": 4.07
      },
      {
        "price": 7405,
        "longCountPercent": 0,
        "shortCountPercent": 4.07
      },
      {
        "price": 7420,
        "longCountPercent": 4.07,
        "shortCountPercent": 0
      },
      {
        "price": 7455,
        "longCountPercent": 0,
        "shortCountPercent": 4.07
      },
      {
        "price": 7490,
        "longCountPercent": 4.07,
        "shortCountPercent": 0
      },
      {
        "price": 7500,
        "longCountPercent": 4.07,
        "shortCountPercent": 12.2
      },
      {
        "price": 7510,
        "longCountPercent": 0,
        "shortCountPercent": 4.07
      },
      {
        "price": 7515,
        "longCountPercent": 0,
        "shortCountPercent": 4.07
      },
      {
        "price": 7560,
        "longCountPercent": 4.07,
        "shortCountPercent": 0
      },
      {
        "price": 7630,
        "longCountPercent": 4.07,
        "shortCountPercent": 0
      },
      {
        "price": 7655,
        "longCountPercent": 4.07,
        "shortCountPercent": 0
      },
      {
        "price": 7700,
        "longCountPercent": 4.07,
        "shortCountPercent": 4.07
      },
      {
        "price": 7770,
        "longCountPercent": 4.07,
        "shortCountPercent": 0
      },
      {
        "price": 7840,
        "longCountPercent": 4.07,
        "shortCountPercent": 0
      },
      {
        "price": 7850,
        "longCountPercent": 4.07,
        "shortCountPercent": 0
      },
      {
        "price": 7885,
        "longCountPercent": 0,
        "shortCountPercent": 4.07
      },
      {
        "price": 7910,
        "longCountPercent": 4.07,
        "shortCountPercent": 0
      },
      {
        "price": 7950,
        "longCountPercent": 4.07,
        "shortCountPercent": 0
      },
      {
        "price": 7955,
        "longCountPercent": 4.07,
        "shortCountPercent": 0
      },
      {
        "price": 8000,
        "longCountPercent": 4.07,
        "shortCountPercent": 0
      },
      {
        "price": 8045,
        "longCountPercent": 0,
        "shortCountPercent": 4.07
      },
      {
        "price": 8080,
        "longCountPercent": 4.07,
        "shortCountPercent": 0
      },
      {
        "price": 8160,
        "longCountPercent": 4.07,
        "shortCountPercent": 0
      },
      {
        "price": 8230,
        "longCountPercent": 0,
        "shortCountPercent": 4.07
      },
      {
        "price": 8240,
        "longCountPercent": 4.07,
        "shortCountPercent": 0
      },
      {
        "price": 8255,
        "longCountPercent": 0,
        "shortCountPercent": 4.07
      },
      {
        "price": 8320,
        "longCountPercent": 4.07,
        "shortCountPercent": 0
      },
      {
        "price": 8400,
        "longCountPercent": 4.07,
        "shortCountPercent": 0
      },
      {
        "price": 8480,
        "longCountPercent": 4.07,
        "shortCountPercent": 0
      },
      {
        "price": 8560,
        "longCountPercent": 4.07,
        "shortCountPercent": 0
      },
      {
        "price": 8640,
        "longCountPercent": 4.07,
        "shortCountPercent": 0
      },
      {
        "price": 8700,
        "longCountPercent": 0,
        "shortCountPercent": 4.07
      },
      {
        "price": 8720,
        "longCountPercent": 4.07,
        "shortCountPercent": 0
      },
      {
        "price": 8800,
        "longCountPercent": 4.07,
        "shortCountPercent": 0
      },
      {
        "price": 8880,
        "longCountPercent": 4.07,
        "shortCountPercent": 0
      },
      {
        "price": 8940,
        "longCountPercent": 4.07,
        "shortCountPercent": 0
      },
      {
        "price": 9000,
        "longCountPercent": 4.07,
        "shortCountPercent": 0
      },
      {
        "price": 9235,
        "longCountPercent": 0,
        "shortCountPercent": 4.07
      },
      {
        "price": 9420,
        "longCountPercent": 4.07,
        "shortCountPercent": 0
      },
      {
        "price": 11000,
        "longCountPercent": 8.13,
        "shortCountPercent": 0
      },
      {
        "price": 39035,
        "longCountPercent": 0,
        "shortCountPercent": 4.07
      },
      {
        "price": 41560,
        "longCountPercent": 0,
        "shortCountPercent": 4.07
      },
      {
        "price": 49950,
        "longCountPercent": 0,
        "shortCountPercent": 4.07
      },
      {
        "price": 62185,
        "longCountPercent": 4.07,
        "shortCountPercent": 0
      },
      {
        "price": 67790,
        "longCountPercent": 4.07,
        "shortCountPercent": 0
      },
      {
        "price": 999995,
        "longCountPercent": 0,
        "shortCountPercent": 4.07
      }
    ],
    "region": "-",
    "division": "-",
    "dataSource": "-",
    "snapshot": "12月15日 23時30分",
    "lastupdate": "12月16日 0時00分",
    "longPercent": 65.2,
    "shortPercent": 34.8
  },
  "positionBook": []
}