{
  "orderBook": [],
  "positionBook": {
    "price": 6830.6,
    "bucketWidth": "5.0000",
    "buckets": [
      {
        "price": 1655,
        "longCountPercent": 0,
        "shortCountPercent": 2.89
      },
      {
        "price": 1930,
        "longCountPercent": 0,
        "shortCountPercent": 2.89
      },
      {
        "price": 2070,
        "longCountPercent": 0,
        "shortCountPercent": 2.89
      },
      {
        "price": 2090,
        "longCountPercent": 0,
        "shortCountPercent": 2.89
      },
      {
        "price": 2125,
        "longCountPercent": 0,
        "shortCountPercent": 2.89
      },
      {
        "price": 2500,
        "longCountPercent": 0,
        "shortCountPercent": 2.89
      },
      {
        "price": 2505,
        "longCountPercent": 0,
        "shortCountPercent": 2.89
      },
      {
        "price": 2510,
        "longCountPercent": 2.89,
        "shortCountPercent": 0
      },
      {
        "price": 2615,
        "longCountPercent": 2.89,
        "shortCountPercent": 0
      },
      {
        "price": 2720,
        "longCountPercent": 0,
        "shortCountPercent": 2.89
      },
      {
        "price": 2750,
        "longCountPercent": 0,
        "shortCountPercent": 2.89
      },
      {
        "price": 2770,
        "longCountPercent": 2.89,
        "shortCountPercent": 0
      },
      {
        "price": 2785,
        "longCountPercent": 0,
        "shortCountPercent": 2.89
      },
      {
        "price": 2795,
        "longCountPercent": 0,
        "shortCountPercent": 11.55
      },
      {
        "price": 2820,
        "longCountPercent": 0,
        "shortCountPercent": 2.89
      },
      {
        "price": 2850,
        "longCountPercent": 0,
        "shortCountPercent": 2.89
      },
      {
        "price": 2855,
        "longCountPercent": 0,
        "shortCountPercent": 2.89
      },
      {
        "price": 2870,
        "longCountPercent": 2.89,
        "shortCountPercent": 0
      },
      {
        "price": 2930,
        "longCountPercent": 0,
        "shortCountPercent": 2.89
      },
      {
        "price": 2945,
        "longCountPercent": 2.89,
        "shortCountPercent": 0
      },
      {
        "price": 3015,
        "longCountPercent": 2.89,
        "shortCountPercent": 0
      },
      {
        "price": 3120,
        "longCountPercent": 0,
        "shortCountPercent": 2.89
      },
      {
        "price": 3150,
        "longCountPercent": 0,
        "shortCountPercent": 2.89
      },
      {
        "price": 3175,
        "longCountPercent": 2.89,
        "shortCountPercent": 0
      },
      {
        "price": 3210,
        "longCountPercent": 2.89,
        "shortCountPercent": 0
      },
      {
        "price": 3345,
        "longCountPercent": 2.89,
        "shortCountPercent": 0
      },
      {
        "price": 3485,
        "longCountPercent": 0,
        "shortCountPercent": 2.89
      },
      {
        "price": 3490,
        "longCountPercent": 0,
        "shortCountPercent": 28.88
      },
      {
        "price": 3495,
        "longCountPercent": 2.89,
        "shortCountPercent": 34.65
      },
      {
        "price": 3500,
        "longCountPercent": 0,
        "shortCountPercent": 23.1
      },
      {
        "price": 3520,
        "longCountPercent": 0,
        "shortCountPercent": 2.89
      },
      {
        "price": 3525,
        "longCountPercent": 0,
        "shortCountPercent": 2.89
      },
      {
        "price": 3540,
        "longCountPercent": 0,
        "shortCountPercent": 2.89
      },
      {
        "price": 3560,
        "longCountPercent": 0,
        "shortCountPercent": 20.21
      },
      {
        "price": 3565,
        "longCountPercent": 0,
        "shortCountPercent": 8.66
      },
      {
        "price": 3570,
        "longCountPercent": 0,
        "shortCountPercent": 17.33
      },
      {
        "price": 3575,
        "longCountPercent": 0,
        "shortCountPercent": 25.99
      },
      {
        "price": 3580,
        "longCountPercent": 0,
        "shortCountPercent": 28.88
      },
      {
        "price": 3585,
        "longCountPercent": 0,
        "shortCountPercent": 57.75
      },
      {
        "price": 3590,
        "longCountPercent": 0,
        "shortCountPercent": 60.64
      },
      {
        "price": 3595,
        "longCountPercent": 0,
        "shortCountPercent": 20.21
      },
      {
        "price": 3600,
        "longCountPercent": 2.89,
        "shortCountPercent": 23.1
      },
      {
        "price": 3605,
        "longCountPercent": 0,
        "shortCountPercent": 25.99
      },
      {
        "price": 3610,
        "longCountPercent": 2.89,
        "shortCountPercent": 11.55
      },
      {
        "price": 3615,
        "longCountPercent": 0,
        "shortCountPercent": 20.21
      },
      {
        "price": 3620,
        "longCountPercent": 0,
        "shortCountPercent": 17.33
      },
      {
        "price": 3625,
        "longCountPercent": 0,
        "shortCountPercent": 5.78
      },
      {
        "price": 3635,
        "longCountPercent": 0,
        "shortCountPercent": 5.78
      },
      {
        "price": 3645,
        "longCountPercent": 0,
        "shortCountPercent": 2.89
      },
      {
        "price": 3650,
        "longCountPercent": 0,
        "shortCountPercent": 2.89
      },
      {
        "price": 3660,
        "longCountPercent": 0,
        "shortCountPercent": 5.78
      },
      {
        "price": 3700,
        "longCountPercent": 0,
        "shortCountPercent": 2.89
      },
      {
        "price": 3710,
        "longCountPercent": 0,
        "shortCountPercent": 2.89
      },
      {
        "price": 3715,
        "longCountPercent": 0,
        "shortCountPercent": 2.89
      },
      {
        "price": 3720,
        "longCountPercent": 0,
        "shortCountPercent": 2.89
      },
      {
        "price": 3730,
        "longCountPercent": 0,
        "shortCountPercent": 2.89
      },
      {
        "price": 3740,
        "longCountPercent": 0,
        "shortCountPercent": 2.89
      },
      {
        "price": 3750,
        "longCountPercent": 0,
        "shortCountPercent": 2.89
      },
      {
        "price": 3785,
        "longCountPercent": 2.89,
        "shortCountPercent": 0
      },
      {
        "price": 3800,
        "longCountPercent": 2.89,
        "shortCountPercent": 0
      },
      {
        "price": 3805,
        "longCountPercent": 0,
        "shortCountPercent": 2.89
      },
      {
        "price": 3815,
        "longCountPercent": 0,
        "shortCountPercent": 2.89
      },
      {
        "price": 3820,
        "longCountPercent": 0,
        "shortCountPercent": 2.89
      },
      {
        "price": 3840,
        "longCountPercent": 0,
        "shortCountPercent": 5.78
      },
      {
        "price": 3850,
        "longCountPercent": 2.89,
        "shortCountPercent": 0
      },
      {
        "price": 3855,
        "longCountPercent": 0,
        "shortCountPercent": 2.89
      },
      {
        "price": 3865,
        "longCountPercent": 0,
        "shortCountPercent": 2.89
      },
      {
        "price": 3880,
        "longCountPercent": 2.89,
        "shortCountPercent": 2.89
      },
      {
        "price": 3895,
        "longCountPercent": 0,
        "shortCountPercent": 2.89
      },
      {
        "price": 3900,
        "longCountPercent": 2.89,
        "shortCountPercent": 2.89
      },
      {
        "price": 3905,
        "longCountPercent": 0,
        "shortCountPercent": 2.89
      },
      {
        "price": 3910,
        "longCountPercent": 0,
        "shortCountPercent": 5.78
      },
      {
        "price": 3920,
        "longCountPercent": 2.89,
        "shortCountPercent": 0
      },
      {
        "price": 3925,
        "longCountPercent": 2.89,
        "shortCountPercent": 0
      },
      {
        "price": 3950,
        "longCountPercent": 2.89,
        "shortCountPercent": 0
      },
      {
        "price": 3955,
        "longCountPercent": 5.78,
        "shortCountPercent": 0
      },
      {
        "price": 3960,
        "longCountPercent": 0,
        "shortCountPercent": 2.89
      },
      {
        "price": 3965,
        "longCountPercent": 2.89,
        "shortCountPercent": 0
      },
      {
        "price": 3975,
        "longCountPercent": 0,
        "shortCountPercent": 2.89
      },
      {
        "price": 3995,
        "longCountPercent": 0,
        "shortCountPercent": 2.89
      },
      {
        "price": 4000,
        "longCountPercent": 0,
        "shortCountPercent": 2.89
      },
      {
        "price": 4005,
        "longCountPercent": 0,
        "shortCountPercent": 2.89
      },
      {
        "price": 4015,
        "longCountPercent": 0,
        "shortCountPercent": 2.89
      },
      {
        "price": 4030,
        "longCountPercent": 0,
        "shortCountPercent": 5.78
      },
      {
        "price": 4035,
        "longCountPercent": 0,
        "shortCountPercent": 5.78
      },
      {
        "price": 4040,
        "longCountPercent": 0,
        "shortCountPercent": 2.89
      },
      {
        "price": 4045,
        "longCountPercent": 0,
        "shortCountPercent": 2.89
      },
      {
        "price": 4050,
        "longCountPercent": 0,
        "shortCountPercent": 8.66
      },
      {
        "price": 4055,
        "longCountPercent": 0,
        "shortCountPercent": 11.55
      },
      {
        "price": 4060,
        "longCountPercent": 2.89,
        "shortCountPercent": 8.66
      },
      {
        "price": 4065,
        "longCountPercent": 0,
        "shortCountPercent": 2.89
      },
      {
        "price": 4070,
        "longCountPercent": 2.89,
        "shortCountPercent": 2.89
      },
      {
        "price": 4075,
        "longCountPercent": 2.89,
        "shortCountPercent": 2.89
      },
      {
        "price": 4080,
        "longCountPercent": 0,
        "shortCountPercent": 2.89
      },
      {
        "price": 4090,
        "longCountPercent": 0,
        "shortCountPercent": 2.89
      },
      {
        "price": 4095,
        "longCountPercent": 0,
        "shortCountPercent": 20.21
      },
      {
        "price": 4100,
        "longCountPercent": 0,
        "shortCountPercent": 34.65
      },
      {
        "price": 4105,
        "longCountPercent": 0,
        "shortCountPercent": 2.89
      },
      {
        "price": 4110,
        "longCountPercent": 8.66,
        "shortCountPercent": 8.66
      },
      {
        "price": 4115,
        "longCountPercent": 0,
        "shortCountPercent": 28.88
      },
      {
        "price": 4125,
        "longCountPercent": 0,
        "shortCountPercent": 5.78
      },
      {
        "price": 4145,
        "longCountPercent": 0,
        "shortCountPercent": 17.33
      },
      {
        "price": 4150,
        "longCountPercent": 2.89,
        "shortCountPercent": 0
      },
      {
        "price": 4155,
        "longCountPercent": 0,
        "shortCountPercent": 5.78
      },
      {
        "price": 4160,
        "longCountPercent": 0,
        "shortCountPercent": 2.89
      },
      {
        "price": 4170,
        "longCountPercent": 5.78,
        "shortCountPercent": 43.32
      },
      {
        "price": 4175,
        "longCountPercent": 2.89,
        "shortCountPercent": 0
      },
      {
        "price": 4195,
        "longCountPercent": 5.78,
        "shortCountPercent": 0
      },
      {
        "price": 4200,
        "longCountPercent": 5.78,
        "shortCountPercent": 2.89
      },
      {
        "price": 4205,
        "longCountPercent": 0,
        "shortCountPercent": 2.89
      },
      {
        "price": 4210,
        "longCountPercent": 2.89,
        "shortCountPercent": 0
      },
      {
        "price": 4215,
        "longCountPercent": 0,
        "shortCountPercent": 2.89
      },
      {
        "price": 4220,
        "longCountPercent": 0,
        "shortCountPercent": 2.89
      },
      {
        "price": 4235,
        "longCountPercent": 0,
        "shortCountPercent": 2.89
      },
      {
        "price": 4240,
        "longCountPercent": 0,
        "shortCountPercent": 2.89
      },
      {
        "price": 4260,
        "longCountPercent": 2.89,
        "shortCountPercent": 0
      },
      {
        "price": 4265,
        "longCountPercent": 2.89,
        "shortCountPercent": 0
      },
      {
        "price": 4270,
        "longCountPercent": 2.89,
        "shortCountPercent": 0
      },
      {
        "price": 4275,
        "longCountPercent": 5.78,
        "shortCountPercent": 5.78
      },
      {
        "price": 4280,
        "longCountPercent": 2.89,
        "shortCountPercent": 0
      },
      {
        "price": 4285,
        "longCountPercent": 2.89,
        "shortCountPercent": 0
      },
      {
        "price": 4290,
        "longCountPercent": 0,
        "shortCountPercent": 2.89
      },
      {
        "price": 4310,
        "longCountPercent": 0,
        "shortCountPercent": 2.89
      },
      {
        "price": 4315,
        "longCountPercent": 0,
        "shortCountPercent": 2.89
      },
      {
        "price": 4320,
        "longCountPercent": 0,
        "shortCountPercent": 2.89
      },
      {
        "price": 4330,
        "longCountPercent": 0,
        "shortCountPercent": 5.78
      },
      {
        "price": 4340,
        "longCountPercent": 0,
        "shortCountPercent": 2.89
      },
      {
        "price": 4355,
        "longCountPercent": 2.89,
        "shortCountPercent": 2.89
      },
      {
        "price": 4365,
        "longCountPercent": 2.89,
        "shortCountPercent": 2.89
      },
      {
        "price": 4370,
        "longCountPercent": 2.89,
        "shortCountPercent": 0
      },
      {
        "price": 4380,
        "longCountPercent": 5.78,
        "shortCountPercent": 0
      },
      {
        "price": 4390,
        "longCountPercent": 0,
        "shortCountPercent": 8.66
      },
      {
        "price": 4395,
        "longCountPercent": 0,
        "shortCountPercent": 5.78
      },
      {
        "price": 4400,
        "longCountPercent": 2.89,
        "shortCountPercent": 2.89
      },
      {
        "price": 4405,
        "longCountPercent": 0,
        "shortCountPercent": 5.78
      },
      {
        "price": 4410,
        "longCountPercent": 0,
        "shortCountPercent": 2.89
      },
      {
        "price": 4425,
        "longCountPercent": 0,
        "shortCountPercent": 2.89
      },
      {
        "price": 4435,
        "longCountPercent": 0,
        "shortCountPercent": 2.89
      },
      {
        "price": 4445,
        "longCountPercent": 0,
        "shortCountPercent": 2.89
      },
      {
        "price": 4450,
        "longCountPercent": 2.89,
        "shortCountPercent": 2.89
      },
      {
        "price": 4455,
        "longCountPercent": 0,
        "shortCountPercent": 2.89
      },
      {
        "price": 4460,
        "longCountPercent": 5.78,
        "shortCountPercent": 0
      },
      {
        "price": 4465,
        "longCountPercent": 2.89,
        "shortCountPercent": 0
      },
      {
        "price": 4470,
        "longCountPercent": 2.89,
        "shortCountPercent": 0
      },
      {
        "price": 4475,
        "longCountPercent": 0,
        "shortCountPercent": 2.89
      },
      {
        "price": 4480,
        "longCountPercent": 2.89,
        "shortCountPercent": 0
      },
      {
        "price": 4485,
        "longCountPercent": 0,
        "shortCountPercent": 2.89
      },
      {
        "price": 4490,
        "longCountPercent": 0,
        "shortCountPercent": 2.89
      },
      {
        "price": 4500,
        "longCountPercent": 0,
        "shortCountPercent": 17.33
      },
      {
        "price": 4505,
        "longCountPercent": 5.78,
        "shortCountPercent": 0
      },
      {
        "price": 4510,
        "longCountPercent": 2.89,
        "shortCountPercent": 5.78
      },
      {
        "price": 4530,
        "longCountPercent": 2.89,
        "shortCountPercent": 0
      },
      {
        "price": 4535,
        "longCountPercent": 2.89,
        "shortCountPercent": 0
      },
      {
        "price": 4550,
        "longCountPercent": 0,
        "shortCountPercent": 11.55
      },
      {
        "price": 4555,
        "longCountPercent": 2.89,
        "shortCountPercent": 0
      },
      {
        "price": 4565,
        "longCountPercent": 2.89,
        "shortCountPercent": 0
      },
      {
        "price": 4575,
        "longCountPercent": 0,
        "shortCountPercent": 2.89
      },
      {
        "price": 4585,
        "longCountPercent": 2.89,
        "shortCountPercent": 0
      },
      {
        "price": 4595,
        "longCountPercent": 2.89,
        "shortCountPercent": 0
      },
      {
        "price": 4600,
        "longCountPercent": 0,
        "shortCountPercent": 5.78
      },
      {
        "price": 4610,
        "longCountPercent": 0,
        "shortCountPercent": 2.89
      },
      {
        "price": 4620,
        "longCountPercent": 0,
        "shortCountPercent": 2.89
      },
      {
        "price": 4645,
        "longCountPercent": 0,
        "shortCountPercent": 2.89
      },
      {
        "price": 4650,
        "longCountPercent": 0,
        "shortCountPercent": 2.89
      },
      {
        "price": 4655,
        "longCountPercent": 2.89,
        "shortCountPercent": 2.89
      },
      {
        "price": 4695,
        "longCountPercent": 0,
        "shortCountPercent": 5.78
      },
      {
        "price": 4700,
        "longCountPercent": 0,
        "shortCountPercent": 2.89
      },
      {
        "price": 4710,
        "longCountPercent": 0,
        "shortCountPercent": 5.78
      },
      {
        "price": 4730,
        "longCountPercent": 0,
        "shortCountPercent": 2.89
      },
      {
        "price": 4745,
        "longCountPercent": 0,
        "shortCountPercent": 5.78
      },
      {
        "price": 4750,
        "longCountPercent": 0,
        "shortCountPercent": 5.78
      },
      {
        "price": 4760,
        "longCountPercent": 0,
        "shortCountPercent": 14.44
      },
      {
        "price": 4775,
        "longCountPercent": 5.78,
        "shortCountPercent": 0
      },
      {
        "price": 4780,
        "longCountPercent": 5.78,
        "shortCountPercent": 0
      },
      {
        "price": 4785,
        "longCountPercent": 2.89,
        "shortCountPercent": 0
      },
      {
        "price": 4800,
        "longCountPercent": 0,
        "shortCountPercent": 5.78
      },
      {
        "price": 4815,
        "longCountPercent": 2.89,
        "shortCountPercent": 0
      },
      {
        "price": 4830,
        "longCountPercent": 0,
        "shortCountPercent": 5.78
      },
      {
        "price": 4835,
        "longCountPercent": 8.66,
        "shortCountPercent": 2.89
      },
      {
        "price": 4840,
        "longCountPercent": 0,
        "shortCountPercent": 2.89
      },
      {
        "price": 4845,
        "longCountPercent": 2.89,
        "shortCountPercent": 5.78
      },
      {
        "price": 4850,
        "longCountPercent": 0,
        "shortCountPercent": 2.89
      },
      {
        "price": 4855,
        "longCountPercent": 0,
        "shortCountPercent": 2.89
      },
      {
        "price": 4860,
        "longCountPercent": 0,
        "shortCountPercent": 5.78
      },
      {
        "price": 4865,
        "longCountPercent": 0,
        "shortCountPercent": 14.44
      },
      {
        "price": 4875,
        "longCountPercent": 0,
        "shortCountPercent": 11.55
      },
      {
        "price": 4885,
        "longCountPercent": 2.89,
        "shortCountPercent": 8.66
      },
      {
        "price": 4890,
        "longCountPercent": 0,
        "shortCountPercent": 2.89
      },
      {
        "price": 4895,
        "longCountPercent": 0,
        "shortCountPercent": 5.78
      },
      {
        "price": 4900,
        "longCountPercent": 2.89,
        "shortCountPercent": 2.89
      },
      {
        "price": 4905,
        "longCountPercent": 0,
        "shortCountPercent": 8.66
      },
      {
        "price": 4910,
        "longCountPercent": 2.89,
        "shortCountPercent": 8.66
      },
      {
        "price": 4915,
        "longCountPercent": 0,
        "shortCountPercent": 5.78
      },
      {
        "price": 4920,
        "longCountPercent": 0,
        "shortCountPercent": 8.66
      },
      {
        "price": 4925,
        "longCountPercent": 0,
        "shortCountPercent": 2.89
      },
      {
        "price": 4935,
        "longCountPercent": 0,
        "shortCountPercent": 11.55
      },
      {
        "price": 4940,
        "longCountPercent": 0,
        "shortCountPercent": 2.89
      },
      {
        "price": 4945,
        "longCountPercent": 0,
        "shortCountPercent": 5.78
      },
      {
        "price": 4950,
        "longCountPercent": 2.89,
        "shortCountPercent": 2.89
      },
      {
        "price": 4955,
        "longCountPercent": 0,
        "shortCountPercent": 37.54
      },
      {
        "price": 4960,
        "longCountPercent": 0,
        "shortCountPercent": 8.66
      },
      {
        "price": 4965,
        "longCountPercent": 0,
        "shortCountPercent": 5.78
      },
      {
        "price": 4970,
        "longCountPercent": 0,
        "shortCountPercent": 8.66
      },
      {
        "price": 4975,
        "longCountPercent": 0,
        "shortCountPercent": 14.44
      },
      {
        "price": 4980,
        "longCountPercent": 0,
        "shortCountPercent": 5.78
      },
      {
        "price": 4985,
        "longCountPercent": 0,
        "shortCountPercent": 8.66
      },
      {
        "price": 4990,
        "longCountPercent": 0,
        "shortCountPercent": 2.89
      },
      {
        "price": 4995,
        "longCountPercent": 0,
        "shortCountPercent": 14.44
      },
      {
        "price": 5005,
        "longCountPercent": 0,
        "shortCountPercent": 8.66
      },
      {
        "price": 5010,
        "longCountPercent": 0,
        "shortCountPercent": 8.66
      },
      {
        "price": 5015,
        "longCountPercent": 0,
        "shortCountPercent": 8.66
      },
      {
        "price": 5020,
        "longCountPercent": 0,
        "shortCountPercent": 5.78
      },
      {
        "price": 5025,
        "longCountPercent": 2.89,
        "shortCountPercent": 28.88
      },
      {
        "price": 5030,
        "longCountPercent": 0,
        "shortCountPercent": 5.78
      },
      {
        "price": 5035,
        "longCountPercent": 0,
        "shortCountPercent": 5.78
      },
      {
        "price": 5040,
        "longCountPercent": 0,
        "shortCountPercent": 5.78
      },
      {
        "price": 5045,
        "longCountPercent": 0,
        "shortCountPercent": 2.89
      },
      {
        "price": 5050,
        "longCountPercent": 2.89,
        "shortCountPercent": 11.55
      },
      {
        "price": 5055,
        "longCountPercent": 0,
        "shortCountPercent": 5.78
      },
      {
        "price": 5060,
        "longCountPercent": 0,
        "shortCountPercent": 8.66
      },
      {
        "price": 5065,
        "longCountPercent": 0,
        "shortCountPercent": 2.89
      },
      {
        "price": 5070,
        "longCountPercent": 0,
        "shortCountPercent": 2.89
      },
      {
        "price": 5075,
        "longCountPercent": 2.89,
        "shortCountPercent": 14.44
      },
      {
        "price": 5080,
        "longCountPercent": 0,
        "shortCountPercent": 5.78
      },
      {
        "price": 5085,
        "longCountPercent": 0,
        "shortCountPercent": 20.21
      },
      {
        "price": 5090,
        "longCountPercent": 0,
        "shortCountPercent": 5.78
      },
      {
        "price": 5095,
        "longCountPercent": 2.89,
        "shortCountPercent": 5.78
      },
      {
        "price": 5100,
        "longCountPercent": 0,
        "shortCountPercent": 17.33
      },
      {
        "price": 5105,
        "longCountPercent": 0,
        "shortCountPercent": 5.78
      },
      {
        "price": 5110,
        "longCountPercent": 0,
        "shortCountPercent": 17.33
      },
      {
        "price": 5120,
        "longCountPercent": 0,
        "shortCountPercent": 5.78
      },
      {
        "price": 5125,
        "longCountPercent": 2.89,
        "shortCountPercent": 0
      },
      {
        "price": 5135,
        "longCountPercent": 0,
        "shortCountPercent": 2.89
      },
      {
        "price": 5140,
        "longCountPercent": 0,
        "shortCountPercent": 5.78
      },
      {
        "price": 5150,
        "longCountPercent": 0,
        "shortCountPercent": 5.78
      },
      {
        "price": 5165,
        "longCountPercent": 2.89,
        "shortCountPercent": 0
      },
      {
        "price": 5180,
        "longCountPercent": 0,
        "shortCountPercent": 2.89
      },
      {
        "price": 5185,
        "longCountPercent": 0,
        "shortCountPercent": 2.89
      },
      {
        "price": 5195,
        "longCountPercent": 2.89,
        "shortCountPercent": 0
      },
      {
        "price": 5200,
        "longCountPercent": 0,
        "shortCountPercent": 5.78
      },
      {
        "price": 5205,
        "longCountPercent": 0,
        "shortCountPercent": 5.78
      },
      {
        "price": 5210,
        "longCountPercent": 0,
        "shortCountPercent": 2.89
      },
      {
        "price": 5215,
        "longCountPercent": 0,
        "shortCountPercent": 2.89
      },
      {
        "price": 5225,
        "longCountPercent": 0,
        "shortCountPercent": 2.89
      },
      {
        "price": 5235,
        "longCountPercent": 0,
        "shortCountPercent": 2.89
      },
      {
        "price": 5240,
        "longCountPercent": 2.89,
        "shortCountPercent": 2.89
      },
      {
        "price": 5250,
        "longCountPercent": 0,
        "shortCountPercent": 2.89
      },
      {
        "price": 5255,
        "longCountPercent": 2.89,
        "shortCountPercent": 0
      },
      {
        "price": 5260,
        "longCountPercent": 0,
        "shortCountPercent": 2.89
      },
      {
        "price": 5265,
        "longCountPercent": 2.89,
        "shortCountPercent": 2.89
      },
      {
        "price": 5275,
        "longCountPercent": 2.89,
        "shortCountPercent": 0
      },
      {
        "price": 5280,
        "longCountPercent": 0,
        "shortCountPercent": 8.66
      },
      {
        "price": 5290,
        "longCountPercent": 0,
        "shortCountPercent": 8.66
      },
      {
        "price": 5295,
        "longCountPercent": 2.89,
        "shortCountPercent": 0
      },
      {
        "price": 5300,
        "longCountPercent": 0,
        "shortCountPercent": 5.78
      },
      {
        "price": 5305,
        "longCountPercent": 0,
        "shortCountPercent": 2.89
      },
      {
        "price": 5315,
        "longCountPercent": 2.89,
        "shortCountPercent": 0
      },
      {
        "price": 5330,
        "longCountPercent": 0,
        "shortCountPercent": 2.89
      },
      {
        "price": 5335,
        "longCountPercent": 0,
        "shortCountPercent": 2.89
      },
      {
        "price": 5340,
        "longCountPercent": 2.89,
        "shortCountPercent": 5.78
      },
      {
        "price": 5345,
        "longCountPercent": 0,
        "shortCountPercent": 2.89
      },
      {
        "price": 5350,
        "longCountPercent": 0,
        "shortCountPercent": 2.89
      },
      {
        "price": 5355,
        "longCountPercent": 0,
        "shortCountPercent": 2.89
      },
      {
        "price": 5360,
        "longCountPercent": 0,
        "shortCountPercent": 5.78
      },
      {
        "price": 5365,
        "longCountPercent": 0,
        "shortCountPercent": 5.78
      },
      {
        "price": 5375,
        "longCountPercent": 8.66,
        "shortCountPercent": 2.89
      },
      {
        "price": 5380,
        "longCountPercent": 0,
        "shortCountPercent": 2.89
      },
      {
        "price": 5385,
        "longCountPercent": 0,
        "shortCountPercent": 2.89
      },
      {
        "price": 5390,
        "longCountPercent": 2.89,
        "shortCountPercent": 2.89
      },
      {
        "price": 5400,
        "longCountPercent": 0,
        "shortCountPercent": 8.66
      },
      {
        "price": 5405,
        "longCountPercent": 5.78,
        "shortCountPercent": 5.78
      },
      {
        "price": 5410,
        "longCountPercent": 0,
        "shortCountPercent": 2.89
      },
      {
        "price": 5415,
        "longCountPercent": 0,
        "shortCountPercent": 2.89
      },
      {
        "price": 5420,
        "longCountPercent": 0,
        "shortCountPercent": 5.78
      },
      {
        "price": 5430,
        "longCountPercent": 0,
        "shortCountPercent": 2.89
      },
      {
        "price": 5435,
        "longCountPercent": 0,
        "shortCountPercent": 5.78
      },
      {
        "price": 5440,
        "longCountPercent": 2.89,
        "shortCountPercent": 0
      },
      {
        "price": 5445,
        "longCountPercent": 0,
        "shortCountPercent": 11.55
      },
      {
        "price": 5450,
        "longCountPercent": 0,
        "shortCountPercent": 2.89
      },
      {
        "price": 5460,
        "longCountPercent": 2.89,
        "shortCountPercent": 5.78
      },
      {
        "price": 5465,
        "longCountPercent": 0,
        "shortCountPercent": 8.66
      },
      {
        "price": 5470,
        "longCountPercent": 0,
        "shortCountPercent": 5.78
      },
      {
        "price": 5475,
        "longCountPercent": 0,
        "shortCountPercent": 5.78
      },
      {
        "price": 5480,
        "longCountPercent": 0,
        "shortCountPercent": 2.89
      },
      {
        "price": 5485,
        "longCountPercent": 2.89,
        "shortCountPercent": 8.66
      },
      {
        "price": 5490,
        "longCountPercent": 2.89,
        "shortCountPercent": 0
      },
      {
        "price": 5495,
        "longCountPercent": 0,
        "shortCountPercent": 2.89
      },
      {
        "price": 5500,
        "longCountPercent": 2.89,
        "shortCountPercent": 8.66
      },
      {
        "price": 5505,
        "longCountPercent": 0,
        "shortCountPercent": 2.89
      },
      {
        "price": 5510,
        "longCountPercent": 0,
        "shortCountPercent": 2.89
      },
      {
        "price": 5520,
        "longCountPercent": 0,
        "shortCountPercent": 5.78
      },
      {
        "price": 5525,
        "longCountPercent": 0,
        "shortCountPercent": 2.89
      },
      {
        "price": 5530,
        "longCountPercent": 2.89,
        "shortCountPercent": 2.89
      },
      {
        "price": 5540,
        "longCountPercent": 17.33,
        "shortCountPercent": 5.78
      },
      {
        "price": 5545,
        "longCountPercent": 5.78,
        "shortCountPercent": 8.66
      },
      {
        "price": 5550,
        "longCountPercent": 2.89,
        "shortCountPercent": 2.89
      },
      {
        "price": 5555,
        "longCountPercent": 0,
        "shortCountPercent": 2.89
      },
      {
        "price": 5560,
        "longCountPercent": 0,
        "shortCountPercent": 2.89
      },
      {
        "price": 5565,
        "longCountPercent": 2.89,
        "shortCountPercent": 0
      },
      {
        "price": 5570,
        "longCountPercent": 0,
        "shortCountPercent": 2.89
      },
      {
        "price": 5585,
        "longCountPercent": 5.78,
        "shortCountPercent": 2.89
      },
      {
        "price": 5590,
        "longCountPercent": 2.89,
        "shortCountPercent": 5.78
      },
      {
        "price": 5595,
        "longCountPercent": 0,
        "shortCountPercent": 2.89
      },
      {
        "price": 5600,
        "longCountPercent": 0,
        "shortCountPercent": 5.78
      },
      {
        "price": 5605,
        "longCountPercent": 0,
        "shortCountPercent": 8.66
      },
      {
        "price": 5610,
        "longCountPercent": 2.89,
        "shortCountPercent": 0
      },
      {
        "price": 5620,
        "longCountPercent": 8.66,
        "shortCountPercent": 8.66
      },
      {
        "price": 5625,
        "longCountPercent": 5.78,
        "shortCountPercent": 8.66
      },
      {
        "price": 5630,
        "longCountPercent": 0,
        "shortCountPercent": 2.89
      },
      {
        "price": 5635,
        "longCountPercent": 2.89,
        "shortCountPercent": 5.78
      },
      {
        "price": 5640,
        "longCountPercent": 5.78,
        "shortCountPercent": 0
      },
      {
        "price": 5650,
        "longCountPercent": 0,
        "shortCountPercent": 5.78
      },
      {
        "price": 5655,
        "longCountPercent": 5.78,
        "shortCountPercent": 8.66
      },
      {
        "price": 5660,
        "longCountPercent": 2.89,
        "shortCountPercent": 2.89
      },
      {
        "price": 5665,
        "longCountPercent": 5.78,
        "shortCountPercent": 2.89
      },
      {
        "price": 5670,
        "longCountPercent": 2.89,
        "shortCountPercent": 0
      },
      {
        "price": 5675,
        "longCountPercent": 2.89,
        "shortCountPercent": 2.89
      },
      {
        "price": 5680,
        "longCountPercent": 2.89,
        "shortCountPercent": 2.89
      },
      {
        "price": 5685,
        "longCountPercent": 0,
        "shortCountPercent": 2.89
      },
      {
        "price": 5690,
        "longCountPercent": 2.89,
        "shortCountPercent": 5.78
      },
      {
        "price": 5695,
        "longCountPercent": 2.89,
        "shortCountPercent": 0
      },
      {
        "price": 5700,
        "longCountPercent": 0,
        "shortCountPercent": 5.78
      },
      {
        "price": 5705,
        "longCountPercent": 2.89,
        "shortCountPercent": 0
      },
      {
        "price": 5725,
        "longCountPercent": 2.89,
        "shortCountPercent": 5.78
      },
      {
        "price": 5730,
        "longCountPercent": 2.89,
        "shortCountPercent": 0
      },
      {
        "price": 5735,
        "longCountPercent": 0,
        "shortCountPercent": 11.55
      },
      {
        "price": 5740,
        "longCountPercent": 5.78,
        "shortCountPercent": 2.89
      },
      {
        "price": 5745,
        "longCountPercent": 0,
        "shortCountPercent": 2.89
      },
      {
        "price": 5750,
        "longCountPercent": 2.89,
        "shortCountPercent": 0
      },
      {
        "price": 5755,
        "longCountPercent": 2.89,
        "shortCountPercent": 5.78
      },
      {
        "price": 5760,
        "longCountPercent": 2.89,
        "shortCountPercent": 0
      },
      {
        "price": 5770,
        "longCountPercent": 5.78,
        "shortCountPercent": 0
      },
      {
        "price": 5775,
        "longCountPercent": 0,
        "shortCountPercent": 2.89
      },
      {
        "price": 5780,
        "longCountPercent": 2.89,
        "shortCountPercent": 2.89
      },
      {
        "price": 5785,
        "longCountPercent": 0,
        "shortCountPercent": 2.89
      },
      {
        "price": 5790,
        "longCountPercent": 0,
        "shortCountPercent": 11.55
      },
      {
        "price": 5795,
        "longCountPercent": 0,
        "shortCountPercent": 2.89
      },
      {
        "price": 5800,
        "longCountPercent": 2.89,
        "shortCountPercent": 11.55
      },
      {
        "price": 5810,
        "longCountPercent": 2.89,
        "shortCountPercent": 8.66
      },
      {
        "price": 5815,
        "longCountPercent": 5.78,
        "shortCountPercent": 5.78
      },
      {
        "price": 5820,
        "longCountPercent": 0,
        "shortCountPercent": 2.89
      },
      {
        "price": 5825,
        "longCountPercent": 0,
        "shortCountPercent": 8.66
      },
      {
        "price": 5835,
        "longCountPercent": 0,
        "shortCountPercent": 2.89
      },
      {
        "price": 5845,
        "longCountPercent": 2.89,
        "shortCountPercent": 5.78
      },
      {
        "price": 5850,
        "longCountPercent": 0,
        "shortCountPercent": 8.66
      },
      {
        "price": 5855,
        "longCountPercent": 0,
        "shortCountPercent": 5.78
      },
      {
        "price": 5860,
        "longCountPercent": 0,
        "shortCountPercent": 2.89
      },
      {
        "price": 5865,
        "longCountPercent": 0,
        "shortCountPercent": 5.78
      },
      {
        "price": 5870,
        "longCountPercent": 0,
        "shortCountPercent": 5.78
      },
      {
        "price": 5875,
        "longCountPercent": 2.89,
        "shortCountPercent": 5.78
      },
      {
        "price": 5880,
        "longCountPercent": 8.66,
        "shortCountPercent": 5.78
      },
      {
        "price": 5885,
        "longCountPercent": 2.89,
        "shortCountPercent": 5.78
      },
      {
        "price": 5890,
        "longCountPercent": 2.89,
        "shortCountPercent": 2.89
      },
      {
        "price": 5895,
        "longCountPercent": 0,
        "shortCountPercent": 14.44
      },
      {
        "price": 5900,
        "longCountPercent": 0,
        "shortCountPercent": 8.66
      },
      {
        "price": 5905,
        "longCountPercent": 0,
        "shortCountPercent": 5.78
      },
      {
        "price": 5910,
        "longCountPercent": 5.78,
        "shortCountPercent": 17.33
      },
      {
        "price": 5915,
        "longCountPercent": 0,
        "shortCountPercent": 2.89
      },
      {
        "price": 5925,
        "longCountPercent": 5.78,
        "shortCountPercent": 8.66
      },
      {
        "price": 5930,
        "longCountPercent": 2.89,
        "shortCountPercent": 8.66
      },
      {
        "price": 5935,
        "longCountPercent": 2.89,
        "shortCountPercent": 2.89
      },
      {
        "price": 5940,
        "longCountPercent": 2.89,
        "shortCountPercent": 5.78
      },
      {
        "price": 5945,
        "longCountPercent": 0,
        "shortCountPercent": 8.66
      },
      {
        "price": 5950,
        "longCountPercent": 5.78,
        "shortCountPercent": 0
      },
      {
        "price": 5955,
        "longCountPercent": 2.89,
        "shortCountPercent": 5.78
      },
      {
        "price": 5960,
        "longCountPercent": 0,
        "shortCountPercent": 8.66
      },
      {
        "price": 5965,
        "longCountPercent": 0,
        "shortCountPercent": 8.66
      },
      {
        "price": 5970,
        "longCountPercent": 0,
        "shortCountPercent": 5.78
      },
      {
        "price": 5975,
        "longCountPercent": 2.89,
        "shortCountPercent": 25.99
      },
      {
        "price": 5980,
        "longCountPercent": 2.89,
        "shortCountPercent": 14.44
      },
      {
        "price": 5985,
        "longCountPercent": 2.89,
        "shortCountPercent": 17.33
      },
      {
        "price": 5990,
        "longCountPercent": 2.89,
        "shortCountPercent": 31.76
      },
      {
        "price": 5995,
        "longCountPercent": 2.89,
        "shortCountPercent": 8.66
      },
      {
        "price": 6000,
        "longCountPercent": 2.89,
        "shortCountPercent": 14.44
      },
      {
        "price": 6005,
        "longCountPercent": 5.78,
        "shortCountPercent": 17.33
      },
      {
        "price": 6010,
        "longCountPercent": 0,
        "shortCountPercent": 8.66
      },
      {
        "price": 6015,
        "longCountPercent": 0,
        "shortCountPercent": 8.66
      },
      {
        "price": 6020,
        "longCountPercent": 0,
        "shortCountPercent": 17.33
      },
      {
        "price": 6025,
        "longCountPercent": 0,
        "shortCountPercent": 14.44
      },
      {
        "price": 6030,
        "longCountPercent": 2.89,
        "shortCountPercent": 8.66
      },
      {
        "price": 6035,
        "longCountPercent": 0,
        "shortCountPercent": 14.44
      },
      {
        "price": 6040,
        "longCountPercent": 0,
        "shortCountPercent": 5.78
      },
      {
        "price": 6045,
        "longCountPercent": 2.89,
        "shortCountPercent": 2.89
      },
      {
        "price": 6050,
        "longCountPercent": 0,
        "shortCountPercent": 8.66
      },
      {
        "price": 6055,
        "longCountPercent": 2.89,
        "shortCountPercent": 2.89
      },
      {
        "price": 6060,
        "longCountPercent": 0,
        "shortCountPercent": 14.44
      },
      {
        "price": 6065,
        "longCountPercent": 0,
        "shortCountPercent": 25.99
      },
      {
        "price": 6075,
        "longCountPercent": 0,
        "shortCountPercent": 8.66
      },
      {
        "price": 6080,
        "longCountPercent": 0,
        "shortCountPercent": 8.66
      },
      {
        "price": 6085,
        "longCountPercent": 0,
        "shortCountPercent": 20.21
      },
      {
        "price": 6090,
        "longCountPercent": 0,
        "shortCountPercent": 17.33
      },
      {
        "price": 6095,
        "longCountPercent": 0,
        "shortCountPercent": 17.33
      },
      {
        "price": 6100,
        "longCountPercent": 0,
        "shortCountPercent": 20.21
      },
      {
        "price": 6105,
        "longCountPercent": 0,
        "shortCountPercent": 20.21
      },
      {
        "price": 6110,
        "longCountPercent": 0,
        "shortCountPercent": 14.44
      },
      {
        "price": 6115,
        "longCountPercent": 0,
        "shortCountPercent": 11.55
      },
      {
        "price": 6120,
        "longCountPercent": 0,
        "shortCountPercent": 11.55
      },
      {
        "price": 6135,
        "longCountPercent": 0,
        "shortCountPercent": 5.78
      },
      {
        "price": 6140,
        "longCountPercent": 0,
        "shortCountPercent": 11.55
      },
      {
        "price": 6145,
        "longCountPercent": 0,
        "shortCountPercent": 5.78
      },
      {
        "price": 6150,
        "longCountPercent": 0,
        "shortCountPercent": 11.55
      },
      {
        "price": 6155,
        "longCountPercent": 0,
        "shortCountPercent": 5.78
      },
      {
        "price": 6160,
        "longCountPercent": 0,
        "shortCountPercent": 5.78
      },
      {
        "price": 6165,
        "longCountPercent": 0,
        "shortCountPercent": 5.78
      },
      {
        "price": 6175,
        "longCountPercent": 2.89,
        "shortCountPercent": 5.78
      },
      {
        "price": 6180,
        "longCountPercent": 0,
        "shortCountPercent": 2.89
      },
      {
        "price": 6185,
        "longCountPercent": 0,
        "shortCountPercent": 2.89
      },
      {
        "price": 6190,
        "longCountPercent": 5.78,
        "shortCountPercent": 5.78
      },
      {
        "price": 6195,
        "longCountPercent": 5.78,
        "shortCountPercent": 2.89
      },
      {
        "price": 6200,
        "longCountPercent": 2.89,
        "shortCountPercent": 11.55
      },
      {
        "price": 6205,
        "longCountPercent": 0,
        "shortCountPercent": 11.55
      },
      {
        "price": 6210,
        "longCountPercent": 5.78,
        "shortCountPercent": 11.55
      },
      {
        "price": 6215,
        "longCountPercent": 0,
        "shortCountPercent": 8.66
      },
      {
        "price": 6220,
        "longCountPercent": 2.89,
        "shortCountPercent": 11.55
      },
      {
        "price": 6225,
        "longCountPercent": 8.66,
        "shortCountPercent": 5.78
      },
      {
        "price": 6230,
        "longCountPercent": 8.66,
        "shortCountPercent": 17.33
      },
      {
        "price": 6235,
        "longCountPercent": 14.44,
        "shortCountPercent": 11.55
      },
      {
        "price": 6240,
        "longCountPercent": 8.66,
        "shortCountPercent": 17.33
      },
      {
        "price": 6245,
        "longCountPercent": 5.78,
        "shortCountPercent": 14.44
      },
      {
        "price": 6250,
        "longCountPercent": 8.66,
        "shortCountPercent": 5.78
      },
      {
        "price": 6255,
        "longCountPercent": 8.66,
        "shortCountPercent": 14.44
      },
      {
        "price": 6260,
        "longCountPercent": 0,
        "shortCountPercent": 25.99
      },
      {
        "price": 6265,
        "longCountPercent": 5.78,
        "shortCountPercent": 8.66
      },
      {
        "price": 6270,
        "longCountPercent": 5.78,
        "shortCountPercent": 28.88
      },
      {
        "price": 6275,
        "longCountPercent": 2.89,
        "shortCountPercent": 11.55
      },
      {
        "price": 6280,
        "longCountPercent": 2.89,
        "shortCountPercent": 23.1
      },
      {
        "price": 6285,
        "longCountPercent": 0,
        "shortCountPercent": 8.66
      },
      {
        "price": 6290,
        "longCountPercent": 0,
        "shortCountPercent": 14.44
      },
      {
        "price": 6295,
        "longCountPercent": 2.89,
        "shortCountPercent": 17.33
      },
      {
        "price": 6300,
        "longCountPercent": 0,
        "shortCountPercent": 14.44
      },
      {
        "price": 6305,
        "longCountPercent": 2.89,
        "shortCountPercent": 23.1
      },
      {
        "price": 6310,
        "longCountPercent": 2.89,
        "shortCountPercent": 8.66
      },
      {
        "price": 6315,
        "longCountPercent": 5.78,
        "shortCountPercent": 14.44
      },
      {
        "price": 6320,
        "longCountPercent": 5.78,
        "shortCountPercent": 11.55
      },
      {
        "price": 6325,
        "longCountPercent": 5.78,
        "shortCountPercent": 8.66
      },
      {
        "price": 6330,
        "longCountPercent": 0,
        "shortCountPercent": 8.66
      },
      {
        "price": 6335,
        "longCountPercent": 0,
        "shortCountPercent": 2.89
      },
      {
        "price": 6340,
        "longCountPercent": 0,
        "shortCountPercent": 14.44
      },
      {
        "price": 6345,
        "longCountPercent": 5.78,
        "shortCountPercent": 2.89
      },
      {
        "price": 6350,
        "longCountPercent": 2.89,
        "shortCountPercent": 5.78
      },
      {
        "price": 6355,
        "longCountPercent": 0,
        "shortCountPercent": 17.33
      },
      {
        "price": 6360,
        "longCountPercent": 2.89,
        "shortCountPercent": 11.55
      },
      {
        "price": 6370,
        "longCountPercent": 0,
        "shortCountPercent": 8.66
      },
      {
        "price": 6375,
        "longCountPercent": 2.89,
        "shortCountPercent": 8.66
      },
      {
        "price": 6380,
        "longCountPercent": 20.21,
        "shortCountPercent": 14.44
      },
      {
        "price": 6385,
        "longCountPercent": 14.44,
        "shortCountPercent": 14.44
      },
      {
        "price": 6390,
        "longCountPercent": 2.89,
        "shortCountPercent": 0
      },
      {
        "price": 6395,
        "longCountPercent": 0,
        "shortCountPercent": 8.66
      },
      {
        "price": 6400,
        "longCountPercent": 8.66,
        "shortCountPercent": 8.66
      },
      {
        "price": 6405,
        "longCountPercent": 2.89,
        "shortCountPercent": 2.89
      },
      {
        "price": 6410,
        "longCountPercent": 2.89,
        "shortCountPercent": 5.78
      },
      {
        "price": 6415,
        "longCountPercent": 0,
        "shortCountPercent": 5.78
      },
      {
        "price": 6420,
        "longCountPercent": 0,
        "shortCountPercent": 2.89
      },
      {
        "price": 6425,
        "longCountPercent": 0,
        "shortCountPercent": 14.44
      },
      {
        "price": 6430,
        "longCountPercent": 0,
        "shortCountPercent": 8.66
      },
      {
        "price": 6435,
        "longCountPercent": 0,
        "shortCountPercent": 11.55
      },
      {
        "price": 6440,
        "longCountPercent": 0,
        "shortCountPercent": 8.66
      },
      {
        "price": 6445,
        "longCountPercent": 5.78,
        "shortCountPercent": 11.55
      },
      {
        "price": 6450,
        "longCountPercent": 2.89,
        "shortCountPercent": 11.55
      },
      {
        "price": 6455,
        "longCountPercent": 0,
        "shortCountPercent": 11.55
      },
      {
        "price": 6460,
        "longCountPercent": 8.66,
        "shortCountPercent": 14.44
      },
      {
        "price": 6465,
        "longCountPercent": 2.89,
        "shortCountPercent": 14.44
      },
      {
        "price": 6470,
        "longCountPercent": 0,
        "shortCountPercent": 8.66
      },
      {
        "price": 6475,
        "longCountPercent": 5.78,
        "shortCountPercent": 8.66
      },
      {
        "price": 6480,
        "longCountPercent": 2.89,
        "shortCountPercent": 5.78
      },
      {
        "price": 6485,
        "longCountPercent": 0,
        "shortCountPercent": 5.78
      },
      {
        "price": 6490,
        "longCountPercent": 5.78,
        "shortCountPercent": 20.21
      },
      {
        "price": 6495,
        "longCountPercent": 0,
        "shortCountPercent": 20.21
      },
      {
        "price": 6500,
        "longCountPercent": 2.89,
        "shortCountPercent": 14.44
      },
      {
        "price": 6505,
        "longCountPercent": 2.89,
        "shortCountPercent": 20.21
      },
      {
        "price": 6510,
        "longCountPercent": 0,
        "shortCountPercent": 11.55
      },
      {
        "price": 6515,
        "longCountPercent": 2.89,
        "shortCountPercent": 5.78
      },
      {
        "price": 6520,
        "longCountPercent": 0,
        "shortCountPercent": 11.55
      },
      {
        "price": 6525,
        "longCountPercent": 0,
        "shortCountPercent": 5.78
      },
      {
        "price": 6530,
        "longCountPercent": 0,
        "shortCountPercent": 17.33
      },
      {
        "price": 6535,
        "longCountPercent": 8.66,
        "shortCountPercent": 14.44
      },
      {
        "price": 6540,
        "longCountPercent": 17.33,
        "shortCountPercent": 49.09
      },
      {
        "price": 6545,
        "longCountPercent": 8.66,
        "shortCountPercent": 17.33
      },
      {
        "price": 6550,
        "longCountPercent": 5.78,
        "shortCountPercent": 5.78
      },
      {
        "price": 6555,
        "longCountPercent": 5.78,
        "shortCountPercent": 11.55
      },
      {
        "price": 6560,
        "longCountPercent": 0,
        "shortCountPercent": 5.78
      },
      {
        "price": 6565,
        "longCountPercent": 8.66,
        "shortCountPercent": 17.33
      },
      {
        "price": 6570,
        "longCountPercent": 0,
        "shortCountPercent": 11.55
      },
      {
        "price": 6575,
        "longCountPercent": 2.89,
        "shortCountPercent": 11.55
      },
      {
        "price": 6580,
        "longCountPercent": 5.78,
        "shortCountPercent": 2.89
      },
      {
        "price": 6585,
        "longCountPercent": 14.44,
        "shortCountPercent": 20.21
      },
      {
        "price": 6590,
        "longCountPercent": 2.89,
        "shortCountPercent": 8.66
      },
      {
        "price": 6595,
        "longCountPercent": 2.89,
        "shortCountPercent": 11.55
      },
      {
        "price": 6600,
        "longCountPercent": 5.78,
        "shortCountPercent": 14.44
      },
      {
        "price": 6605,
        "longCountPercent": 8.66,
        "shortCountPercent": 8.66
      },
      {
        "price": 6610,
        "longCountPercent": 17.33,
        "shortCountPercent": 17.33
      },
      {
        "price": 6615,
        "longCountPercent": 17.33,
        "shortCountPercent": 17.33
      },
      {
        "price": 6620,
        "longCountPercent": 2.89,
        "shortCountPercent": 14.44
      },
      {
        "price": 6625,
        "longCountPercent": 11.55,
        "shortCountPercent": 14.44
      },
      {
        "price": 6630,
        "longCountPercent": 5.78,
        "shortCountPercent": 20.21
      },
      {
        "price": 6635,
        "longCountPercent": 17.33,
        "shortCountPercent": 17.33
      },
      {
        "price": 6640,
        "longCountPercent": 8.66,
        "shortCountPercent": 8.66
      },
      {
        "price": 6645,
        "longCountPercent": 20.21,
        "shortCountPercent": 11.55
      },
      {
        "price": 6650,
        "longCountPercent": 8.66,
        "shortCountPercent": 2.89
      },
      {
        "price": 6655,
        "longCountPercent": 8.66,
        "shortCountPercent": 17.33
      },
      {
        "price": 6660,
        "longCountPercent": 5.78,
        "shortCountPercent": 17.33
      },
      {
        "price": 6665,
        "longCountPercent": 8.66,
        "shortCountPercent": 28.88
      },
      {
        "price": 6670,
        "longCountPercent": 23.1,
        "shortCountPercent": 17.33
      },
      {
        "price": 6675,
        "longCountPercent": 11.55,
        "shortCountPercent": 5.78
      },
      {
        "price": 6680,
        "longCountPercent": 5.78,
        "shortCountPercent": 11.55
      },
      {
        "price": 6685,
        "longCountPercent": 11.55,
        "shortCountPercent": 23.1
      },
      {
        "price": 6690,
        "longCountPercent": 11.55,
        "shortCountPercent": 23.1
      },
      {
        "price": 6695,
        "longCountPercent": 11.55,
        "shortCountPercent": 23.1
      },
      {
        "price": 6700,
        "longCountPercent": 11.55,
        "shortCountPercent": 57.75
      },
      {
        "price": 6705,
        "longCountPercent": 8.66,
        "shortCountPercent": 23.1
      },
      {
        "price": 6710,
        "longCountPercent": 8.66,
        "shortCountPercent": 34.65
      },
      {
        "price": 6715,
        "longCountPercent": 8.66,
        "shortCountPercent": 20.21
      },
      {
        "price": 6720,
        "longCountPercent": 0,
        "shortCountPercent": 14.44
      },
      {
        "price": 6725,
        "longCountPercent": 8.66,
        "shortCountPercent": 20.21
      },
      {
        "price": 6730,
        "longCountPercent": 8.66,
        "shortCountPercent": 14.44
      },
      {
        "price": 6735,
        "longCountPercent": 5.78,
        "shortCountPercent": 14.44
      },
      {
        "price": 6740,
        "longCountPercent": 14.44,
        "shortCountPercent": 20.21
      },
      {
        "price": 6745,
        "longCountPercent": 5.78,
        "shortCountPercent": 5.78
      },
      {
        "price": 6750,
        "longCountPercent": 8.66,
        "shortCountPercent": 37.54
      },
      {
        "price": 6755,
        "longCountPercent": 8.66,
        "shortCountPercent": 31.76
      },
      {
        "price": 6760,
        "longCountPercent": 5.78,
        "shortCountPercent": 20.21
      },
      {
        "price": 6765,
        "longCountPercent": 11.55,
        "shortCountPercent": 17.33
      },
      {
        "price": 6770,
        "longCountPercent": 11.55,
        "shortCountPercent": 28.88
      },
      {
        "price": 6775,
        "longCountPercent": 8.66,
        "shortCountPercent": 14.44
      },
      {
        "price": 6780,
        "longCountPercent": 17.33,
        "shortCountPercent": 8.66
      },
      {
        "price": 6785,
        "longCountPercent": 37.54,
        "shortCountPercent": 14.44
      },
      {
        "price": 6790,
        "longCountPercent": 54.87,
        "shortCountPercent": 51.98
      },
      {
        "price": 6795,
        "longCountPercent": 95.29,
        "shortCountPercent": 40.43
      },
      {
        "price": 6800,
        "longCountPercent": 92.41,
        "shortCountPercent": 86.63
      },
      {
        "price": 6805,
        "longCountPercent": 92.41,
        "shortCountPercent": 69.3
      },
      {
        "price": 6810,
        "longCountPercent": 106.84,
        "shortCountPercent": 40.43
      },
      {
        "price": 6815,
        "longCountPercent": 141.5,
        "shortCountPercent": 75.08
      },
      {
        "price": 6820,
        "longCountPercent": 89.52,
        "shortCountPercent": 124.17
      },
      {
        "price": 6825,
        "longCountPercent": 129.95,
        "shortCountPercent": 98.18
      },
      {
        "price": 6830,
        "longCountPercent": 193.47,
        "shortCountPercent": 150.16
      },
      {
        "price": 6835,
        "longCountPercent": 176.15,
        "shortCountPercent": 34.65
      },
      {
        "price": 6840,
        "longCountPercent": 135.72,
        "shortCountPercent": 40.43
      },
      {
        "price": 6845,
        "longCountPercent": 144.38,
        "shortCountPercent": 60.64
      },
      {
        "price": 6850,
        "longCountPercent": 89.52,
        "shortCountPercent": 43.32
      },
      {
        "price": 6855,
        "longCountPercent": 135.72,
        "shortCountPercent": 57.75
      },
      {
        "price": 6860,
        "longCountPercent": 153.05,
        "shortCountPercent": 31.76
      },
      {
        "price": 6865,
        "longCountPercent": 92.41,
        "shortCountPercent": 34.65
      },
      {
        "price": 6870,
        "longCountPercent": 129.95,
        "shortCountPercent": 43.32
      },
      {
        "price": 6875,
        "longCountPercent": 147.27,
        "shortCountPercent": 17.33
      },
      {
        "price": 6880,
        "longCountPercent": 132.83,
        "shortCountPercent": 23.1
      },
      {
        "price": 6885,
        "longCountPercent": 95.29,
        "shortCountPercent": 23.1
      },
      {
        "price": 6890,
        "longCountPercent": 135.72,
        "shortCountPercent": 43.32
      },
      {
        "price": 6895,
        "longCountPercent": 95.29,
        "shortCountPercent": 31.76
      },
      {
        "price": 6900,
        "longCountPercent": 147.27,
        "shortCountPercent": 40.43
      },
      {
        "price": 6905,
        "longCountPercent": 118.39,
        "shortCountPercent": 20.21
      },
      {
        "price": 6910,
        "longCountPercent": 60.64,
        "shortCountPercent": 28.88
      },
      {
        "price": 6915,
        "longCountPercent": 95.29,
        "shortCountPercent": 23.1
      },
      {
        "price": 6920,
        "longCountPercent": 25.99,
        "shortCountPercent": 20.21
      },
      {
        "price": 6925,
        "longCountPercent": 11.55,
        "shortCountPercent": 11.55
      }
    ],
    "region": "-",
    "division": "-",
    "dataSource": "-",
    "snapshot": "12月16日 22時00分",
    "lastupdate": "12月16日 22時30分",
    "longPercent": 43.84,
    "shortPercent": 56.16
  }
}