{
  "orderBook": [],
  "positionBook": {
    "price": 1.06391,
    "bucketWidth": "0.0005",
    "buckets": [
      {
        "price": 1.036,
        "longCountPercent": 0,
        "shortCountPercent": 1.94
      },
      {
        "price": 1.0365,
        "longCountPercent": 1.94,
        "shortCountPercent": 0
      },
      {
        "price": 1.037,
        "longCountPercent": 1.94,
        "shortCountPercent": 1.94
      },
      {
        "price": 1.0375,
        "longCountPercent": 3.88,
        "shortCountPercent": 0
      },
      {
        "price": 1.038,
        "longCountPercent": 3.88,
        "shortCountPercent": 5.82
      },
      {
        "price": 1.0385,
        "longCountPercent": 0,
        "shortCountPercent": 1.94
      },
      {
        "price": 1.039,
        "longCountPercent": 5.82,
        "shortCountPercent": 1.94
      },
      {
        "price": 1.0395,
        "longCountPercent": 13.59,
        "shortCountPercent": 0
      },
      {
        "price": 1.04,
        "longCountPercent": 13.59,
        "shortCountPercent": 3.88
      },
      {
        "price": 1.0405,
        "longCountPercent": 3.88,
        "shortCountPercent": 1.94
      },
      {
        "price": 1.041,
        "longCountPercent": 7.77,
        "shortCountPercent": 1.94
      },
      {
        "price": 1.0415,
        "longCountPercent": 11.65,
        "shortCountPercent": 1.94
      },
      {
        "price": 1.042,
        "longCountPercent": 9.71,
        "shortCountPercent": 1.94
      },
      {
        "price": 1.0425,
        "longCountPercent": 11.65,
        "shortCountPercent": 0
      },
      {
        "price": 1.043,
        "longCountPercent": 5.82,
        "shortCountPercent": 1.94
      },
      {
        "price": 1.0435,
        "longCountPercent": 9.71,
        "shortCountPercent": 1.94
      },
      {
        "price": 1.044,
        "longCountPercent": 3.88,
        "shortCountPercent": 3.88
      },
      {
        "price": 1.0445,
        "longCountPercent": 7.77,
        "shortCountPercent": 1.94
      },
      {
        "price": 1.045,
        "longCountPercent": 21.36,
        "shortCountPercent": 3.88
      },
      {
        "price": 1.0455,
        "longCountPercent": 34.94,
        "shortCountPercent": 3.88
      },
      {
        "price": 1.046,
        "longCountPercent": 27.18,
        "shortCountPercent": 5.82
      },
      {
        "price": 1.0465,
        "longCountPercent": 21.36,
        "shortCountPercent": 7.77
      },
      {
        "price": 1.047,
        "longCountPercent": 21.36,
        "shortCountPercent": 0
      },
      {
        "price": 1.0475,
        "longCountPercent": 27.18,
        "shortCountPercent": 0
      },
      {
        "price": 1.048,
        "longCountPercent": 25.24,
        "shortCountPercent": 1.94
      },
      {
        "price": 1.0485,
        "longCountPercent": 13.59,
        "shortCountPercent": 0
      },
      {
        "price": 1.049,
        "longCountPercent": 9.71,
        "shortCountPercent": 3.88
      },
      {
        "price": 1.0495,
        "longCountPercent": 19.41,
        "shortCountPercent": 1.94
      },
      {
        "price": 1.05,
        "longCountPercent": 7.77,
        "shortCountPercent": 5.82
      },
      {
        "price": 1.0505,
        "longCountPercent": 9.71,
        "shortCountPercent": 3.88
      },
      {
        "price": 1.051,
        "longCountPercent": 19.41,
        "shortCountPercent": 15.53
      },
      {
        "price": 1.0515,
        "longCountPercent": 44.65,
        "shortCountPercent": 13.59
      },
      {
        "price": 1.052,
        "longCountPercent": 29.12,
        "shortCountPercent": 3.88
      },
      {
        "price": 1.0525,
        "longCountPercent": 40.77,
        "shortCountPercent": 3.88
      },
      {
        "price": 1.053,
        "longCountPercent": 40.77,
        "shortCountPercent": 9.71
      },
      {
        "price": 1.0535,
        "longCountPercent": 33,
        "shortCountPercent": 5.82
      },
      {
        "price": 1.054,
        "longCountPercent": 21.36,
        "shortCountPercent": 3.88
      },
      {
        "price": 1.0545,
        "longCountPercent": 42.71,
        "shortCountPercent": 7.77
      },
      {
        "price": 1.055,
        "longCountPercent": 36.89,
        "shortCountPercent": 1.94
      },
      {
        "price": 1.0555,
        "longCountPercent": 25.24,
        "shortCountPercent": 1.94
      },
      {
        "price": 1.056,
        "longCountPercent": 23.3,
        "shortCountPercent": 13.59
      },
      {
        "price": 1.0565,
        "longCountPercent": 13.59,
        "shortCountPercent": 7.77
      },
      {
        "price": 1.057,
        "longCountPercent": 21.36,
        "shortCountPercent": 1.94
      },
      {
        "price": 1.0575,
        "longCountPercent": 27.18,
        "shortCountPercent": 9.71
      },
      {
        "price": 1.058,
        "longCountPercent": 19.41,
        "shortCountPercent": 7.77
      },
      {
        "price": 1.0585,
        "longCountPercent": 15.53,
        "shortCountPercent": 23.3
      },
      {
        "price": 1.059,
        "longCountPercent": 17.47,
        "shortCountPercent": 11.65
      },
      {
        "price": 1.0595,
        "longCountPercent": 36.89,
        "shortCountPercent": 7.77
      },
      {
        "price": 1.06,
        "longCountPercent": 48.53,
        "shortCountPercent": 5.82
      },
      {
        "price": 1.0605,
        "longCountPercent": 27.18,
        "shortCountPercent": 5.82
      },
      {
        "price": 1.061,
        "longCountPercent": 54.36,
        "shortCountPercent": 19.41
      },
      {
        "price": 1.0615,
        "longCountPercent": 46.59,
        "shortCountPercent": 34.94
      },
      {
        "price": 1.062,
        "longCountPercent": 85.42,
        "shortCountPercent": 21.36
      },
      {
        "price": 1.0625,
        "longCountPercent": 93.19,
        "shortCountPercent": 36.89
      },
      {
        "price": 1.063,
        "longCountPercent": 81.54,
        "shortCountPercent": 48.53
      },
      {
        "price": 1.0635,
        "longCountPercent": 135.9,
        "shortCountPercent": 33
      },
      {
        "price": 1.064,
        "longCountPercent": 126.19,
        "shortCountPercent": 54.36
      },
      {
        "price": 1.0645,
        "longCountPercent": 151.43,
        "shortCountPercent": 23.3
      },
      {
        "price": 1.065,
        "longCountPercent": 97.07,
        "shortCountPercent": 25.24
      },
      {
        "price": 1.0655,
        "longCountPercent": 77.65,
        "shortCountPercent": 36.89
      },
      {
        "price": 1.066,
        "longCountPercent": 71.83,
        "shortCountPercent": 15.53
      },
      {
        "price": 1.0665,
        "longCountPercent": 102.89,
        "shortCountPercent": 33
      },
      {
        "price": 1.067,
        "longCountPercent": 124.25,
        "shortCountPercent": 21.36
      },
      {
        "price": 1.0675,
        "longCountPercent": 79.6,
        "shortCountPercent": 21.36
      },
      {
        "price": 1.068,
        "longCountPercent": 62.12,
        "shortCountPercent": 13.59
      },
      {
        "price": 1.0685,
        "longCountPercent": 60.18,
        "shortCountPercent": 9.71
      },
      {
        "price": 1.069,
        "longCountPercent": 40.77,
        "shortCountPercent": 11.65
      },
      {
        "price": 1.0695,
        "longCountPercent": 52.42,
        "shortCountPercent": 3.88
      },
      {
        "price": 1.07,
        "longCountPercent": 64.07,
        "shortCountPercent": 5.82
      },
      {
        "price": 1.0705,
        "longCountPercent": 89.3,
        "shortCountPercent": 13.59
      },
      {
        "price": 1.071,
        "longCountPercent": 67.95,
        "shortCountPercent": 7.77
      },
      {
        "price": 1.0715,
        "longCountPercent": 44.65,
        "shortCountPercent": 7.77
      },
      {
        "price": 1.072,
        "longCountPercent": 87.36,
        "shortCountPercent": 17.47
      },
      {
        "price": 1.0725,
        "longCountPercent": 75.71,
        "shortCountPercent": 9.71
      },
      {
        "price": 1.073,
        "longCountPercent": 99.01,
        "shortCountPercent": 11.65
      },
      {
        "price": 1.0735,
        "longCountPercent": 58.24,
        "shortCountPercent": 3.88
      },
      {
        "price": 1.074,
        "longCountPercent": 75.71,
        "shortCountPercent": 0
      },
      {
        "price": 1.0745,
        "longCountPercent": 69.89,
        "shortCountPercent": 1.94
      },
      {
        "price": 1.075,
        "longCountPercent": 87.36,
        "shortCountPercent": 5.82
      },
      {
        "price": 1.0755,
        "longCountPercent": 83.48,
        "shortCountPercent": 1.94
      },
      {
        "price": 1.076,
        "longCountPercent": 54.36,
        "shortCountPercent": 1.94
      },
      {
        "price": 1.0765,
        "longCountPercent": 33,
        "shortCountPercent": 0
      },
      {
        "price": 1.077,
        "longCountPercent": 29.12,
        "shortCountPercent": 1.94
      },
      {
        "price": 1.0775,
        "longCountPercent": 17.47,
        "shortCountPercent": 0
      },
      {
        "price": 1.078,
        "longCountPercent": 52.42,
        "shortCountPercent": 0
      },
      {
        "price": 1.0785,
        "longCountPercent": 21.36,
        "shortCountPercent": 3.88
      },
      {
        "price": 1.079,
        "longCountPercent": 33,
        "shortCountPercent": 0
      },
      {
        "price": 1.0795,
        "longCountPercent": 25.24,
        "shortCountPercent": 1.94
      },
      {
        "price": 1.08,
        "longCountPercent": 46.59,
        "shortCountPercent": 3.88
      },
      {
        "price": 1.0805,
        "longCountPercent": 50.48,
        "shortCountPercent": 1.94
      },
      {
        "price": 1.081,
        "longCountPercent": 60.18,
        "shortCountPercent": 0
      },
      {
        "price": 1.0815,
        "longCountPercent": 38.83,
        "shortCountPercent": 0
      },
      {
        "price": 1.082,
        "longCountPercent": 33,
        "shortCountPercent": 0
      },
      {
        "price": 1.0825,
        "longCountPercent": 33,
        "shortCountPercent": 1.94
      },
      {
        "price": 1.083,
        "longCountPercent": 38.83,
        "shortCountPercent": 0
      },
      {
        "price": 1.0835,
        "longCountPercent": 42.71,
        "shortCountPercent": 0
      },
      {
        "price": 1.084,
        "longCountPercent": 42.71,
        "shortCountPercent": 3.88
      },
      {
        "price": 1.0845,
        "longCountPercent": 58.24,
        "shortCountPercent": 3.88
      },
      {
        "price": 1.085,
        "longCountPercent": 44.65,
        "shortCountPercent": 0
      },
      {
        "price": 1.0855,
        "longCountPercent": 17.47,
        "shortCountPercent": 0
      },
      {
        "price": 1.086,
        "longCountPercent": 36.89,
        "shortCountPercent": 0
      },
      {
        "price": 1.0865,
        "longCountPercent": 29.12,
        "shortCountPercent": 0
      },
      {
        "price": 1.087,
        "longCountPercent": 11.65,
        "shortCountPercent": 0
      },
      {
        "price": 1.0875,
        "longCountPercent": 13.59,
        "shortCountPercent": 1.94
      },
      {
        "price": 1.088,
        "longCountPercent": 23.3,
        "shortCountPercent": 0
      },
      {
        "price": 1.0885,
        "longCountPercent": 15.53,
        "shortCountPercent": 3.88
      },
      {
        "price": 1.089,
        "longCountPercent": 34.94,
        "shortCountPercent": 1.94
      },
      {
        "price": 1.0895,
        "longCountPercent": 15.53,
        "shortCountPercent": 1.94
      },
      {
        "price": 1.09,
        "longCountPercent": 38.83,
        "shortCountPercent": 0
      },
      {
        "price": 1.0905,
        "longCountPercent": 48.53,
        "shortCountPercent": 1.94
      },
      {
        "price": 1.091,
        "longCountPercent": 33,
        "shortCountPercent": 0
      },
      {
        "price": 1.0915,
        "longCountPercent": 9.71,
        "shortCountPercent": 0
      },
      {
        "price": 1.092,
        "longCountPercent": 29.12,
        "shortCountPercent": 3.88
      },
      {
        "price": 1.0925,
        "longCountPercent": 25.24,
        "shortCountPercent": 1.94
      },
      {
        "price": 1.093,
        "longCountPercent": 52.42,
        "shortCountPercent": 1.94
      },
      {
        "price": 1.0935,
        "longCountPercent": 29.12,
        "shortCountPercent": 0
      },
      {
        "price": 1.094,
        "longCountPercent": 44.65,
        "shortCountPercent": 0
      },
      {
        "price": 1.0945,
        "longCountPercent": 15.53,
        "shortCountPercent": 0
      },
      {
        "price": 1.095,
        "longCountPercent": 31.06,
        "shortCountPercent": 0
      },
      {
        "price": 1.0955,
        "longCountPercent": 25.24,
        "shortCountPercent": 1.94
      },
      {
        "price": 1.096,
        "longCountPercent": 54.36,
        "shortCountPercent": 0
      },
      {
        "price": 1.0965,
        "longCountPercent": 31.06,
        "shortCountPercent": 0
      },
      {
        "price": 1.097,
        "longCountPercent": 19.41,
        "shortCountPercent": 1.94
      },
      {
        "price": 1.0975,
        "longCountPercent": 29.12,
        "shortCountPercent": 0
      },
      {
        "price": 1.098,
        "longCountPercent": 23.3,
        "shortCountPercent": 3.88
      },
      {
        "price": 1.0985,
        "longCountPercent": 19.41,
        "shortCountPercent": 0
      },
      {
        "price": 1.099,
        "longCountPercent": 29.12,
        "shortCountPercent": 0
      },
      {
        "price": 1.0995,
        "longCountPercent": 21.36,
        "shortCountPercent": 1.94
      },
      {
        "price": 1.1,
        "longCountPercent": 21.36,
        "shortCountPercent": 0
      },
      {
        "price": 1.1005,
        "longCountPercent": 11.65,
        "shortCountPercent": 5.82
      },
      {
        "price": 1.101,
        "longCountPercent": 19.41,
        "shortCountPercent": 0
      },
      {
        "price": 1.1015,
        "longCountPercent": 25.24,
        "shortCountPercent": 3.88
      },
      {
        "price": 1.102,
        "longCountPercent": 15.53,
        "shortCountPercent": 5.82
      },
      {
        "price": 1.1025,
        "longCountPercent": 19.41,
        "shortCountPercent": 5.82
      },
      {
        "price": 1.103,
        "longCountPercent": 25.24,
        "shortCountPercent": 3.88
      },
      {
        "price": 1.1035,
        "longCountPercent": 13.59,
        "shortCountPercent": 5.82
      },
      {
        "price": 1.104,
        "longCountPercent": 29.12,
        "shortCountPercent": 5.82
      },
      {
        "price": 1.1045,
        "longCountPercent": 23.3,
        "shortCountPercent": 0
      },
      {
        "price": 1.105,
        "longCountPercent": 23.3,
        "shortCountPercent": 1.94
      },
      {
        "price": 1.1055,
        "longCountPercent": 27.18,
        "shortCountPercent": 3.88
      },
      {
        "price": 1.106,
        "longCountPercent": 25.24,
        "shortCountPercent": 1.94
      },
      {
        "price": 1.1065,
        "longCountPercent": 11.65,
        "shortCountPercent": 3.88
      },
      {
        "price": 1.107,
        "longCountPercent": 21.36,
        "shortCountPercent": 5.82
      },
      {
        "price": 1.1075,
        "longCountPercent": 29.12,
        "shortCountPercent": 1.94
      },
      {
        "price": 1.108,
        "longCountPercent": 17.47,
        "shortCountPercent": 3.88
      },
      {
        "price": 1.1085,
        "longCountPercent": 40.77,
        "shortCountPercent": 1.94
      },
      {
        "price": 1.109,
        "longCountPercent": 40.77,
        "shortCountPercent": 1.94
      },
      {
        "price": 1.1095,
        "longCountPercent": 17.47,
        "shortCountPercent": 9.71
      },
      {
        "price": 1.11,
        "longCountPercent": 40.77,
        "shortCountPercent": 3.88
      },
      {
        "price": 1.1105,
        "longCountPercent": 33,
        "shortCountPercent": 7.77
      },
      {
        "price": 1.111,
        "longCountPercent": 40.77,
        "shortCountPercent": 15.53
      },
      {
        "price": 1.1115,
        "longCountPercent": 27.18,
        "shortCountPercent": 11.65
      },
      {
        "price": 1.112,
        "longCountPercent": 40.77,
        "shortCountPercent": 5.82
      },
      {
        "price": 1.1125,
        "longCountPercent": 25.24,
        "shortCountPercent": 3.88
      },
      {
        "price": 1.113,
        "longCountPercent": 27.18,
        "shortCountPercent": 11.65
      },
      {
        "price": 1.1135,
        "longCountPercent": 25.24,
        "shortCountPercent": 11.65
      },
      {
        "price": 1.114,
        "longCountPercent": 48.53,
        "shortCountPercent": 5.82
      },
      {
        "price": 1.1145,
        "longCountPercent": 29.12,
        "shortCountPercent": 13.59
      },
      {
        "price": 1.115,
        "longCountPercent": 21.36,
        "shortCountPercent": 7.77
      },
      {
        "price": 1.1155,
        "longCountPercent": 27.18,
        "shortCountPercent": 17.47
      },
      {
        "price": 1.116,
        "longCountPercent": 23.3,
        "shortCountPercent": 3.88
      },
      {
        "price": 1.1165,
        "longCountPercent": 25.24,
        "shortCountPercent": 15.53
      },
      {
        "price": 1.117,
        "longCountPercent": 33,
        "shortCountPercent": 9.71
      },
      {
        "price": 1.1175,
        "longCountPercent": 23.3,
        "shortCountPercent": 9.71
      },
      {
        "price": 1.118,
        "longCountPercent": 31.06,
        "shortCountPercent": 23.3
      },
      {
        "price": 1.1185,
        "longCountPercent": 23.3,
        "shortCountPercent": 15.53
      },
      {
        "price": 1.119,
        "longCountPercent": 42.71,
        "shortCountPercent": 9.71
      },
      {
        "price": 1.1195,
        "longCountPercent": 21.36,
        "shortCountPercent": 21.36
      },
      {
        "price": 1.12,
        "longCountPercent": 27.18,
        "shortCountPercent": 13.59
      },
      {
        "price": 1.1205,
        "longCountPercent": 19.41,
        "shortCountPercent": 9.71
      },
      {
        "price": 1.121,
        "longCountPercent": 19.41,
        "shortCountPercent": 11.65
      },
      {
        "price": 1.1215,
        "longCountPercent": 13.59,
        "shortCountPercent": 9.71
      },
      {
        "price": 1.122,
        "longCountPercent": 23.3,
        "shortCountPercent": 11.65
      },
      {
        "price": 1.1225,
        "longCountPercent": 19.41,
        "shortCountPercent": 7.77
      },
      {
        "price": 1.123,
        "longCountPercent": 23.3,
        "shortCountPercent": 13.59
      },
      {
        "price": 1.1235,
        "longCountPercent": 21.36,
        "shortCountPercent": 5.82
      },
      {
        "price": 1.124,
        "longCountPercent": 17.47,
        "shortCountPercent": 7.77
      },
      {
        "price": 1.1245,
        "longCountPercent": 21.36,
        "shortCountPercent": 1.94
      },
      {
        "price": 1.125,
        "longCountPercent": 29.12,
        "shortCountPercent": 15.53
      },
      {
        "price": 1.1255,
        "longCountPercent": 17.47,
        "shortCountPercent": 9.71
      },
      {
        "price": 1.126,
        "longCountPercent": 36.89,
        "shortCountPercent": 19.41
      },
      {
        "price": 1.1265,
        "longCountPercent": 21.36,
        "shortCountPercent": 1.94
      },
      {
        "price": 1.127,
        "longCountPercent": 23.3,
        "shortCountPercent": 7.77
      },
      {
        "price": 1.1275,
        "longCountPercent": 25.24,
        "shortCountPercent": 17.47
      },
      {
        "price": 1.128,
        "longCountPercent": 19.41,
        "shortCountPercent": 1.94
      },
      {
        "price": 1.1285,
        "longCountPercent": 25.24,
        "shortCountPercent": 7.77
      },
      {
        "price": 1.129,
        "longCountPercent": 17.47,
        "shortCountPercent": 3.88
      },
      {
        "price": 1.1295,
        "longCountPercent": 17.47,
        "shortCountPercent": 7.77
      },
      {
        "price": 1.13,
        "longCountPercent": 33,
        "shortCountPercent": 7.77
      },
      {
        "price": 1.1305,
        "longCountPercent": 11.65,
        "shortCountPercent": 11.65
      },
      {
        "price": 1.131,
        "longCountPercent": 19.41,
        "shortCountPercent": 7.77
      },
      {
        "price": 1.1315,
        "longCountPercent": 17.47,
        "shortCountPercent": 1.94
      },
      {
        "price": 1.132,
        "longCountPercent": 23.3,
        "shortCountPercent": 7.77
      },
      {
        "price": 1.1325,
        "longCountPercent": 17.47,
        "shortCountPercent": 11.65
      },
      {
        "price": 1.133,
        "longCountPercent": 34.94,
        "shortCountPercent": 9.71
      },
      {
        "price": 1.1335,
        "longCountPercent": 23.3,
        "shortCountPercent": 9.71
      },
      {
        "price": 1.134,
        "longCountPercent": 19.41,
        "shortCountPercent": 7.77
      },
      {
        "price": 1.1345,
        "longCountPercent": 23.3,
        "shortCountPercent": 11.65
      },
      {
        "price": 1.135,
        "longCountPercent": 31.06,
        "shortCountPercent": 7.77
      },
      {
        "price": 1.1355,
        "longCountPercent": 25.24,
        "shortCountPercent": 5.82
      },
      {
        "price": 1.136,
        "longCountPercent": 15.53,
        "shortCountPercent": 5.82
      },
      {
        "price": 1.1365,
        "longCountPercent": 25.24,
        "shortCountPercent": 5.82
      },
      {
        "price": 1.137,
        "longCountPercent": 9.71,
        "shortCountPercent": 11.65
      },
      {
        "price": 1.1375,
        "longCountPercent": 34.94,
        "shortCountPercent": 1.94
      },
      {
        "price": 1.138,
        "longCountPercent": 19.41,
        "shortCountPercent": 7.77
      },
      {
        "price": 1.1385,
        "longCountPercent": 21.36,
        "shortCountPercent": 1.94
      },
      {
        "price": 1.139,
        "longCountPercent": 31.06,
        "shortCountPercent": 7.77
      },
      {
        "price": 1.1395,
        "longCountPercent": 33,
        "shortCountPercent": 7.77
      },
      {
        "price": 1.14,
        "longCountPercent": 50.48,
        "shortCountPercent": 3.88
      },
      {
        "price": 1.1405,
        "longCountPercent": 19.41,
        "shortCountPercent": 1.94
      },
      {
        "price": 1.141,
        "longCountPercent": 25.24,
        "shortCountPercent": 1.94
      },
      {
        "price": 1.1415,
        "longCountPercent": 31.06,
        "shortCountPercent": 5.82
      },
      {
        "price": 1.142,
        "longCountPercent": 25.24,
        "shortCountPercent": 0
      },
      {
        "price": 1.1425,
        "longCountPercent": 44.65,
        "shortCountPercent": 5.82
      },
      {
        "price": 1.143,
        "longCountPercent": 33,
        "shortCountPercent": 1.94
      },
      {
        "price": 1.1435,
        "longCountPercent": 27.18,
        "shortCountPercent": 0
      },
      {
        "price": 1.144,
        "longCountPercent": 29.12,
        "shortCountPercent": 3.88
      },
      {
        "price": 1.1445,
        "longCountPercent": 15.53,
        "shortCountPercent": 1.94
      },
      {
        "price": 1.145,
        "longCountPercent": 31.06,
        "shortCountPercent": 3.88
      },
      {
        "price": 1.1455,
        "longCountPercent": 7.77,
        "shortCountPercent": 5.82
      },
      {
        "price": 1.146,
        "longCountPercent": 13.59,
        "shortCountPercent": 1.94
      },
      {
        "price": 1.1465,
        "longCountPercent": 11.65,
        "shortCountPercent": 0
      },
      {
        "price": 1.147,
        "longCountPercent": 17.47,
        "shortCountPercent": 1.94
      },
      {
        "price": 1.1475,
        "longCountPercent": 11.65,
        "shortCountPercent": 9.71
      },
      {
        "price": 1.148,
        "longCountPercent": 21.36,
        "shortCountPercent": 0
      },
      {
        "price": 1.1485,
        "longCountPercent": 23.3,
        "shortCountPercent": 0
      },
      {
        "price": 1.149,
        "longCountPercent": 19.41,
        "shortCountPercent": 0
      },
      {
        "price": 1.1495,
        "longCountPercent": 11.65,
        "shortCountPercent": 0
      },
      {
        "price": 1.15,
        "longCountPercent": 23.3,
        "shortCountPercent": 5.82
      },
      {
        "price": 1.1505,
        "longCountPercent": 3.88,
        "shortCountPercent": 0
      },
      {
        "price": 1.151,
        "longCountPercent": 9.71,
        "shortCountPercent": 0
      },
      {
        "price": 1.1515,
        "longCountPercent": 9.71,
        "shortCountPercent": 1.94
      },
      {
        "price": 1.152,
        "longCountPercent": 9.71,
        "shortCountPercent": 0
      },
      {
        "price": 1.1525,
        "longCountPercent": 5.82,
        "shortCountPercent": 0
      },
      {
        "price": 1.153,
        "longCountPercent": 7.77,
        "shortCountPercent": 1.94
      },
      {
        "price": 1.1535,
        "longCountPercent": 7.77,
        "shortCountPercent": 0
      },
      {
        "price": 1.154,
        "longCountPercent": 11.65,
        "shortCountPercent": 0
      },
      {
        "price": 1.1545,
        "longCountPercent": 3.88,
        "shortCountPercent": 0
      },
      {
        "price": 1.155,
        "longCountPercent": 11.65,
        "shortCountPercent": 0
      },
      {
        "price": 1.1555,
        "longCountPercent": 11.65,
        "shortCountPercent": 0
      },
      {
        "price": 1.156,
        "longCountPercent": 5.82,
        "shortCountPercent": 0
      },
      {
        "price": 1.1565,
        "longCountPercent": 5.82,
        "shortCountPercent": 0
      },
      {
        "price": 1.157,
        "longCountPercent": 3.88,
        "shortCountPercent": 1.94
      },
      {
        "price": 1.1575,
        "longCountPercent": 1.94,
        "shortCountPercent": 0
      },
      {
        "price": 1.158,
        "longCountPercent": 11.65,
        "shortCountPercent": 0
      },
      {
        "price": 1.1585,
        "longCountPercent": 3.88,
        "shortCountPercent": 0
      },
      {
        "price": 1.159,
        "longCountPercent": 13.59,
        "shortCountPercent": 1.94
      },
      {
        "price": 1.1595,
        "longCountPercent": 9.71,
        "shortCountPercent": 0
      },
      {
        "price": 1.16,
        "longCountPercent": 19.41,
        "shortCountPercent": 0
      },
      {
        "price": 1.1605,
        "longCountPercent": 9.71,
        "shortCountPercent": 0
      },
      {
        "price": 1.161,
        "longCountPercent": 11.65,
        "shortCountPercent": 1.94
      },
      {
        "price": 1.1615,
        "longCountPercent": 15.53,
        "shortCountPercent": 0
      },
      {
        "price": 1.162,
        "longCountPercent": 15.53,
        "shortCountPercent": 0
      },
      {
        "price": 1.1625,
        "longCountPercent": 7.77,
        "shortCountPercent": 0
      },
      {
        "price": 1.163,
        "longCountPercent": 7.77,
        "shortCountPercent": 0
      },
      {
        "price": 1.1635,
        "longCountPercent": 3.88,
        "shortCountPercent": 0
      },
      {
        "price": 1.164,
        "longCountPercent": 13.59,
        "shortCountPercent": 1.94
      },
      {
        "price": 1.1645,
        "longCountPercent": 7.77,
        "shortCountPercent": 0
      },
      {
        "price": 1.165,
        "longCountPercent": 7.77,
        "shortCountPercent": 1.94
      },
      {
        "price": 1.1655,
        "longCountPercent": 1.94,
        "shortCountPercent": 0
      },
      {
        "price": 1.166,
        "longCountPercent": 7.77,
        "shortCountPercent": 0
      },
      {
        "price": 1.167,
        "longCountPercent": 3.88,
        "shortCountPercent": 0
      },
      {
        "price": 1.1675,
        "longCountPercent": 1.94,
        "shortCountPercent": 3.88
      },
      {
        "price": 1.168,
        "longCountPercent": 0,
        "shortCountPercent": 1.94
      },
      {
        "price": 1.1685,
        "longCountPercent": 1.94,
        "shortCountPercent": 0
      },
      {
        "price": 1.169,
        "longCountPercent": 3.88,
        "shortCountPercent": 0
      },
      {
        "price": 1.1695,
        "longCountPercent": 5.82,
        "shortCountPercent": 0
      },
      {
        "price": 1.17,
        "longCountPercent": 1.94,
        "shortCountPercent": 0
      },
      {
        "price": 1.171,
        "longCountPercent": 9.71,
        "shortCountPercent": 0
      },
      {
        "price": 1.1715,
        "longCountPercent": 1.94,
        "shortCountPercent": 0
      },
      {
        "price": 1.172,
        "longCountPercent": 3.88,
        "shortCountPercent": 0
      },
      {
        "price": 1.1725,
        "longCountPercent": 3.88,
        "shortCountPercent": 0
      },
      {
        "price": 1.173,
        "longCountPercent": 7.77,
        "shortCountPercent": 0
      },
      {
        "price": 1.1745,
        "longCountPercent": 1.94,
        "shortCountPercent": 1.94
      },
      {
        "price": 1.175,
        "longCountPercent": 1.94,
        "shortCountPercent": 0
      },
      {
        "price": 1.176,
        "longCountPercent": 1.94,
        "shortCountPercent": 0
      },
      {
        "price": 1.1765,
        "longCountPercent": 3.88,
        "shortCountPercent": 0
      },
      {
        "price": 1.177,
        "longCountPercent": 3.88,
        "shortCountPercent": 0
      },
      {
        "price": 1.178,
        "longCountPercent": 5.82,
        "shortCountPercent": 0
      },
      {
        "price": 1.179,
        "longCountPercent": 3.88,
        "shortCountPercent": 0
      },
      {
        "price": 1.1795,
        "longCountPercent": 1.94,
        "shortCountPercent": 0
      },
      {
        "price": 1.18,
        "longCountPercent": 9.71,
        "shortCountPercent": 0
      },
      {
        "price": 1.1805,
        "longCountPercent": 3.88,
        "shortCountPercent": 0
      },
      {
        "price": 1.181,
        "longCountPercent": 3.88,
        "shortCountPercent": 0
      },
      {
        "price": 1.1815,
        "longCountPercent": 1.94,
        "shortCountPercent": 1.94
      },
      {
        "price": 1.182,
        "longCountPercent": 5.82,
        "shortCountPercent": 0
      },
      {
        "price": 1.1825,
        "longCountPercent": 1.94,
        "shortCountPercent": 0
      },
      {
        "price": 1.183,
        "longCountPercent": 5.82,
        "shortCountPercent": 0
      },
      {
        "price": 1.1835,
        "longCountPercent": 3.88,
        "shortCountPercent": 0
      },
      {
        "price": 1.184,
        "longCountPercent": 5.82,
        "shortCountPercent": 0
      },
      {
        "price": 1.1845,
        "longCountPercent": 1.94,
        "shortCountPercent": 0
      },
      {
        "price": 1.185,
        "longCountPercent": 3.88,
        "shortCountPercent": 0
      },
      {
        "price": 1.1855,
        "longCountPercent": 7.77,
        "shortCountPercent": 0
      },
      {
        "price": 1.186,
        "longCountPercent": 3.88,
        "shortCountPercent": 0
      },
      {
        "price": 1.187,
        "longCountPercent": 11.65,
        "shortCountPercent": 0
      },
      {
        "price": 1.1875,
        "longCountPercent": 5.82,
        "shortCountPercent": 0
      },
      {
        "price": 1.188,
        "longCountPercent": 1.94,
        "shortCountPercent": 0
      },
      {
        "price": 1.189,
        "longCountPercent": 3.88,
        "shortCountPercent": 0
      },
      {
        "price": 1.1895,
        "longCountPercent": 1.94,
        "shortCountPercent": 7.77
      },
      {
        "price": 1.1905,
        "longCountPercent": 1.94,
        "shortCountPercent": 0
      },
      {
        "price": 1.191,
        "longCountPercent": 3.88,
        "shortCountPercent": 0
      },
      {
        "price": 1.1915,
        "longCountPercent": 1.94,
        "shortCountPercent": 0
      },
      {
        "price": 1.193,
        "longCountPercent": 9.71,
        "shortCountPercent": 0
      },
      {
        "price": 1.1935,
        "longCountPercent": 1.94,
        "shortCountPercent": 0
      },
      {
        "price": 1.194,
        "longCountPercent": 3.88,
        "shortCountPercent": 0
      },
      {
        "price": 1.195,
        "longCountPercent": 9.71,
        "shortCountPercent": 1.94
      },
      {
        "price": 1.1955,
        "longCountPercent": 1.94,
        "shortCountPercent": 0
      },
      {
        "price": 1.196,
        "longCountPercent": 9.71,
        "shortCountPercent": 0
      },
      {
        "price": 1.1965,
        "longCountPercent": 3.88,
        "shortCountPercent": 0
      },
      {
        "price": 1.197,
        "longCountPercent": 3.88,
        "shortCountPercent": 0
      },
      {
        "price": 1.1975,
        "longCountPercent": 5.82,
        "shortCountPercent": 0
      },
      {
        "price": 1.198,
        "longCountPercent": 5.82,
        "shortCountPercent": 0
      },
      {
        "price": 1.199,
        "longCountPercent": 3.88,
        "shortCountPercent": 0
      },
      {
        "price": 1.1995,
        "longCountPercent": 1.94,
        "shortCountPercent": 0
      },
      {
        "price": 1.201,
        "longCountPercent": 1.94,
        "shortCountPercent": 0
      },
      {
        "price": 1.2045,
        "longCountPercent": 1.94,
        "shortCountPercent": 0
      },
      {
        "price": 1.2055,
        "longCountPercent": 1.94,
        "shortCountPercent": 0
      },
      {
        "price": 1.2065,
        "longCountPercent": 1.94,
        "shortCountPercent": 0
      },
      {
        "price": 1.2075,
        "longCountPercent": 3.88,
        "shortCountPercent": 0
      },
      {
        "price": 1.2085,
        "longCountPercent": 1.94,
        "shortCountPercent": 0
      },
      {
        "price": 1.209,
        "longCountPercent": 1.94,
        "shortCountPercent": 0
      },
      {
        "price": 1.2095,
        "longCountPercent": 1.94,
        "shortCountPercent": 0
      },
      {
        "price": 1.21,
        "longCountPercent": 3.88,
        "shortCountPercent": 0
      },
      {
        "price": 1.211,
        "longCountPercent": 3.88,
        "shortCountPercent": 0
      },
      {
        "price": 1.212,
        "longCountPercent": 5.82,
        "shortCountPercent": 0
      },
      {
        "price": 1.213,
        "longCountPercent": 5.82,
        "shortCountPercent": 0
      },
      {
        "price": 1.2135,
        "longCountPercent": 7.77,
        "shortCountPercent": 0
      },
      {
        "price": 1.214,
        "longCountPercent": 7.77,
        "shortCountPercent": 0
      },
      {
        "price": 1.2145,
        "longCountPercent": 5.82,
        "shortCountPercent": 0
      },
      {
        "price": 1.215,
        "longCountPercent": 3.88,
        "shortCountPercent": 0
      },
      {
        "price": 1.216,
        "longCountPercent": 3.88,
        "shortCountPercent": 0
      },
      {
        "price": 1.2165,
        "longCountPercent": 1.94,
        "shortCountPercent": 0
      },
      {
        "price": 1.2185,
        "longCountPercent": 1.94,
        "shortCountPercent": 0
      },
      {
        "price": 1.219,
        "longCountPercent": 7.77,
        "shortCountPercent": 0
      },
      {
        "price": 1.22,
        "longCountPercent": 3.88,
        "shortCountPercent": 0
      },
      {
        "price": 1.2215,
        "longCountPercent": 0,
        "shortCountPercent": 1.94
      },
      {
        "price": 1.222,
        "longCountPercent": 3.88,
        "shortCountPercent": 0
      },
      {
        "price": 1.2225,
        "longCountPercent": 1.94,
        "shortCountPercent": 0
      },
      {
        "price": 1.223,
        "longCountPercent": 3.88,
        "shortCountPercent": 0
      },
      {
        "price": 1.224,
        "longCountPercent": 5.82,
        "shortCountPercent": 0
      },
      {
        "price": 1.2245,
        "longCountPercent": 5.82,
        "shortCountPercent": 0
      },
      {
        "price": 1.225,
        "longCountPercent": 13.59,
        "shortCountPercent": 0
      },
      {
        "price": 1.2255,
        "longCountPercent": 1.94,
        "shortCountPercent": 0
      },
      {
        "price": 1.226,
        "longCountPercent": 1.94,
        "shortCountPercent": 0
      },
      {
        "price": 1.227,
        "longCountPercent": 7.77,
        "shortCountPercent": 0
      },
      {
        "price": 1.2275,
        "longCountPercent": 1.94,
        "shortCountPercent": 0
      },
      {
        "price": 1.2285,
        "longCountPercent": 1.94,
        "shortCountPercent": 0
      },
      {
        "price": 1.229,
        "longCountPercent": 3.88,
        "shortCountPercent": 0
      },
      {
        "price": 1.23,
        "longCountPercent": 1.94,
        "shortCountPercent": 7.77
      },
      {
        "price": 1.232,
        "longCountPercent": 1.94,
        "shortCountPercent": 0
      },
      {
        "price": 1.2335,
        "longCountPercent": 0,
        "shortCountPercent": 5.82
      },
      {
        "price": 1.234,
        "longCountPercent": 0,
        "shortCountPercent": 1.94
      },
      {
        "price": 1.2345,
        "longCountPercent": 1.94,
        "shortCountPercent": 1.94
      },
      {
        "price": 1.235,
        "longCountPercent": 3.88,
        "shortCountPercent": 0
      },
      {
        "price": 1.236,
        "longCountPercent": 1.94,
        "shortCountPercent": 0
      },
      {
        "price": 1.2365,
        "longCountPercent": 1.94,
        "shortCountPercent": 0
      },
      {
        "price": 1.237,
        "longCountPercent": 5.82,
        "shortCountPercent": 0
      },
      {
        "price": 1.2375,
        "longCountPercent": 1.94,
        "shortCountPercent": 0
      },
      {
        "price": 1.238,
        "longCountPercent": 3.88,
        "shortCountPercent": 0
      },
      {
        "price": 1.239,
        "longCountPercent": 5.82,
        "shortCountPercent": 0
      },
      {
        "price": 1.2405,
        "longCountPercent": 3.88,
        "shortCountPercent": 0
      },
      {
        "price": 1.241,
        "longCountPercent": 7.77,
        "shortCountPercent": 0
      },
      {
        "price": 1.2415,
        "longCountPercent": 1.94,
        "shortCountPercent": 0
      },
      {
        "price": 1.242,
        "longCountPercent": 5.82,
        "shortCountPercent": 0
      },
      {
        "price": 1.2425,
        "longCountPercent": 7.77,
        "shortCountPercent": 7.77
      },
      {
        "price": 1.2435,
        "longCountPercent": 3.88,
        "shortCountPercent": 0
      },
      {
        "price": 1.244,
        "longCountPercent": 5.82,
        "shortCountPercent": 1.94
      },
      {
        "price": 1.2455,
        "longCountPercent": 1.94,
        "shortCountPercent": 0
      },
      {
        "price": 1.246,
        "longCountPercent": 1.94,
        "shortCountPercent": 0
      },
      {
        "price": 1.2475,
        "longCountPercent": 3.88,
        "shortCountPercent": 0
      },
      {
        "price": 1.249,
        "longCountPercent": 1.94,
        "shortCountPercent": 0
      },
      {
        "price": 1.2495,
        "longCountPercent": 3.88,
        "shortCountPercent": 0
      },
      {
        "price": 1.251,
        "longCountPercent": 1.94,
        "shortCountPercent": 0
      },
      {
        "price": 1.252,
        "longCountPercent": 1.94,
        "shortCountPercent": 0
      },
      {
        "price": 1.2525,
        "longCountPercent": 3.88,
        "shortCountPercent": 0
      },
      {
        "price": 1.253,
        "longCountPercent": 1.94,
        "shortCountPercent": 7.77
      },
      {
        "price": 1.2535,
        "longCountPercent": 1.94,
        "shortCountPercent": 0
      },
      {
        "price": 1.2545,
        "longCountPercent": 1.94,
        "shortCountPercent": 0
      },
      {
        "price": 1.256,
        "longCountPercent": 1.94,
        "shortCountPercent": 0
      },
      {
        "price": 1.257,
        "longCountPercent": 3.88,
        "shortCountPercent": 0
      },
      {
        "price": 1.2585,
        "longCountPercent": 3.88,
        "shortCountPercent": 0
      },
      {
        "price": 1.26,
        "longCountPercent": 1.94,
        "shortCountPercent": 0
      },
      {
        "price": 1.2625,
        "longCountPercent": 0,
        "shortCountPercent": 9.71
      },
      {
        "price": 1.2675,
        "longCountPercent": 1.94,
        "shortCountPercent": 0
      },
      {
        "price": 1.268,
        "longCountPercent": 1.94,
        "shortCountPercent": 0
      },
      {
        "price": 1.27,
        "longCountPercent": 1.94,
        "shortCountPercent": 0
      },
      {
        "price": 1.2725,
        "longCountPercent": 1.94,
        "shortCountPercent": 0
      },
      {
        "price": 1.274,
        "longCountPercent": 3.88,
        "shortCountPercent": 0
      },
      {
        "price": 1.2745,
        "longCountPercent": 3.88,
        "shortCountPercent": 0
      },
      {
        "price": 1.275,
        "longCountPercent": 1.94,
        "shortCountPercent": 0
      },
      {
        "price": 1.2775,
        "longCountPercent": 3.88,
        "shortCountPercent": 0
      },
      {
        "price": 1.278,
        "longCountPercent": 1.94,
        "shortCountPercent": 0
      },
      {
        "price": 1.2785,
        "longCountPercent": 0,
        "shortCountPercent": 1.94
      },
      {
        "price": 1.2795,
        "longCountPercent": 1.94,
        "shortCountPercent": 0
      },
      {
        "price": 1.28,
        "longCountPercent": 3.88,
        "shortCountPercent": 0
      },
      {
        "price": 1.2805,
        "longCountPercent": 1.94,
        "shortCountPercent": 0
      },
      {
        "price": 1.281,
        "longCountPercent": 0,
        "shortCountPercent": 1.94
      },
      {
        "price": 1.2815,
        "longCountPercent": 0,
        "shortCountPercent": 1.94
      },
      {
        "price": 1.283,
        "longCountPercent": 1.94,
        "shortCountPercent": 0
      },
      {
        "price": 1.2875,
        "longCountPercent": 1.94,
        "shortCountPercent": 0
      },
      {
        "price": 1.2985,
        "longCountPercent": 7.77,
        "shortCountPercent": 0
      },
      {
        "price": 1.3025,
        "longCountPercent": 0,
        "shortCountPercent": 1.94
      },
      {
        "price": 1.303,
        "longCountPercent": 1.94,
        "shortCountPercent": 0
      },
      {
        "price": 1.3055,
        "longCountPercent": 7.77,
        "shortCountPercent": 0
      },
      {
        "price": 1.307,
        "longCountPercent": 1.94,
        "shortCountPercent": 0
      },
      {
        "price": 1.31,
        "longCountPercent": 1.94,
        "shortCountPercent": 0
      },
      {
        "price": 1.3105,
        "longCountPercent": 7.77,
        "shortCountPercent": 0
      },
      {
        "price": 1.3145,
        "longCountPercent": 1.94,
        "shortCountPercent": 1.94
      },
      {
        "price": 1.3155,
        "longCountPercent": 3.88,
        "shortCountPercent": 0
      },
      {
        "price": 1.316,
        "longCountPercent": 1.94,
        "shortCountPercent": 0
      },
      {
        "price": 1.317,
        "longCountPercent": 0,
        "shortCountPercent": 1.94
      },
      {
        "price": 1.3175,
        "longCountPercent": 3.88,
        "shortCountPercent": 0
      },
      {
        "price": 1.318,
        "longCountPercent": 1.94,
        "shortCountPercent": 0
      },
      {
        "price": 1.32,
        "longCountPercent": 0,
        "shortCountPercent": 1.94
      },
      {
        "price": 1.325,
        "longCountPercent": 7.77,
        "shortCountPercent": 0
      },
      {
        "price": 1.3255,
        "longCountPercent": 7.77,
        "shortCountPercent": 0
      },
      {
        "price": 1.326,
        "longCountPercent": 1.94,
        "shortCountPercent": 0
      },
      {
        "price": 1.327,
        "longCountPercent": 3.88,
        "shortCountPercent": 0
      },
      {
        "price": 1.332,
        "longCountPercent": 1.94,
        "shortCountPercent": 0
      },
      {
        "price": 1.336,
        "longCountPercent": 1.94,
        "shortCountPercent": 0
      },
      {
        "price": 1.3385,
        "longCountPercent": 0,
        "shortCountPercent": 1.94
      },
      {
        "price": 1.34,
        "longCountPercent": 3.88,
        "shortCountPercent": 0
      },
      {
        "price": 1.3405,
        "longCountPercent": 1.94,
        "shortCountPercent": 0
      },
      {
        "price": 1.341,
        "longCountPercent": 1.94,
        "shortCountPercent": 0
      },
      {
        "price": 1.3415,
        "longCountPercent": 1.94,
        "shortCountPercent": 0
      },
      {
        "price": 1.342,
        "longCountPercent": 5.82,
        "shortCountPercent": 0
      },
      {
        "price": 1.346,
        "longCountPercent": 7.77,
        "shortCountPercent": 0
      },
      {
        "price": 1.35,
        "longCountPercent": 7.77,
        "shortCountPercent": 0
      },
      {
        "price": 1.3535,
        "longCountPercent": 1.94,
        "shortCountPercent": 0
      },
      {
        "price": 1.361,
        "longCountPercent": 1.94,
        "shortCountPercent": 0
      },
      {
        "price": 1.368,
        "longCountPercent": 1.94,
        "shortCountPercent": 0
      },
      {
        "price": 1.3705,
        "longCountPercent": 3.88,
        "shortCountPercent": 0
      },
      {
        "price": 1.371,
        "longCountPercent": 3.88,
        "shortCountPercent": 0
      },
      {
        "price": 1.3715,
        "longCountPercent": 1.94,
        "shortCountPercent": 0
      },
      {
        "price": 1.373,
        "longCountPercent": 1.94,
        "shortCountPercent": 0
      },
      {
        "price": 1.4215,
        "longCountPercent": 1.94,
        "shortCountPercent": 0
      },
      {
        "price": 1.4275,
        "longCountPercent": 3.88,
        "shortCountPercent": 0
      },
      {
        "price": 1.4345,
        "longCountPercent": 0,
        "shortCountPercent": 1.94
      },
      {
        "price": 1.4605,
        "longCountPercent": 1.94,
        "shortCountPercent": 0
      },
      {
        "price": 1.471,
        "longCountPercent": 1.94,
        "shortCountPercent": 0
      },
      {
        "price": 1.523,
        "longCountPercent": 1.94,
        "shortCountPercent": 0
      },
      {
        "price": 1.5305,
        "longCountPercent": 0,
        "shortCountPercent": 1.94
      },
      {
        "price": 1.5315,
        "longCountPercent": 0,
        "shortCountPercent": 1.94
      },
      {
        "price": 1.539,
        "longCountPercent": 0,
        "shortCountPercent": 1.94
      },
      {
        "price": 1.609,
        "longCountPercent": 1.94,
        "shortCountPercent": 0
      },
      {
        "price": 1.6365,
        "longCountPercent": 0,
        "shortCountPercent": 1.94
      },
      {
        "price": 1.7305,
        "longCountPercent": 1.94,
        "shortCountPercent": 0
      },
      {
        "price": 1.7815,
        "longCountPercent": 0,
        "shortCountPercent": 1.94
      },
      {
        "price": 2.233,
        "longCountPercent": 1.94,
        "shortCountPercent": 0
      },
      {
        "price": 2.2585,
        "longCountPercent": 1.94,
        "shortCountPercent": 0
      },
      {
        "price": 2.2655,
        "longCountPercent": 1.94,
        "shortCountPercent": 0
      },
      {
        "price": 2.2665,
        "longCountPercent": 1.94,
        "shortCountPercent": 0
      },
      {
        "price": 2.27,
        "longCountPercent": 1.94,
        "shortCountPercent": 0
      },
      {
        "price": 2.2745,
        "longCountPercent": 1.94,
        "shortCountPercent": 0
      },
      {
        "price": 2.2765,
        "longCountPercent": 0,
        "shortCountPercent": 1.94
      },
      {
        "price": 2.3035,
        "longCountPercent": 1.94,
        "shortCountPercent": 0
      },
      {
        "price": 2.35,
        "longCountPercent": 1.94,
        "shortCountPercent": 0
      },
      {
        "price": 2.38,
        "longCountPercent": 1.94,
        "shortCountPercent": 0
      },
      {
        "price": 2.4305,
        "longCountPercent": 1.94,
        "shortCountPercent": 0
      },
      {
        "price": 2.47,
        "longCountPercent": 1.94,
        "shortCountPercent": 0
      }
    ],
    "region": "-",
    "division": "-",
    "dataSource": "-",
    "snapshot": "12月18日 5時00分",
    "lastupdate": "12月18日 5時30分",
    "longPercent": 83.56,
    "shortPercent": 16.44
  }
}