{
  "orderBook": {
    "price": 0.87532,
    "bucketWidth": "0.0005",
    "buckets": [
      {
        "price": 0,
        "longCountPercent": 3.42,
        "shortCountPercent": 1.71
      },
      {
        "price": 0.0005,
        "longCountPercent": 1.71,
        "shortCountPercent": 1.71
      },
      {
        "price": 0.05,
        "longCountPercent": 0,
        "shortCountPercent": 1.71
      },
      {
        "price": 0.162,
        "longCountPercent": 0,
        "shortCountPercent": 1.71
      },
      {
        "price": 0.33,
        "longCountPercent": 0,
        "shortCountPercent": 1.71
      },
      {
        "price": 0.35,
        "longCountPercent": 1.71,
        "shortCountPercent": 0
      },
      {
        "price": 0.439,
        "longCountPercent": 0,
        "shortCountPercent": 1.71
      },
      {
        "price": 0.452,
        "longCountPercent": 0,
        "shortCountPercent": 1.71
      },
      {
        "price": 0.4885,
        "longCountPercent": 0,
        "shortCountPercent": 1.71
      },
      {
        "price": 0.5,
        "longCountPercent": 5.13,
        "shortCountPercent": 0
      },
      {
        "price": 0.513,
        "longCountPercent": 0,
        "shortCountPercent": 1.71
      },
      {
        "price": 0.535,
        "longCountPercent": 0,
        "shortCountPercent": 1.71
      },
      {
        "price": 0.5605,
        "longCountPercent": 1.71,
        "shortCountPercent": 0
      },
      {
        "price": 0.564,
        "longCountPercent": 1.71,
        "shortCountPercent": 0
      },
      {
        "price": 0.5715,
        "longCountPercent": 1.71,
        "shortCountPercent": 0
      },
      {
        "price": 0.572,
        "longCountPercent": 1.71,
        "shortCountPercent": 0
      },
      {
        "price": 0.5735,
        "longCountPercent": 1.71,
        "shortCountPercent": 0
      },
      {
        "price": 0.581,
        "longCountPercent": 1.71,
        "shortCountPercent": 0
      },
      {
        "price": 0.6,
        "longCountPercent": 10.27,
        "shortCountPercent": 0
      },
      {
        "price": 0.6045,
        "longCountPercent": 1.71,
        "shortCountPercent": 0
      },
      {
        "price": 0.622,
        "longCountPercent": 1.71,
        "shortCountPercent": 0
      },
      {
        "price": 0.625,
        "longCountPercent": 1.71,
        "shortCountPercent": 0
      },
      {
        "price": 0.6265,
        "longCountPercent": 1.71,
        "shortCountPercent": 0
      },
      {
        "price": 0.6335,
        "longCountPercent": 1.71,
        "shortCountPercent": 0
      },
      {
        "price": 0.6355,
        "longCountPercent": 0,
        "shortCountPercent": 1.71
      },
      {
        "price": 0.64,
        "longCountPercent": 3.42,
        "shortCountPercent": 0
      },
      {
        "price": 0.6465,
        "longCountPercent": 1.71,
        "shortCountPercent": 0
      },
      {
        "price": 0.6495,
        "longCountPercent": 3.42,
        "shortCountPercent": 0
      },
      {
        "price": 0.651,
        "longCountPercent": 1.71,
        "shortCountPercent": 0
      },
      {
        "price": 0.6555,
        "longCountPercent": 1.71,
        "shortCountPercent": 0
      },
      {
        "price": 0.6565,
        "longCountPercent": 1.71,
        "shortCountPercent": 0
      },
      {
        "price": 0.6585,
        "longCountPercent": 3.42,
        "shortCountPercent": 0
      },
      {
        "price": 0.659,
        "longCountPercent": 1.71,
        "shortCountPercent": 0
      },
      {
        "price": 0.6625,
        "longCountPercent": 1.71,
        "shortCountPercent": 0
      },
      {
        "price": 0.664,
        "longCountPercent": 1.71,
        "shortCountPercent": 0
      },
      {
        "price": 0.665,
        "longCountPercent": 1.71,
        "shortCountPercent": 0
      },
      {
        "price": 0.6655,
        "longCountPercent": 1.71,
        "shortCountPercent": 0
      },
      {
        "price": 0.6665,
        "longCountPercent": 5.13,
        "shortCountPercent": 0
      },
      {
        "price": 0.667,
        "longCountPercent": 1.71,
        "shortCountPercent": 0
      },
      {
        "price": 0.6675,
        "longCountPercent": 1.71,
        "shortCountPercent": 0
      },
      {
        "price": 0.669,
        "longCountPercent": 3.42,
        "shortCountPercent": 0
      },
      {
        "price": 0.6695,
        "longCountPercent": 1.71,
        "shortCountPercent": 0
      },
      {
        "price": 0.67,
        "longCountPercent": 6.84,
        "shortCountPercent": 1.71
      },
      {
        "price": 0.6705,
        "longCountPercent": 3.42,
        "shortCountPercent": 0
      },
      {
        "price": 0.671,
        "longCountPercent": 1.71,
        "shortCountPercent": 0
      },
      {
        "price": 0.6725,
        "longCountPercent": 1.71,
        "shortCountPercent": 0
      },
      {
        "price": 0.673,
        "longCountPercent": 1.71,
        "shortCountPercent": 0
      },
      {
        "price": 0.674,
        "longCountPercent": 3.42,
        "shortCountPercent": 0
      },
      {
        "price": 0.6745,
        "longCountPercent": 1.71,
        "shortCountPercent": 0
      },
      {
        "price": 0.675,
        "longCountPercent": 1.71,
        "shortCountPercent": 0
      },
      {
        "price": 0.6755,
        "longCountPercent": 1.71,
        "shortCountPercent": 0
      },
      {
        "price": 0.6765,
        "longCountPercent": 1.71,
        "shortCountPercent": 0
      },
      {
        "price": 0.677,
        "longCountPercent": 1.71,
        "shortCountPercent": 0
      },
      {
        "price": 0.6775,
        "longCountPercent": 1.71,
        "shortCountPercent": 0
      },
      {
        "price": 0.679,
        "longCountPercent": 1.71,
        "shortCountPercent": 0
      },
      {
        "price": 0.6795,
        "longCountPercent": 1.71,
        "shortCountPercent": 0
      },
      {
        "price": 0.68,
        "longCountPercent": 6.84,
        "shortCountPercent": 1.71
      },
      {
        "price": 0.683,
        "longCountPercent": 1.71,
        "shortCountPercent": 1.71
      },
      {
        "price": 0.6835,
        "longCountPercent": 1.71,
        "shortCountPercent": 0
      },
      {
        "price": 0.684,
        "longCountPercent": 1.71,
        "shortCountPercent": 0
      },
      {
        "price": 0.6845,
        "longCountPercent": 1.71,
        "shortCountPercent": 0
      },
      {
        "price": 0.685,
        "longCountPercent": 3.42,
        "shortCountPercent": 0
      },
      {
        "price": 0.6865,
        "longCountPercent": 3.42,
        "shortCountPercent": 0
      },
      {
        "price": 0.687,
        "longCountPercent": 1.71,
        "shortCountPercent": 0
      },
      {
        "price": 0.6875,
        "longCountPercent": 1.71,
        "shortCountPercent": 1.71
      },
      {
        "price": 0.6895,
        "longCountPercent": 1.71,
        "shortCountPercent": 0
      },
      {
        "price": 0.69,
        "longCountPercent": 8.56,
        "shortCountPercent": 1.71
      },
      {
        "price": 0.6915,
        "longCountPercent": 1.71,
        "shortCountPercent": 0
      },
      {
        "price": 0.692,
        "longCountPercent": 1.71,
        "shortCountPercent": 0
      },
      {
        "price": 0.6925,
        "longCountPercent": 5.13,
        "shortCountPercent": 0
      },
      {
        "price": 0.693,
        "longCountPercent": 5.13,
        "shortCountPercent": 0
      },
      {
        "price": 0.6935,
        "longCountPercent": 1.71,
        "shortCountPercent": 0
      },
      {
        "price": 0.694,
        "longCountPercent": 1.71,
        "shortCountPercent": 0
      },
      {
        "price": 0.6945,
        "longCountPercent": 1.71,
        "shortCountPercent": 0
      },
      {
        "price": 0.6955,
        "longCountPercent": 1.71,
        "shortCountPercent": 0
      },
      {
        "price": 0.696,
        "longCountPercent": 5.13,
        "shortCountPercent": 0
      },
      {
        "price": 0.6965,
        "longCountPercent": 1.71,
        "shortCountPercent": 0
      },
      {
        "price": 0.6975,
        "longCountPercent": 3.42,
        "shortCountPercent": 0
      },
      {
        "price": 0.6985,
        "longCountPercent": 3.42,
        "shortCountPercent": 0
      },
      {
        "price": 0.6995,
        "longCountPercent": 5.13,
        "shortCountPercent": 0
      },
      {
        "price": 0.7,
        "longCountPercent": 10.27,
        "shortCountPercent": 1.71
      },
      {
        "price": 0.701,
        "longCountPercent": 3.42,
        "shortCountPercent": 0
      },
      {
        "price": 0.7015,
        "longCountPercent": 5.13,
        "shortCountPercent": 0
      },
      {
        "price": 0.702,
        "longCountPercent": 3.42,
        "shortCountPercent": 0
      },
      {
        "price": 0.7025,
        "longCountPercent": 3.42,
        "shortCountPercent": 0
      },
      {
        "price": 0.703,
        "longCountPercent": 3.42,
        "shortCountPercent": 0
      },
      {
        "price": 0.7035,
        "longCountPercent": 1.71,
        "shortCountPercent": 0
      },
      {
        "price": 0.704,
        "longCountPercent": 3.42,
        "shortCountPercent": 0
      },
      {
        "price": 0.7045,
        "longCountPercent": 1.71,
        "shortCountPercent": 0
      },
      {
        "price": 0.705,
        "longCountPercent": 1.71,
        "shortCountPercent": 0
      },
      {
        "price": 0.7055,
        "longCountPercent": 1.71,
        "shortCountPercent": 0
      },
      {
        "price": 0.706,
        "longCountPercent": 1.71,
        "shortCountPercent": 0
      },
      {
        "price": 0.7065,
        "longCountPercent": 1.71,
        "shortCountPercent": 0
      },
      {
        "price": 0.707,
        "longCountPercent": 1.71,
        "shortCountPercent": 0
      },
      {
        "price": 0.7075,
        "longCountPercent": 1.71,
        "shortCountPercent": 0
      },
      {
        "price": 0.708,
        "longCountPercent": 1.71,
        "shortCountPercent": 0
      },
      {
        "price": 0.709,
        "longCountPercent": 8.56,
        "shortCountPercent": 0
      },
      {
        "price": 0.7095,
        "longCountPercent": 1.71,
        "shortCountPercent": 0
      },
      {
        "price": 0.71,
        "longCountPercent": 11.98,
        "shortCountPercent": 1.71
      },
      {
        "price": 0.7105,
        "longCountPercent": 1.71,
        "shortCountPercent": 0
      },
      {
        "price": 0.711,
        "longCountPercent": 3.42,
        "shortCountPercent": 0
      },
      {
        "price": 0.712,
        "longCountPercent": 1.71,
        "shortCountPercent": 0
      },
      {
        "price": 0.714,
        "longCountPercent": 1.71,
        "shortCountPercent": 0
      },
      {
        "price": 0.716,
        "longCountPercent": 5.13,
        "shortCountPercent": 0
      },
      {
        "price": 0.7165,
        "longCountPercent": 6.84,
        "shortCountPercent": 0
      },
      {
        "price": 0.717,
        "longCountPercent": 3.42,
        "shortCountPercent": 0
      },
      {
        "price": 0.718,
        "longCountPercent": 3.42,
        "shortCountPercent": 0
      },
      {
        "price": 0.7185,
        "longCountPercent": 1.71,
        "shortCountPercent": 0
      },
      {
        "price": 0.719,
        "longCountPercent": 3.42,
        "shortCountPercent": 0
      },
      {
        "price": 0.7195,
        "longCountPercent": 3.42,
        "shortCountPercent": 0
      },
      {
        "price": 0.72,
        "longCountPercent": 5.13,
        "shortCountPercent": 1.71
      },
      {
        "price": 0.7215,
        "longCountPercent": 1.71,
        "shortCountPercent": 0
      },
      {
        "price": 0.722,
        "longCountPercent": 3.42,
        "shortCountPercent": 0
      },
      {
        "price": 0.7225,
        "longCountPercent": 1.71,
        "shortCountPercent": 0
      },
      {
        "price": 0.723,
        "longCountPercent": 3.42,
        "shortCountPercent": 0
      },
      {
        "price": 0.7235,
        "longCountPercent": 1.71,
        "shortCountPercent": 0
      },
      {
        "price": 0.7245,
        "longCountPercent": 3.42,
        "shortCountPercent": 0
      },
      {
        "price": 0.725,
        "longCountPercent": 1.71,
        "shortCountPercent": 0
      },
      {
        "price": 0.726,
        "longCountPercent": 1.71,
        "shortCountPercent": 0
      },
      {
        "price": 0.7265,
        "longCountPercent": 5.13,
        "shortCountPercent": 0
      },
      {
        "price": 0.727,
        "longCountPercent": 11.98,
        "shortCountPercent": 0
      },
      {
        "price": 0.7275,
        "longCountPercent": 1.71,
        "shortCountPercent": 0
      },
      {
        "price": 0.7285,
        "longCountPercent": 1.71,
        "shortCountPercent": 0
      },
      {
        "price": 0.73,
        "longCountPercent": 1.71,
        "shortCountPercent": 1.71
      },
      {
        "price": 0.731,
        "longCountPercent": 1.71,
        "shortCountPercent": 0
      },
      {
        "price": 0.7315,
        "longCountPercent": 1.71,
        "shortCountPercent": 0
      },
      {
        "price": 0.7325,
        "longCountPercent": 1.71,
        "shortCountPercent": 0
      },
      {
        "price": 0.733,
        "longCountPercent": 3.42,
        "shortCountPercent": 0
      },
      {
        "price": 0.735,
        "longCountPercent": 5.13,
        "shortCountPercent": 0
      },
      {
        "price": 0.736,
        "longCountPercent": 3.42,
        "shortCountPercent": 0
      },
      {
        "price": 0.737,
        "longCountPercent": 5.13,
        "shortCountPercent": 0
      },
      {
        "price": 0.7375,
        "longCountPercent": 1.71,
        "shortCountPercent": 0
      },
      {
        "price": 0.738,
        "longCountPercent": 1.71,
        "shortCountPercent": 0
      },
      {
        "price": 0.74,
        "longCountPercent": 10.27,
        "shortCountPercent": 1.71
      },
      {
        "price": 0.7405,
        "longCountPercent": 1.71,
        "shortCountPercent": 0
      },
      {
        "price": 0.741,
        "longCountPercent": 1.71,
        "shortCountPercent": 0
      },
      {
        "price": 0.7415,
        "longCountPercent": 1.71,
        "shortCountPercent": 0
      },
      {
        "price": 0.743,
        "longCountPercent": 1.71,
        "shortCountPercent": 0
      },
      {
        "price": 0.747,
        "longCountPercent": 1.71,
        "shortCountPercent": 0
      },
      {
        "price": 0.75,
        "longCountPercent": 3.42,
        "shortCountPercent": 1.71
      },
      {
        "price": 0.751,
        "longCountPercent": 1.71,
        "shortCountPercent": 0
      },
      {
        "price": 0.752,
        "longCountPercent": 1.71,
        "shortCountPercent": 0
      },
      {
        "price": 0.754,
        "longCountPercent": 1.71,
        "shortCountPercent": 0
      },
      {
        "price": 0.7555,
        "longCountPercent": 3.42,
        "shortCountPercent": 0
      },
      {
        "price": 0.756,
        "longCountPercent": 3.42,
        "shortCountPercent": 0
      },
      {
        "price": 0.7575,
        "longCountPercent": 1.71,
        "shortCountPercent": 0
      },
      {
        "price": 0.758,
        "longCountPercent": 1.71,
        "shortCountPercent": 0
      },
      {
        "price": 0.759,
        "longCountPercent": 1.71,
        "shortCountPercent": 0
      },
      {
        "price": 0.76,
        "longCountPercent": 1.71,
        "shortCountPercent": 1.71
      },
      {
        "price": 0.7615,
        "longCountPercent": 1.71,
        "shortCountPercent": 0
      },
      {
        "price": 0.762,
        "longCountPercent": 1.71,
        "shortCountPercent": 0
      },
      {
        "price": 0.764,
        "longCountPercent": 1.71,
        "shortCountPercent": 0
      },
      {
        "price": 0.7645,
        "longCountPercent": 1.71,
        "shortCountPercent": 0
      },
      {
        "price": 0.7655,
        "longCountPercent": 3.42,
        "shortCountPercent": 0
      },
      {
        "price": 0.766,
        "longCountPercent": 1.71,
        "shortCountPercent": 0
      },
      {
        "price": 0.7665,
        "longCountPercent": 3.42,
        "shortCountPercent": 0
      },
      {
        "price": 0.7675,
        "longCountPercent": 0,
        "shortCountPercent": 1.71
      },
      {
        "price": 0.768,
        "longCountPercent": 3.42,
        "shortCountPercent": 0
      },
      {
        "price": 0.7685,
        "longCountPercent": 0,
        "shortCountPercent": 1.71
      },
      {
        "price": 0.7695,
        "longCountPercent": 10.27,
        "shortCountPercent": 0
      },
      {
        "price": 0.77,
        "longCountPercent": 5.13,
        "shortCountPercent": 3.42
      },
      {
        "price": 0.7705,
        "longCountPercent": 3.42,
        "shortCountPercent": 0
      },
      {
        "price": 0.7715,
        "longCountPercent": 0,
        "shortCountPercent": 1.71
      },
      {
        "price": 0.772,
        "longCountPercent": 1.71,
        "shortCountPercent": 0
      },
      {
        "price": 0.7735,
        "longCountPercent": 1.71,
        "shortCountPercent": 0
      },
      {
        "price": 0.774,
        "longCountPercent": 1.71,
        "shortCountPercent": 0
      },
      {
        "price": 0.7745,
        "longCountPercent": 1.71,
        "shortCountPercent": 0
      },
      {
        "price": 0.775,
        "longCountPercent": 3.42,
        "shortCountPercent": 1.71
      },
      {
        "price": 0.776,
        "longCountPercent": 1.71,
        "shortCountPercent": 0
      },
      {
        "price": 0.7765,
        "longCountPercent": 0,
        "shortCountPercent": 1.71
      },
      {
        "price": 0.7775,
        "longCountPercent": 1.71,
        "shortCountPercent": 0
      },
      {
        "price": 0.778,
        "longCountPercent": 1.71,
        "shortCountPercent": 0
      },
      {
        "price": 0.78,
        "longCountPercent": 1.71,
        "shortCountPercent": 3.42
      },
      {
        "price": 0.7815,
        "longCountPercent": 1.71,
        "shortCountPercent": 0
      },
      {
        "price": 0.782,
        "longCountPercent": 1.71,
        "shortCountPercent": 0
      },
      {
        "price": 0.7825,
        "longCountPercent": 3.42,
        "shortCountPercent": 1.71
      },
      {
        "price": 0.783,
        "longCountPercent": 5.13,
        "shortCountPercent": 0
      },
      {
        "price": 0.7835,
        "longCountPercent": 1.71,
        "shortCountPercent": 0
      },
      {
        "price": 0.784,
        "longCountPercent": 3.42,
        "shortCountPercent": 0
      },
      {
        "price": 0.7845,
        "longCountPercent": 1.71,
        "shortCountPercent": 0
      },
      {
        "price": 0.785,
        "longCountPercent": 0,
        "shortCountPercent": 80.42
      },
      {
        "price": 0.7855,
        "longCountPercent": 1.71,
        "shortCountPercent": 97.54
      },
      {
        "price": 0.786,
        "longCountPercent": 6.84,
        "shortCountPercent": 59.89
      },
      {
        "price": 0.7865,
        "longCountPercent": 0,
        "shortCountPercent": 82.14
      },
      {
        "price": 0.787,
        "longCountPercent": 1.71,
        "shortCountPercent": 42.78
      },
      {
        "price": 0.7875,
        "longCountPercent": 0,
        "shortCountPercent": 46.2
      },
      {
        "price": 0.788,
        "longCountPercent": 1.71,
        "shortCountPercent": 35.93
      },
      {
        "price": 0.7885,
        "longCountPercent": 0,
        "shortCountPercent": 118.07
      },
      {
        "price": 0.789,
        "longCountPercent": 0,
        "shortCountPercent": 68.45
      },
      {
        "price": 0.7895,
        "longCountPercent": 3.42,
        "shortCountPercent": 135.18
      },
      {
        "price": 0.79,
        "longCountPercent": 1.71,
        "shortCountPercent": 97.54
      },
      {
        "price": 0.7905,
        "longCountPercent": 3.42,
        "shortCountPercent": 29.09
      },
      {
        "price": 0.791,
        "longCountPercent": 0,
        "shortCountPercent": 20.53
      },
      {
        "price": 0.7915,
        "longCountPercent": 1.71,
        "shortCountPercent": 3.42
      },
      {
        "price": 0.792,
        "longCountPercent": 1.71,
        "shortCountPercent": 0
      },
      {
        "price": 0.7925,
        "longCountPercent": 1.71,
        "shortCountPercent": 0
      },
      {
        "price": 0.7935,
        "longCountPercent": 1.71,
        "shortCountPercent": 56.47
      },
      {
        "price": 0.794,
        "longCountPercent": 6.84,
        "shortCountPercent": 65.02
      },
      {
        "price": 0.7945,
        "longCountPercent": 1.71,
        "shortCountPercent": 107.8
      },
      {
        "price": 0.795,
        "longCountPercent": 0,
        "shortCountPercent": 1.71
      },
      {
        "price": 0.7955,
        "longCountPercent": 1.71,
        "shortCountPercent": 5.13
      },
      {
        "price": 0.796,
        "longCountPercent": 1.71,
        "shortCountPercent": 27.38
      },
      {
        "price": 0.7965,
        "longCountPercent": 1.71,
        "shortCountPercent": 5.13
      },
      {
        "price": 0.7975,
        "longCountPercent": 1.71,
        "shortCountPercent": 1.71
      },
      {
        "price": 0.798,
        "longCountPercent": 1.71,
        "shortCountPercent": 0
      },
      {
        "price": 0.7985,
        "longCountPercent": 1.71,
        "shortCountPercent": 0
      },
      {
        "price": 0.799,
        "longCountPercent": 1.71,
        "shortCountPercent": 0
      },
      {
        "price": 0.8,
        "longCountPercent": 11.98,
        "shortCountPercent": 10.27
      },
      {
        "price": 0.8005,
        "longCountPercent": 3.42,
        "shortCountPercent": 0
      },
      {
        "price": 0.8015,
        "longCountPercent": 3.42,
        "shortCountPercent": 0
      },
      {
        "price": 0.802,
        "longCountPercent": 1.71,
        "shortCountPercent": 1.71
      },
      {
        "price": 0.8025,
        "longCountPercent": 3.42,
        "shortCountPercent": 0
      },
      {
        "price": 0.8035,
        "longCountPercent": 1.71,
        "shortCountPercent": 0
      },
      {
        "price": 0.804,
        "longCountPercent": 1.71,
        "shortCountPercent": 1.71
      },
      {
        "price": 0.805,
        "longCountPercent": 3.42,
        "shortCountPercent": 1.71
      },
      {
        "price": 0.806,
        "longCountPercent": 3.42,
        "shortCountPercent": 1.71
      },
      {
        "price": 0.8065,
        "longCountPercent": 3.42,
        "shortCountPercent": 0
      },
      {
        "price": 0.8075,
        "longCountPercent": 3.42,
        "shortCountPercent": 0
      },
      {
        "price": 0.808,
        "longCountPercent": 1.71,
        "shortCountPercent": 1.71
      },
      {
        "price": 0.809,
        "longCountPercent": 1.71,
        "shortCountPercent": 0
      },
      {
        "price": 0.81,
        "longCountPercent": 8.56,
        "shortCountPercent": 6.84
      },
      {
        "price": 0.8115,
        "longCountPercent": 1.71,
        "shortCountPercent": 0
      },
      {
        "price": 0.812,
        "longCountPercent": 3.42,
        "shortCountPercent": 1.71
      },
      {
        "price": 0.8125,
        "longCountPercent": 3.42,
        "shortCountPercent": 1.71
      },
      {
        "price": 0.8135,
        "longCountPercent": 1.71,
        "shortCountPercent": 1.71
      },
      {
        "price": 0.814,
        "longCountPercent": 1.71,
        "shortCountPercent": 1.71
      },
      {
        "price": 0.8145,
        "longCountPercent": 1.71,
        "shortCountPercent": 0
      },
      {
        "price": 0.815,
        "longCountPercent": 3.42,
        "shortCountPercent": 1.71
      },
      {
        "price": 0.8155,
        "longCountPercent": 1.71,
        "shortCountPercent": 0
      },
      {
        "price": 0.816,
        "longCountPercent": 3.42,
        "shortCountPercent": 1.71
      },
      {
        "price": 0.8165,
        "longCountPercent": 0,
        "shortCountPercent": 1.71
      },
      {
        "price": 0.817,
        "longCountPercent": 1.71,
        "shortCountPercent": 0
      },
      {
        "price": 0.8175,
        "longCountPercent": 8.56,
        "shortCountPercent": 1.71
      },
      {
        "price": 0.818,
        "longCountPercent": 5.13,
        "shortCountPercent": 1.71
      },
      {
        "price": 0.8185,
        "longCountPercent": 5.13,
        "shortCountPercent": 1.71
      },
      {
        "price": 0.819,
        "longCountPercent": 1.71,
        "shortCountPercent": 0
      },
      {
        "price": 0.8195,
        "longCountPercent": 3.42,
        "shortCountPercent": 0
      },
      {
        "price": 0.82,
        "longCountPercent": 18.82,
        "shortCountPercent": 15.4
      },
      {
        "price": 0.8205,
        "longCountPercent": 5.13,
        "shortCountPercent": 0
      },
      {
        "price": 0.821,
        "longCountPercent": 6.84,
        "shortCountPercent": 1.71
      },
      {
        "price": 0.8215,
        "longCountPercent": 5.13,
        "shortCountPercent": 0
      },
      {
        "price": 0.822,
        "longCountPercent": 11.98,
        "shortCountPercent": 3.42
      },
      {
        "price": 0.8225,
        "longCountPercent": 6.84,
        "shortCountPercent": 1.71
      },
      {
        "price": 0.823,
        "longCountPercent": 10.27,
        "shortCountPercent": 0
      },
      {
        "price": 0.8235,
        "longCountPercent": 10.27,
        "shortCountPercent": 0
      },
      {
        "price": 0.824,
        "longCountPercent": 10.27,
        "shortCountPercent": 1.71
      },
      {
        "price": 0.8245,
        "longCountPercent": 3.42,
        "shortCountPercent": 0
      },
      {
        "price": 0.825,
        "longCountPercent": 13.69,
        "shortCountPercent": 0
      },
      {
        "price": 0.8255,
        "longCountPercent": 8.56,
        "shortCountPercent": 1.71
      },
      {
        "price": 0.826,
        "longCountPercent": 30.8,
        "shortCountPercent": 1.71
      },
      {
        "price": 0.8265,
        "longCountPercent": 13.69,
        "shortCountPercent": 3.42
      },
      {
        "price": 0.827,
        "longCountPercent": 6.84,
        "shortCountPercent": 0
      },
      {
        "price": 0.8275,
        "longCountPercent": 8.56,
        "shortCountPercent": 0
      },
      {
        "price": 0.828,
        "longCountPercent": 18.82,
        "shortCountPercent": 0
      },
      {
        "price": 0.8285,
        "longCountPercent": 8.56,
        "shortCountPercent": 0
      },
      {
        "price": 0.829,
        "longCountPercent": 10.27,
        "shortCountPercent": 0
      },
      {
        "price": 0.8295,
        "longCountPercent": 6.84,
        "shortCountPercent": 3.42
      },
      {
        "price": 0.83,
        "longCountPercent": 37.65,
        "shortCountPercent": 5.13
      },
      {
        "price": 0.8305,
        "longCountPercent": 3.42,
        "shortCountPercent": 0
      },
      {
        "price": 0.831,
        "longCountPercent": 13.69,
        "shortCountPercent": 0
      },
      {
        "price": 0.8315,
        "longCountPercent": 11.98,
        "shortCountPercent": 0
      },
      {
        "price": 0.832,
        "longCountPercent": 10.27,
        "shortCountPercent": 1.71
      },
      {
        "price": 0.8325,
        "longCountPercent": 10.27,
        "shortCountPercent": 0
      },
      {
        "price": 0.833,
        "longCountPercent": 11.98,
        "shortCountPercent": 0
      },
      {
        "price": 0.8335,
        "longCountPercent": 8.56,
        "shortCountPercent": 0
      },
      {
        "price": 0.834,
        "longCountPercent": 29.09,
        "shortCountPercent": 1.71
      },
      {
        "price": 0.8345,
        "longCountPercent": 13.69,
        "shortCountPercent": 5.13
      },
      {
        "price": 0.835,
        "longCountPercent": 10.27,
        "shortCountPercent": 3.42
      },
      {
        "price": 0.8355,
        "longCountPercent": 10.27,
        "shortCountPercent": 1.71
      },
      {
        "price": 0.836,
        "longCountPercent": 15.4,
        "shortCountPercent": 0
      },
      {
        "price": 0.8365,
        "longCountPercent": 15.4,
        "shortCountPercent": 0
      },
      {
        "price": 0.837,
        "longCountPercent": 8.56,
        "shortCountPercent": 0
      },
      {
        "price": 0.8375,
        "longCountPercent": 10.27,
        "shortCountPercent": 0
      },
      {
        "price": 0.838,
        "longCountPercent": 42.78,
        "shortCountPercent": 0
      },
      {
        "price": 0.8385,
        "longCountPercent": 6.84,
        "shortCountPercent": 0
      },
      {
        "price": 0.839,
        "longCountPercent": 15.4,
        "shortCountPercent": 0
      },
      {
        "price": 0.8395,
        "longCountPercent": 6.84,
        "shortCountPercent": 0
      },
      {
        "price": 0.84,
        "longCountPercent": 25.67,
        "shortCountPercent": 11.98
      },
      {
        "price": 0.8405,
        "longCountPercent": 18.82,
        "shortCountPercent": 0
      },
      {
        "price": 0.841,
        "longCountPercent": 30.8,
        "shortCountPercent": 8.56
      },
      {
        "price": 0.8415,
        "longCountPercent": 10.27,
        "shortCountPercent": 0
      },
      {
        "price": 0.842,
        "longCountPercent": 17.11,
        "shortCountPercent": 8.56
      },
      {
        "price": 0.8425,
        "longCountPercent": 1.71,
        "shortCountPercent": 0
      },
      {
        "price": 0.843,
        "longCountPercent": 6.84,
        "shortCountPercent": 8.56
      },
      {
        "price": 0.8435,
        "longCountPercent": 15.4,
        "shortCountPercent": 6.84
      },
      {
        "price": 0.844,
        "longCountPercent": 17.11,
        "shortCountPercent": 13.69
      },
      {
        "price": 0.8445,
        "longCountPercent": 8.56,
        "shortCountPercent": 0
      },
      {
        "price": 0.845,
        "longCountPercent": 17.11,
        "shortCountPercent": 8.56
      },
      {
        "price": 0.8455,
        "longCountPercent": 8.56,
        "shortCountPercent": 0
      },
      {
        "price": 0.846,
        "longCountPercent": 17.11,
        "shortCountPercent": 10.27
      },
      {
        "price": 0.8465,
        "longCountPercent": 6.84,
        "shortCountPercent": 0
      },
      {
        "price": 0.847,
        "longCountPercent": 8.56,
        "shortCountPercent": 8.56
      },
      {
        "price": 0.8475,
        "longCountPercent": 6.84,
        "shortCountPercent": 0
      },
      {
        "price": 0.848,
        "longCountPercent": 11.98,
        "shortCountPercent": 8.56
      },
      {
        "price": 0.8485,
        "longCountPercent": 5.13,
        "shortCountPercent": 0
      },
      {
        "price": 0.849,
        "longCountPercent": 11.98,
        "shortCountPercent": 8.56
      },
      {
        "price": 0.8495,
        "longCountPercent": 18.82,
        "shortCountPercent": 0
      },
      {
        "price": 0.85,
        "longCountPercent": 22.25,
        "shortCountPercent": 17.11
      },
      {
        "price": 0.8505,
        "longCountPercent": 10.27,
        "shortCountPercent": 0
      },
      {
        "price": 0.851,
        "longCountPercent": 17.11,
        "shortCountPercent": 10.27
      },
      {
        "price": 0.8515,
        "longCountPercent": 13.69,
        "shortCountPercent": 0
      },
      {
        "price": 0.852,
        "longCountPercent": 22.25,
        "shortCountPercent": 10.27
      },
      {
        "price": 0.8525,
        "longCountPercent": 10.27,
        "shortCountPercent": 0
      },
      {
        "price": 0.853,
        "longCountPercent": 13.69,
        "shortCountPercent": 10.27
      },
      {
        "price": 0.8535,
        "longCountPercent": 5.13,
        "shortCountPercent": 0
      },
      {
        "price": 0.854,
        "longCountPercent": 15.4,
        "shortCountPercent": 11.98
      },
      {
        "price": 0.8545,
        "longCountPercent": 3.42,
        "shortCountPercent": 0
      },
      {
        "price": 0.855,
        "longCountPercent": 11.98,
        "shortCountPercent": 15.4
      },
      {
        "price": 0.8555,
        "longCountPercent": 15.4,
        "shortCountPercent": 0
      },
      {
        "price": 0.856,
        "longCountPercent": 15.4,
        "shortCountPercent": 11.98
      },
      {
        "price": 0.8565,
        "longCountPercent": 23.96,
        "shortCountPercent": 1.71
      },
      {
        "price": 0.857,
        "longCountPercent": 17.11,
        "shortCountPercent": 11.98
      },
      {
        "price": 0.8575,
        "longCountPercent": 6.84,
        "shortCountPercent": 0
      },
      {
        "price": 0.858,
        "longCountPercent": 15.4,
        "shortCountPercent": 11.98
      },
      {
        "price": 0.8585,
        "longCountPercent": 30.8,
        "shortCountPercent": 0
      },
      {
        "price": 0.859,
        "longCountPercent": 11.98,
        "shortCountPercent": 13.69
      },
      {
        "price": 0.8595,
        "longCountPercent": 11.98,
        "shortCountPercent": 0
      },
      {
        "price": 0.86,
        "longCountPercent": 30.8,
        "shortCountPercent": 18.82
      },
      {
        "price": 0.8605,
        "longCountPercent": 11.98,
        "shortCountPercent": 1.71
      },
      {
        "price": 0.861,
        "longCountPercent": 29.09,
        "shortCountPercent": 15.4
      },
      {
        "price": 0.8615,
        "longCountPercent": 10.27,
        "shortCountPercent": 1.71
      },
      {
        "price": 0.862,
        "longCountPercent": 15.4,
        "shortCountPercent": 18.82
      },
      {
        "price": 0.8625,
        "longCountPercent": 17.11,
        "shortCountPercent": 1.71
      },
      {
        "price": 0.863,
        "longCountPercent": 42.78,
        "shortCountPercent": 20.53
      },
      {
        "price": 0.8635,
        "longCountPercent": 17.11,
        "shortCountPercent": 0
      },
      {
        "price": 0.864,
        "longCountPercent": 37.65,
        "shortCountPercent": 22.25
      },
      {
        "price": 0.8645,
        "longCountPercent": 18.82,
        "shortCountPercent": 13.69
      },
      {
        "price": 0.865,
        "longCountPercent": 30.8,
        "shortCountPercent": 46.2
      },
      {
        "price": 0.8655,
        "longCountPercent": 37.65,
        "shortCountPercent": 32.51
      },
      {
        "price": 0.866,
        "longCountPercent": 53.05,
        "shortCountPercent": 53.05
      },
      {
        "price": 0.8665,
        "longCountPercent": 49.62,
        "shortCountPercent": 11.98
      },
      {
        "price": 0.867,
        "longCountPercent": 47.91,
        "shortCountPercent": 25.67
      },
      {
        "price": 0.8675,
        "longCountPercent": 30.8,
        "shortCountPercent": 11.98
      },
      {
        "price": 0.868,
        "longCountPercent": 145.45,
        "shortCountPercent": 30.8
      },
      {
        "price": 0.8685,
        "longCountPercent": 39.36,
        "shortCountPercent": 10.27
      },
      {
        "price": 0.869,
        "longCountPercent": 32.51,
        "shortCountPercent": 25.67
      },
      {
        "price": 0.8695,
        "longCountPercent": 17.11,
        "shortCountPercent": 15.4
      },
      {
        "price": 0.87,
        "longCountPercent": 53.05,
        "shortCountPercent": 46.2
      },
      {
        "price": 0.8705,
        "longCountPercent": 30.8,
        "shortCountPercent": 25.67
      },
      {
        "price": 0.871,
        "longCountPercent": 54.76,
        "shortCountPercent": 30.8
      },
      {
        "price": 0.8715,
        "longCountPercent": 61.6,
        "shortCountPercent": 53.05
      },
      {
        "price": 0.872,
        "longCountPercent": 61.6,
        "shortCountPercent": 23.96
      },
      {
        "price": 0.8725,
        "longCountPercent": 201.92,
        "shortCountPercent": 10.27
      },
      {
        "price": 0.873,
        "longCountPercent": 191.65,
        "shortCountPercent": 22.25
      },
      {
        "price": 0.8735,
        "longCountPercent": 171.12,
        "shortCountPercent": 22.25
      },
      {
        "price": 0.874,
        "longCountPercent": 159.14,
        "shortCountPercent": 37.65
      },
      {
        "price": 0.8745,
        "longCountPercent": 41.07,
        "shortCountPercent": 13.69
      },
      {
        "price": 0.875,
        "longCountPercent": 0,
        "shortCountPercent": 1.71
      },
      {
        "price": 0.8755,
        "longCountPercent": 3.42,
        "shortCountPercent": 17.11
      },
      {
        "price": 0.876,
        "longCountPercent": 3.42,
        "shortCountPercent": 118.07
      },
      {
        "price": 0.8765,
        "longCountPercent": 1.71,
        "shortCountPercent": 126.63
      },
      {
        "price": 0.877,
        "longCountPercent": 1.71,
        "shortCountPercent": 87.27
      },
      {
        "price": 0.8775,
        "longCountPercent": 1.71,
        "shortCountPercent": 121.49
      },
      {
        "price": 0.878,
        "longCountPercent": 6.84,
        "shortCountPercent": 71.87
      },
      {
        "price": 0.8785,
        "longCountPercent": 6.84,
        "shortCountPercent": 95.82
      },
      {
        "price": 0.879,
        "longCountPercent": 8.56,
        "shortCountPercent": 75.29
      },
      {
        "price": 0.8795,
        "longCountPercent": 34.22,
        "shortCountPercent": 177.96
      },
      {
        "price": 0.88,
        "longCountPercent": 46.2,
        "shortCountPercent": 119.78
      },
      {
        "price": 0.8805,
        "longCountPercent": 20.53,
        "shortCountPercent": 183.09
      },
      {
        "price": 0.881,
        "longCountPercent": 20.53,
        "shortCountPercent": 138.6
      },
      {
        "price": 0.8815,
        "longCountPercent": 27.38,
        "shortCountPercent": 88.98
      },
      {
        "price": 0.882,
        "longCountPercent": 51.33,
        "shortCountPercent": 83.85
      },
      {
        "price": 0.8825,
        "longCountPercent": 58.18,
        "shortCountPercent": 49.62
      },
      {
        "price": 0.883,
        "longCountPercent": 44.49,
        "shortCountPercent": 34.22
      },
      {
        "price": 0.8835,
        "longCountPercent": 25.67,
        "shortCountPercent": 35.93
      },
      {
        "price": 0.884,
        "longCountPercent": 23.96,
        "shortCountPercent": 25.67
      },
      {
        "price": 0.8845,
        "longCountPercent": 27.38,
        "shortCountPercent": 82.14
      },
      {
        "price": 0.885,
        "longCountPercent": 23.96,
        "shortCountPercent": 99.25
      },
      {
        "price": 0.8855,
        "longCountPercent": 6.84,
        "shortCountPercent": 123.2
      },
      {
        "price": 0.886,
        "longCountPercent": 8.56,
        "shortCountPercent": 22.25
      },
      {
        "price": 0.8865,
        "longCountPercent": 5.13,
        "shortCountPercent": 44.49
      },
      {
        "price": 0.887,
        "longCountPercent": 22.25,
        "shortCountPercent": 46.2
      },
      {
        "price": 0.8875,
        "longCountPercent": 0,
        "shortCountPercent": 23.96
      },
      {
        "price": 0.888,
        "longCountPercent": 3.42,
        "shortCountPercent": 29.09
      },
      {
        "price": 0.8885,
        "longCountPercent": 5.13,
        "shortCountPercent": 13.69
      },
      {
        "price": 0.889,
        "longCountPercent": 3.42,
        "shortCountPercent": 8.56
      },
      {
        "price": 0.8895,
        "longCountPercent": 0,
        "shortCountPercent": 5.13
      },
      {
        "price": 0.89,
        "longCountPercent": 5.13,
        "shortCountPercent": 32.51
      },
      {
        "price": 0.8905,
        "longCountPercent": 1.71,
        "shortCountPercent": 10.27
      },
      {
        "price": 0.891,
        "longCountPercent": 1.71,
        "shortCountPercent": 5.13
      },
      {
        "price": 0.8915,
        "longCountPercent": 3.42,
        "shortCountPercent": 8.56
      },
      {
        "price": 0.892,
        "longCountPercent": 3.42,
        "shortCountPercent": 11.98
      },
      {
        "price": 0.8925,
        "longCountPercent": 1.71,
        "shortCountPercent": 6.84
      },
      {
        "price": 0.893,
        "longCountPercent": 8.56,
        "shortCountPercent": 3.42
      },
      {
        "price": 0.8935,
        "longCountPercent": 0,
        "shortCountPercent": 1.71
      },
      {
        "price": 0.894,
        "longCountPercent": 6.84,
        "shortCountPercent": 11.98
      },
      {
        "price": 0.8945,
        "longCountPercent": 1.71,
        "shortCountPercent": 6.84
      },
      {
        "price": 0.895,
        "longCountPercent": 3.42,
        "shortCountPercent": 6.84
      },
      {
        "price": 0.8955,
        "longCountPercent": 1.71,
        "shortCountPercent": 3.42
      },
      {
        "price": 0.896,
        "longCountPercent": 3.42,
        "shortCountPercent": 8.56
      },
      {
        "price": 0.8965,
        "longCountPercent": 3.42,
        "shortCountPercent": 3.42
      },
      {
        "price": 0.897,
        "longCountPercent": 1.71,
        "shortCountPercent": 3.42
      },
      {
        "price": 0.8975,
        "longCountPercent": 3.42,
        "shortCountPercent": 10.27
      },
      {
        "price": 0.898,
        "longCountPercent": 3.42,
        "shortCountPercent": 13.69
      },
      {
        "price": 0.8985,
        "longCountPercent": 1.71,
        "shortCountPercent": 3.42
      },
      {
        "price": 0.8995,
        "longCountPercent": 0,
        "shortCountPercent": 1.71
      },
      {
        "price": 0.9,
        "longCountPercent": 10.27,
        "shortCountPercent": 22.25
      },
      {
        "price": 0.9005,
        "longCountPercent": 1.71,
        "shortCountPercent": 3.42
      },
      {
        "price": 0.901,
        "longCountPercent": 3.42,
        "shortCountPercent": 0
      },
      {
        "price": 0.9015,
        "longCountPercent": 6.84,
        "shortCountPercent": 6.84
      },
      {
        "price": 0.902,
        "longCountPercent": 1.71,
        "shortCountPercent": 6.84
      },
      {
        "price": 0.9025,
        "longCountPercent": 3.42,
        "shortCountPercent": 5.13
      },
      {
        "price": 0.903,
        "longCountPercent": 0,
        "shortCountPercent": 1.71
      },
      {
        "price": 0.9035,
        "longCountPercent": 1.71,
        "shortCountPercent": 0
      },
      {
        "price": 0.904,
        "longCountPercent": 1.71,
        "shortCountPercent": 1.71
      },
      {
        "price": 0.905,
        "longCountPercent": 0,
        "shortCountPercent": 1.71
      },
      {
        "price": 0.906,
        "longCountPercent": 1.71,
        "shortCountPercent": 11.98
      },
      {
        "price": 0.907,
        "longCountPercent": 0,
        "shortCountPercent": 3.42
      },
      {
        "price": 0.9075,
        "longCountPercent": 0,
        "shortCountPercent": 6.84
      },
      {
        "price": 0.908,
        "longCountPercent": 1.71,
        "shortCountPercent": 6.84
      },
      {
        "price": 0.909,
        "longCountPercent": 1.71,
        "shortCountPercent": 0
      },
      {
        "price": 0.9095,
        "longCountPercent": 5.13,
        "shortCountPercent": 0
      },
      {
        "price": 0.91,
        "longCountPercent": 5.13,
        "shortCountPercent": 8.56
      },
      {
        "price": 0.911,
        "longCountPercent": 0,
        "shortCountPercent": 3.42
      },
      {
        "price": 0.9115,
        "longCountPercent": 13.69,
        "shortCountPercent": 1.71
      },
      {
        "price": 0.912,
        "longCountPercent": 1.71,
        "shortCountPercent": 1.71
      },
      {
        "price": 0.913,
        "longCountPercent": 0,
        "shortCountPercent": 1.71
      },
      {
        "price": 0.914,
        "longCountPercent": 1.71,
        "shortCountPercent": 1.71
      },
      {
        "price": 0.915,
        "longCountPercent": 0,
        "shortCountPercent": 1.71
      },
      {
        "price": 0.916,
        "longCountPercent": 1.71,
        "shortCountPercent": 5.13
      },
      {
        "price": 0.9165,
        "longCountPercent": 0,
        "shortCountPercent": 1.71
      },
      {
        "price": 0.918,
        "longCountPercent": 1.71,
        "shortCountPercent": 1.71
      },
      {
        "price": 0.919,
        "longCountPercent": 1.71,
        "shortCountPercent": 1.71
      },
      {
        "price": 0.92,
        "longCountPercent": 3.42,
        "shortCountPercent": 15.4
      },
      {
        "price": 0.9215,
        "longCountPercent": 0,
        "shortCountPercent": 6.84
      },
      {
        "price": 0.922,
        "longCountPercent": 1.71,
        "shortCountPercent": 1.71
      },
      {
        "price": 0.9225,
        "longCountPercent": 3.42,
        "shortCountPercent": 1.71
      },
      {
        "price": 0.923,
        "longCountPercent": 0,
        "shortCountPercent": 3.42
      },
      {
        "price": 0.924,
        "longCountPercent": 5.13,
        "shortCountPercent": 1.71
      },
      {
        "price": 0.9245,
        "longCountPercent": 1.71,
        "shortCountPercent": 0
      },
      {
        "price": 0.9255,
        "longCountPercent": 0,
        "shortCountPercent": 1.71
      },
      {
        "price": 0.926,
        "longCountPercent": 1.71,
        "shortCountPercent": 10.27
      },
      {
        "price": 0.927,
        "longCountPercent": 0,
        "shortCountPercent": 1.71
      },
      {
        "price": 0.928,
        "longCountPercent": 1.71,
        "shortCountPercent": 6.84
      },
      {
        "price": 0.9285,
        "longCountPercent": 0,
        "shortCountPercent": 1.71
      },
      {
        "price": 0.929,
        "longCountPercent": 0,
        "shortCountPercent": 3.42
      },
      {
        "price": 0.9295,
        "longCountPercent": 0,
        "shortCountPercent": 1.71
      },
      {
        "price": 0.93,
        "longCountPercent": 3.42,
        "shortCountPercent": 8.56
      },
      {
        "price": 0.9305,
        "longCountPercent": 0,
        "shortCountPercent": 6.84
      },
      {
        "price": 0.932,
        "longCountPercent": 0,
        "shortCountPercent": 1.71
      },
      {
        "price": 0.9325,
        "longCountPercent": 0,
        "shortCountPercent": 1.71
      },
      {
        "price": 0.933,
        "longCountPercent": 0,
        "shortCountPercent": 1.71
      },
      {
        "price": 0.9335,
        "longCountPercent": 0,
        "shortCountPercent": 1.71
      },
      {
        "price": 0.934,
        "longCountPercent": 0,
        "shortCountPercent": 1.71
      },
      {
        "price": 0.9345,
        "longCountPercent": 0,
        "shortCountPercent": 1.71
      },
      {
        "price": 0.935,
        "longCountPercent": 0,
        "shortCountPercent": 1.71
      },
      {
        "price": 0.9355,
        "longCountPercent": 0,
        "shortCountPercent": 3.42
      },
      {
        "price": 0.936,
        "longCountPercent": 0,
        "shortCountPercent": 3.42
      },
      {
        "price": 0.9365,
        "longCountPercent": 0,
        "shortCountPercent": 1.71
      },
      {
        "price": 0.938,
        "longCountPercent": 0,
        "shortCountPercent": 3.42
      },
      {
        "price": 0.9395,
        "longCountPercent": 0,
        "shortCountPercent": 1.71
      },
      {
        "price": 0.94,
        "longCountPercent": 1.71,
        "shortCountPercent": 6.84
      },
      {
        "price": 0.9405,
        "longCountPercent": 0,
        "shortCountPercent": 3.42
      },
      {
        "price": 0.941,
        "longCountPercent": 1.71,
        "shortCountPercent": 3.42
      },
      {
        "price": 0.942,
        "longCountPercent": 0,
        "shortCountPercent": 5.13
      },
      {
        "price": 0.943,
        "longCountPercent": 0,
        "shortCountPercent": 1.71
      },
      {
        "price": 0.944,
        "longCountPercent": 0,
        "shortCountPercent": 3.42
      },
      {
        "price": 0.945,
        "longCountPercent": 0,
        "shortCountPercent": 3.42
      },
      {
        "price": 0.9455,
        "longCountPercent": 0,
        "shortCountPercent": 1.71
      },
      {
        "price": 0.946,
        "longCountPercent": 1.71,
        "shortCountPercent": 3.42
      },
      {
        "price": 0.9475,
        "longCountPercent": 1.71,
        "shortCountPercent": 0
      },
      {
        "price": 0.948,
        "longCountPercent": 0,
        "shortCountPercent": 6.84
      },
      {
        "price": 0.949,
        "longCountPercent": 0,
        "shortCountPercent": 1.71
      },
      {
        "price": 0.9495,
        "longCountPercent": 1.71,
        "shortCountPercent": 0
      },
      {
        "price": 0.95,
        "longCountPercent": 3.42,
        "shortCountPercent": 5.13
      },
      {
        "price": 0.9505,
        "longCountPercent": 1.71,
        "shortCountPercent": 1.71
      },
      {
        "price": 0.951,
        "longCountPercent": 1.71,
        "shortCountPercent": 1.71
      },
      {
        "price": 0.952,
        "longCountPercent": 1.71,
        "shortCountPercent": 0
      },
      {
        "price": 0.954,
        "longCountPercent": 1.71,
        "shortCountPercent": 0
      },
      {
        "price": 0.9545,
        "longCountPercent": 0,
        "shortCountPercent": 1.71
      },
      {
        "price": 0.956,
        "longCountPercent": 1.71,
        "shortCountPercent": 0
      },
      {
        "price": 0.9565,
        "longCountPercent": 1.71,
        "shortCountPercent": 0
      },
      {
        "price": 0.957,
        "longCountPercent": 0,
        "shortCountPercent": 1.71
      },
      {
        "price": 0.958,
        "longCountPercent": 1.71,
        "shortCountPercent": 1.71
      },
      {
        "price": 0.96,
        "longCountPercent": 5.13,
        "shortCountPercent": 3.42
      },
      {
        "price": 0.961,
        "longCountPercent": 0,
        "shortCountPercent": 1.71
      },
      {
        "price": 0.962,
        "longCountPercent": 3.42,
        "shortCountPercent": 0
      },
      {
        "price": 0.963,
        "longCountPercent": 1.71,
        "shortCountPercent": 0
      },
      {
        "price": 0.9635,
        "longCountPercent": 164.27,
        "shortCountPercent": 1.71
      },
      {
        "price": 0.964,
        "longCountPercent": 150.58,
        "shortCountPercent": 1.71
      },
      {
        "price": 0.9645,
        "longCountPercent": 123.2,
        "shortCountPercent": 1.71
      },
      {
        "price": 0.965,
        "longCountPercent": 102.67,
        "shortCountPercent": 1.71
      },
      {
        "price": 0.966,
        "longCountPercent": 1.71,
        "shortCountPercent": 0
      },
      {
        "price": 0.967,
        "longCountPercent": 0,
        "shortCountPercent": 1.71
      },
      {
        "price": 0.968,
        "longCountPercent": 1.71,
        "shortCountPercent": 1.71
      },
      {
        "price": 0.97,
        "longCountPercent": 3.42,
        "shortCountPercent": 6.84
      },
      {
        "price": 0.972,
        "longCountPercent": 1.71,
        "shortCountPercent": 3.42
      },
      {
        "price": 0.973,
        "longCountPercent": 1.71,
        "shortCountPercent": 0
      },
      {
        "price": 0.974,
        "longCountPercent": 1.71,
        "shortCountPercent": 0
      },
      {
        "price": 0.9745,
        "longCountPercent": 0,
        "shortCountPercent": 1.71
      },
      {
        "price": 0.9755,
        "longCountPercent": 0,
        "shortCountPercent": 1.71
      },
      {
        "price": 0.9765,
        "longCountPercent": 1.71,
        "shortCountPercent": 0
      },
      {
        "price": 0.9775,
        "longCountPercent": 0,
        "shortCountPercent": 1.71
      },
      {
        "price": 0.9785,
        "longCountPercent": 1.71,
        "shortCountPercent": 0
      },
      {
        "price": 0.98,
        "longCountPercent": 1.71,
        "shortCountPercent": 5.13
      },
      {
        "price": 0.981,
        "longCountPercent": 0,
        "shortCountPercent": 1.71
      },
      {
        "price": 0.9815,
        "longCountPercent": 0,
        "shortCountPercent": 1.71
      },
      {
        "price": 0.9825,
        "longCountPercent": 0,
        "shortCountPercent": 1.71
      },
      {
        "price": 0.985,
        "longCountPercent": 0,
        "shortCountPercent": 3.42
      },
      {
        "price": 0.99,
        "longCountPercent": 17.11,
        "shortCountPercent": 0
      },
      {
        "price": 0.991,
        "longCountPercent": 0,
        "shortCountPercent": 1.71
      },
      {
        "price": 0.9965,
        "longCountPercent": 0,
        "shortCountPercent": 3.42
      },
      {
        "price": 0.9995,
        "longCountPercent": 1.71,
        "shortCountPercent": 0
      },
      {
        "price": 1,
        "longCountPercent": 61.6,
        "shortCountPercent": 30.8
      },
      {
        "price": 1.0045,
        "longCountPercent": 0,
        "shortCountPercent": 3.42
      },
      {
        "price": 1.006,
        "longCountPercent": 0,
        "shortCountPercent": 1.71
      },
      {
        "price": 1.029,
        "longCountPercent": 0,
        "shortCountPercent": 1.71
      },
      {
        "price": 1.0295,
        "longCountPercent": 0,
        "shortCountPercent": 1.71
      },
      {
        "price": 1.0455,
        "longCountPercent": 3.42,
        "shortCountPercent": 0
      },
      {
        "price": 1.048,
        "longCountPercent": 0,
        "shortCountPercent": 1.71
      },
      {
        "price": 1.0525,
        "longCountPercent": 3.42,
        "shortCountPercent": 0
      },
      {
        "price": 1.0615,
        "longCountPercent": 1.71,
        "shortCountPercent": 0
      },
      {
        "price": 1.0655,
        "longCountPercent": 0,
        "shortCountPercent": 1.71
      },
      {
        "price": 1.0735,
        "longCountPercent": 1.71,
        "shortCountPercent": 0
      },
      {
        "price": 1.0745,
        "longCountPercent": 0,
        "shortCountPercent": 1.71
      },
      {
        "price": 1.083,
        "longCountPercent": 0,
        "shortCountPercent": 1.71
      },
      {
        "price": 1.0845,
        "longCountPercent": 0,
        "shortCountPercent": 1.71
      },
      {
        "price": 1.092,
        "longCountPercent": 0,
        "shortCountPercent": 1.71
      },
      {
        "price": 1.0985,
        "longCountPercent": 0,
        "shortCountPercent": 1.71
      },
      {
        "price": 1.114,
        "longCountPercent": 0,
        "shortCountPercent": 1.71
      },
      {
        "price": 1.1165,
        "longCountPercent": 0,
        "shortCountPercent": 1.71
      },
      {
        "price": 1.12,
        "longCountPercent": 0,
        "shortCountPercent": 1.71
      },
      {
        "price": 1.1255,
        "longCountPercent": 0,
        "shortCountPercent": 1.71
      },
      {
        "price": 1.1325,
        "longCountPercent": 0,
        "shortCountPercent": 1.71
      },
      {
        "price": 1.135,
        "longCountPercent": 0,
        "shortCountPercent": 1.71
      },
      {
        "price": 1.1355,
        "longCountPercent": 0,
        "shortCountPercent": 1.71
      },
      {
        "price": 1.1375,
        "longCountPercent": 0,
        "shortCountPercent": 1.71
      },
      {
        "price": 1.1435,
        "longCountPercent": 0,
        "shortCountPercent": 1.71
      },
      {
        "price": 1.15,
        "longCountPercent": 0,
        "shortCountPercent": 3.42
      },
      {
        "price": 1.1525,
        "longCountPercent": 0,
        "shortCountPercent": 1.71
      },
      {
        "price": 1.157,
        "longCountPercent": 0,
        "shortCountPercent": 1.71
      },
      {
        "price": 1.1575,
        "longCountPercent": 0,
        "shortCountPercent": 1.71
      },
      {
        "price": 1.1645,
        "longCountPercent": 0,
        "shortCountPercent": 1.71
      },
      {
        "price": 1.1685,
        "longCountPercent": 0,
        "shortCountPercent": 1.71
      },
      {
        "price": 1.169,
        "longCountPercent": 0,
        "shortCountPercent": 1.71
      },
      {
        "price": 1.1705,
        "longCountPercent": 0,
        "shortCountPercent": 1.71
      },
      {
        "price": 1.172,
        "longCountPercent": 0,
        "shortCountPercent": 1.71
      },
      {
        "price": 1.1765,
        "longCountPercent": 1.71,
        "shortCountPercent": 0
      },
      {
        "price": 1.177,
        "longCountPercent": 0,
        "shortCountPercent": 1.71
      },
      {
        "price": 1.186,
        "longCountPercent": 0,
        "shortCountPercent": 1.71
      },
      {
        "price": 1.19,
        "longCountPercent": 0,
        "shortCountPercent": 1.71
      },
      {
        "price": 1.1905,
        "longCountPercent": 0,
        "shortCountPercent": 1.71
      },
      {
        "price": 1.21,
        "longCountPercent": 0,
        "shortCountPercent": 1.71
      },
      {
        "price": 1.2115,
        "longCountPercent": 0,
        "shortCountPercent": 1.71
      },
      {
        "price": 1.214,
        "longCountPercent": 0,
        "shortCountPercent": 1.71
      },
      {
        "price": 1.2175,
        "longCountPercent": 0,
        "shortCountPercent": 1.71
      },
      {
        "price": 1.219,
        "longCountPercent": 0,
        "shortCountPercent": 1.71
      },
      {
        "price": 1.22,
        "longCountPercent": 0,
        "shortCountPercent": 8.56
      },
      {
        "price": 1.229,
        "longCountPercent": 0,
        "shortCountPercent": 1.71
      },
      {
        "price": 1.23,
        "longCountPercent": 0,
        "shortCountPercent": 1.71
      },
      {
        "price": 1.232,
        "longCountPercent": 1.71,
        "shortCountPercent": 0
      },
      {
        "price": 1.24,
        "longCountPercent": 0,
        "shortCountPercent": 1.71
      },
      {
        "price": 1.2405,
        "longCountPercent": 0,
        "shortCountPercent": 1.71
      },
      {
        "price": 1.247,
        "longCountPercent": 0,
        "shortCountPercent": 1.71
      },
      {
        "price": 1.2475,
        "longCountPercent": 0,
        "shortCountPercent": 1.71
      },
      {
        "price": 1.248,
        "longCountPercent": 0,
        "shortCountPercent": 1.71
      },
      {
        "price": 1.2495,
        "longCountPercent": 0,
        "shortCountPercent": 1.71
      },
      {
        "price": 1.25,
        "longCountPercent": 0,
        "shortCountPercent": 1.71
      },
      {
        "price": 1.254,
        "longCountPercent": 0,
        "shortCountPercent": 1.71
      },
      {
        "price": 1.256,
        "longCountPercent": 0,
        "shortCountPercent": 1.71
      },
      {
        "price": 1.26,
        "longCountPercent": 0,
        "shortCountPercent": 6.84
      },
      {
        "price": 1.267,
        "longCountPercent": 0,
        "shortCountPercent": 1.71
      },
      {
        "price": 1.2685,
        "longCountPercent": 0,
        "shortCountPercent": 1.71
      },
      {
        "price": 1.2715,
        "longCountPercent": 0,
        "shortCountPercent": 1.71
      },
      {
        "price": 1.2745,
        "longCountPercent": 0,
        "shortCountPercent": 1.71
      },
      {
        "price": 1.2775,
        "longCountPercent": 1.71,
        "shortCountPercent": 0
      },
      {
        "price": 1.283,
        "longCountPercent": 0,
        "shortCountPercent": 1.71
      },
      {
        "price": 1.2835,
        "longCountPercent": 0,
        "shortCountPercent": 1.71
      },
      {
        "price": 1.286,
        "longCountPercent": 0,
        "shortCountPercent": 1.71
      },
      {
        "price": 1.2875,
        "longCountPercent": 0,
        "shortCountPercent": 1.71
      },
      {
        "price": 1.29,
        "longCountPercent": 0,
        "shortCountPercent": 1.71
      },
      {
        "price": 1.3,
        "longCountPercent": 0,
        "shortCountPercent": 1.71
      },
      {
        "price": 1.302,
        "longCountPercent": 0,
        "shortCountPercent": 1.71
      },
      {
        "price": 1.3075,
        "longCountPercent": 0,
        "shortCountPercent": 1.71
      },
      {
        "price": 1.3085,
        "longCountPercent": 0,
        "shortCountPercent": 1.71
      },
      {
        "price": 1.31,
        "longCountPercent": 0,
        "shortCountPercent": 3.42
      },
      {
        "price": 1.317,
        "longCountPercent": 0,
        "shortCountPercent": 1.71
      },
      {
        "price": 1.32,
        "longCountPercent": 0,
        "shortCountPercent": 1.71
      },
      {
        "price": 1.3275,
        "longCountPercent": 0,
        "shortCountPercent": 1.71
      },
      {
        "price": 1.3305,
        "longCountPercent": 0,
        "shortCountPercent": 1.71
      },
      {
        "price": 1.336,
        "longCountPercent": 0,
        "shortCountPercent": 1.71
      },
      {
        "price": 1.3445,
        "longCountPercent": 0,
        "shortCountPercent": 3.42
      },
      {
        "price": 1.35,
        "longCountPercent": 0,
        "shortCountPercent": 1.71
      },
      {
        "price": 1.355,
        "longCountPercent": 0,
        "shortCountPercent": 1.71
      },
      {
        "price": 1.358,
        "longCountPercent": 0,
        "shortCountPercent": 1.71
      },
      {
        "price": 1.36,
        "longCountPercent": 1.71,
        "shortCountPercent": 0
      },
      {
        "price": 1.3635,
        "longCountPercent": 1.71,
        "shortCountPercent": 0
      },
      {
        "price": 1.3655,
        "longCountPercent": 0,
        "shortCountPercent": 1.71
      },
      {
        "price": 1.366,
        "longCountPercent": 1.71,
        "shortCountPercent": 0
      },
      {
        "price": 1.371,
        "longCountPercent": 1.71,
        "shortCountPercent": 0
      },
      {
        "price": 1.3745,
        "longCountPercent": 1.71,
        "shortCountPercent": 0
      },
      {
        "price": 1.3785,
        "longCountPercent": 0,
        "shortCountPercent": 1.71
      },
      {
        "price": 1.386,
        "longCountPercent": 0,
        "shortCountPercent": 1.71
      },
      {
        "price": 1.387,
        "longCountPercent": 0,
        "shortCountPercent": 1.71
      },
      {
        "price": 1.402,
        "longCountPercent": 0,
        "shortCountPercent": 1.71
      },
      {
        "price": 1.404,
        "longCountPercent": 0,
        "shortCountPercent": 1.71
      },
      {
        "price": 1.416,
        "longCountPercent": 0,
        "shortCountPercent": 1.71
      },
      {
        "price": 1.4175,
        "longCountPercent": 0,
        "shortCountPercent": 1.71
      },
      {
        "price": 1.4195,
        "longCountPercent": 0,
        "shortCountPercent": 1.71
      },
      {
        "price": 1.431,
        "longCountPercent": 0,
        "shortCountPercent": 1.71
      },
      {
        "price": 1.434,
        "longCountPercent": 0,
        "shortCountPercent": 1.71
      },
      {
        "price": 1.44,
        "longCountPercent": 0,
        "shortCountPercent": 1.71
      },
      {
        "price": 1.4445,
        "longCountPercent": 0,
        "shortCountPercent": 1.71
      },
      {
        "price": 1.446,
        "longCountPercent": 0,
        "shortCountPercent": 1.71
      },
      {
        "price": 1.451,
        "longCountPercent": 0,
        "shortCountPercent": 1.71
      },
      {
        "price": 1.4615,
        "longCountPercent": 0,
        "shortCountPercent": 1.71
      },
      {
        "price": 1.4675,
        "longCountPercent": 0,
        "shortCountPercent": 1.71
      },
      {
        "price": 1.5,
        "longCountPercent": 1.71,
        "shortCountPercent": 0
      },
      {
        "price": 1.508,
        "longCountPercent": 0,
        "shortCountPercent": 1.71
      },
      {
        "price": 1.6,
        "longCountPercent": 1.71,
        "shortCountPercent": 0
      },
      {
        "price": 1.6105,
        "longCountPercent": 0,
        "shortCountPercent": 1.71
      },
      {
        "price": 1.6505,
        "longCountPercent": 0,
        "shortCountPercent": 1.71
      },
      {
        "price": 1.6595,
        "longCountPercent": 0,
        "shortCountPercent": 1.71
      },
      {
        "price": 1.7325,
        "longCountPercent": 0,
        "shortCountPercent": 1.71
      },
      {
        "price": 1.877,
        "longCountPercent": 0,
        "shortCountPercent": 1.71
      },
      {
        "price": 1.9765,
        "longCountPercent": 0,
        "shortCountPercent": 1.71
      },
      {
        "price": 2,
        "longCountPercent": 18.82,
        "shortCountPercent": 15.4
      },
      {
        "price": 2.3135,
        "longCountPercent": 5.13,
        "shortCountPercent": 0
      },
      {
        "price": 2.3975,
        "longCountPercent": 5.13,
        "shortCountPercent": 0
      },
      {
        "price": 2.3985,
        "longCountPercent": 1.71,
        "shortCountPercent": 0
      },
      {
        "price": 2.99,
        "longCountPercent": 0,
        "shortCountPercent": 1.71
      },
      {
        "price": 3,
        "longCountPercent": 1.71,
        "shortCountPercent": 1.71
      },
      {
        "price": 3.902,
        "longCountPercent": 0,
        "shortCountPercent": 1.71
      },
      {
        "price": 4,
        "longCountPercent": 1.71,
        "shortCountPercent": 0
      },
      {
        "price": 5,
        "longCountPercent": 10.27,
        "shortCountPercent": 8.56
      },
      {
        "price": 6.36,
        "longCountPercent": 0,
        "shortCountPercent": 1.71
      },
      {
        "price": 6.5,
        "longCountPercent": 0,
        "shortCountPercent": 1.71
      },
      {
        "price": 7,
        "longCountPercent": 0,
        "shortCountPercent": 1.71
      },
      {
        "price": 7.5315,
        "longCountPercent": 0,
        "shortCountPercent": 1.71
      },
      {
        "price": 8,
        "longCountPercent": 0,
        "shortCountPercent": 1.71
      },
      {
        "price": 8.7,
        "longCountPercent": 0,
        "shortCountPercent": 1.71
      },
      {
        "price": 9,
        "longCountPercent": 1.71,
        "shortCountPercent": 0
      },
      {
        "price": 9.8145,
        "longCountPercent": 0,
        "shortCountPercent": 1.71
      },
      {
        "price": 10,
        "longCountPercent": 3.42,
        "shortCountPercent": 8.56
      },
      {
        "price": 13,
        "longCountPercent": 0,
        "shortCountPercent": 1.71
      },
      {
        "price": 15,
        "longCountPercent": 0,
        "shortCountPercent": 1.71
      },
      {
        "price": 18,
        "longCountPercent": 0,
        "shortCountPercent": 1.71
      },
      {
        "price": 19,
        "longCountPercent": 0,
        "shortCountPercent": 1.71
      },
      {
        "price": 20,
        "longCountPercent": 3.42,
        "shortCountPercent": 1.71
      },
      {
        "price": 24,
        "longCountPercent": 1.71,
        "shortCountPercent": 0
      },
      {
        "price": 25,
        "longCountPercent": 0,
        "shortCountPercent": 3.42
      },
      {
        "price": 30,
        "longCountPercent": 1.71,
        "shortCountPercent": 0
      },
      {
        "price": 50,
        "longCountPercent": 0,
        "shortCountPercent": 3.42
      },
      {
        "price": 65,
        "longCountPercent": 0,
        "shortCountPercent": 1.71
      },
      {
        "price": 77,
        "longCountPercent": 0,
        "shortCountPercent": 1.71
      },
      {
        "price": 80,
        "longCountPercent": 0,
        "shortCountPercent": 3.42
      },
      {
        "price": 100,
        "longCountPercent": 1.71,
        "shortCountPercent": 1.71
      },
      {
        "price": 120.3865,
        "longCountPercent": 1.71,
        "shortCountPercent": 0
      },
      {
        "price": 161,
        "longCountPercent": 0,
        "shortCountPercent": 1.71
      },
      {
        "price": 200,
        "longCountPercent": 0,
        "shortCountPercent": 5.13
      },
      {
        "price": 233,
        "longCountPercent": 1.71,
        "shortCountPercent": 0
      },
      {
        "price": 866,
        "longCountPercent": 0,
        "shortCountPercent": 1.71
      },
      {
        "price": 1000,
        "longCountPercent": 1.71,
        "shortCountPercent": 1.71
      },
      {
        "price": 3642,
        "longCountPercent": 1.71,
        "shortCountPercent": 0
      },
      {
        "price": 8290,
        "longCountPercent": 1.71,
        "shortCountPercent": 0
      },
      {
        "price": 8349,
        "longCountPercent": 1.71,
        "shortCountPercent": 0
      },
      {
        "price": 8576,
        "longCountPercent": 1.71,
        "shortCountPercent": 0
      }
    ],
    "region": "-",
    "division": "-",
    "dataSource": "-",
    "snapshot": "12月17日 7時00分",
    "lastupdate": "12月17日 7時30分",
    "longPercent": 48.47,
    "shortPercent": 51.53
  },
  "positionBook": {
    "price": 0.87532,
    "bucketWidth": "0.0005",
    "buckets": [
      {
        "price": 0.613,
        "longCountPercent": 1.5,
        "shortCountPercent": 0
      },
      {
        "price": 0.694,
        "longCountPercent": 0,
        "shortCountPercent": 1.5
      },
      {
        "price": 0.695,
        "longCountPercent": 0,
        "shortCountPercent": 1.5
      },
      {
        "price": 0.7075,
        "longCountPercent": 0,
        "shortCountPercent": 1.5
      },
      {
        "price": 0.7115,
        "longCountPercent": 0,
        "shortCountPercent": 1.5
      },
      {
        "price": 0.7145,
        "longCountPercent": 1.5,
        "shortCountPercent": 0
      },
      {
        "price": 0.7175,
        "longCountPercent": 0,
        "shortCountPercent": 1.5
      },
      {
        "price": 0.7185,
        "longCountPercent": 0,
        "shortCountPercent": 1.5
      },
      {
        "price": 0.7205,
        "longCountPercent": 0,
        "shortCountPercent": 1.5
      },
      {
        "price": 0.721,
        "longCountPercent": 0,
        "shortCountPercent": 3
      },
      {
        "price": 0.724,
        "longCountPercent": 0,
        "shortCountPercent": 1.5
      },
      {
        "price": 0.733,
        "longCountPercent": 0,
        "shortCountPercent": 1.5
      },
      {
        "price": 0.7335,
        "longCountPercent": 0,
        "shortCountPercent": 1.5
      },
      {
        "price": 0.7415,
        "longCountPercent": 0,
        "shortCountPercent": 1.5
      },
      {
        "price": 0.742,
        "longCountPercent": 0,
        "shortCountPercent": 3
      },
      {
        "price": 0.743,
        "longCountPercent": 0,
        "shortCountPercent": 1.5
      },
      {
        "price": 0.7455,
        "longCountPercent": 0,
        "shortCountPercent": 1.5
      },
      {
        "price": 0.747,
        "longCountPercent": 0,
        "shortCountPercent": 1.5
      },
      {
        "price": 0.749,
        "longCountPercent": 0,
        "shortCountPercent": 1.5
      },
      {
        "price": 0.75,
        "longCountPercent": 0,
        "shortCountPercent": 3
      },
      {
        "price": 0.751,
        "longCountPercent": 0,
        "shortCountPercent": 1.5
      },
      {
        "price": 0.7655,
        "longCountPercent": 0,
        "shortCountPercent": 1.5
      },
      {
        "price": 0.7675,
        "longCountPercent": 0,
        "shortCountPercent": 1.5
      },
      {
        "price": 0.7795,
        "longCountPercent": 0,
        "shortCountPercent": 1.5
      },
      {
        "price": 0.78,
        "longCountPercent": 0,
        "shortCountPercent": 1.5
      },
      {
        "price": 0.785,
        "longCountPercent": 1.5,
        "shortCountPercent": 0
      },
      {
        "price": 0.789,
        "longCountPercent": 0,
        "shortCountPercent": 1.5
      },
      {
        "price": 0.799,
        "longCountPercent": 1.5,
        "shortCountPercent": 0
      },
      {
        "price": 0.808,
        "longCountPercent": 0,
        "shortCountPercent": 1.5
      },
      {
        "price": 0.8095,
        "longCountPercent": 0,
        "shortCountPercent": 1.5
      },
      {
        "price": 0.8135,
        "longCountPercent": 1.5,
        "shortCountPercent": 0
      },
      {
        "price": 0.8145,
        "longCountPercent": 0,
        "shortCountPercent": 1.5
      },
      {
        "price": 0.815,
        "longCountPercent": 0,
        "shortCountPercent": 1.5
      },
      {
        "price": 0.8215,
        "longCountPercent": 0,
        "shortCountPercent": 1.5
      },
      {
        "price": 0.8225,
        "longCountPercent": 0,
        "shortCountPercent": 3
      },
      {
        "price": 0.823,
        "longCountPercent": 0,
        "shortCountPercent": 4.5
      },
      {
        "price": 0.8235,
        "longCountPercent": 3,
        "shortCountPercent": 1.5
      },
      {
        "price": 0.824,
        "longCountPercent": 1.5,
        "shortCountPercent": 6
      },
      {
        "price": 0.8245,
        "longCountPercent": 0,
        "shortCountPercent": 10.49
      },
      {
        "price": 0.825,
        "longCountPercent": 1.5,
        "shortCountPercent": 14.99
      },
      {
        "price": 0.8255,
        "longCountPercent": 1.5,
        "shortCountPercent": 7.49
      },
      {
        "price": 0.826,
        "longCountPercent": 4.5,
        "shortCountPercent": 7.49
      },
      {
        "price": 0.8265,
        "longCountPercent": 1.5,
        "shortCountPercent": 11.99
      },
      {
        "price": 0.827,
        "longCountPercent": 0,
        "shortCountPercent": 3
      },
      {
        "price": 0.8275,
        "longCountPercent": 4.5,
        "shortCountPercent": 4.5
      },
      {
        "price": 0.828,
        "longCountPercent": 8.99,
        "shortCountPercent": 14.99
      },
      {
        "price": 0.8285,
        "longCountPercent": 3,
        "shortCountPercent": 19.48
      },
      {
        "price": 0.829,
        "longCountPercent": 1.5,
        "shortCountPercent": 8.99
      },
      {
        "price": 0.8295,
        "longCountPercent": 8.99,
        "shortCountPercent": 16.49
      },
      {
        "price": 0.83,
        "longCountPercent": 7.49,
        "shortCountPercent": 13.49
      },
      {
        "price": 0.8305,
        "longCountPercent": 7.49,
        "shortCountPercent": 20.98
      },
      {
        "price": 0.831,
        "longCountPercent": 8.99,
        "shortCountPercent": 16.49
      },
      {
        "price": 0.8315,
        "longCountPercent": 11.99,
        "shortCountPercent": 22.48
      },
      {
        "price": 0.832,
        "longCountPercent": 14.99,
        "shortCountPercent": 16.49
      },
      {
        "price": 0.8325,
        "longCountPercent": 13.49,
        "shortCountPercent": 25.48
      },
      {
        "price": 0.833,
        "longCountPercent": 17.99,
        "shortCountPercent": 28.48
      },
      {
        "price": 0.8335,
        "longCountPercent": 8.99,
        "shortCountPercent": 22.48
      },
      {
        "price": 0.834,
        "longCountPercent": 16.49,
        "shortCountPercent": 22.48
      },
      {
        "price": 0.8345,
        "longCountPercent": 6,
        "shortCountPercent": 17.99
      },
      {
        "price": 0.835,
        "longCountPercent": 8.99,
        "shortCountPercent": 22.48
      },
      {
        "price": 0.8355,
        "longCountPercent": 8.99,
        "shortCountPercent": 11.99
      },
      {
        "price": 0.836,
        "longCountPercent": 10.49,
        "shortCountPercent": 13.49
      },
      {
        "price": 0.8365,
        "longCountPercent": 0,
        "shortCountPercent": 10.49
      },
      {
        "price": 0.837,
        "longCountPercent": 0,
        "shortCountPercent": 17.99
      },
      {
        "price": 0.8375,
        "longCountPercent": 4.5,
        "shortCountPercent": 16.49
      },
      {
        "price": 0.838,
        "longCountPercent": 8.99,
        "shortCountPercent": 10.49
      },
      {
        "price": 0.8385,
        "longCountPercent": 6,
        "shortCountPercent": 10.49
      },
      {
        "price": 0.839,
        "longCountPercent": 10.49,
        "shortCountPercent": 7.49
      },
      {
        "price": 0.8395,
        "longCountPercent": 3,
        "shortCountPercent": 20.98
      },
      {
        "price": 0.84,
        "longCountPercent": 7.49,
        "shortCountPercent": 22.48
      },
      {
        "price": 0.8405,
        "longCountPercent": 7.49,
        "shortCountPercent": 20.98
      },
      {
        "price": 0.841,
        "longCountPercent": 14.99,
        "shortCountPercent": 26.98
      },
      {
        "price": 0.8415,
        "longCountPercent": 14.99,
        "shortCountPercent": 19.48
      },
      {
        "price": 0.842,
        "longCountPercent": 16.49,
        "shortCountPercent": 31.47
      },
      {
        "price": 0.8425,
        "longCountPercent": 6,
        "shortCountPercent": 46.46
      },
      {
        "price": 0.843,
        "longCountPercent": 8.99,
        "shortCountPercent": 17.99
      },
      {
        "price": 0.8435,
        "longCountPercent": 8.99,
        "shortCountPercent": 11.99
      },
      {
        "price": 0.844,
        "longCountPercent": 11.99,
        "shortCountPercent": 16.49
      },
      {
        "price": 0.8445,
        "longCountPercent": 7.49,
        "shortCountPercent": 17.99
      },
      {
        "price": 0.845,
        "longCountPercent": 13.49,
        "shortCountPercent": 29.98
      },
      {
        "price": 0.8455,
        "longCountPercent": 8.99,
        "shortCountPercent": 32.97
      },
      {
        "price": 0.846,
        "longCountPercent": 6,
        "shortCountPercent": 26.98
      },
      {
        "price": 0.8465,
        "longCountPercent": 8.99,
        "shortCountPercent": 20.98
      },
      {
        "price": 0.847,
        "longCountPercent": 14.99,
        "shortCountPercent": 20.98
      },
      {
        "price": 0.8475,
        "longCountPercent": 16.49,
        "shortCountPercent": 19.48
      },
      {
        "price": 0.848,
        "longCountPercent": 8.99,
        "shortCountPercent": 22.48
      },
      {
        "price": 0.8485,
        "longCountPercent": 6,
        "shortCountPercent": 6
      },
      {
        "price": 0.849,
        "longCountPercent": 8.99,
        "shortCountPercent": 16.49
      },
      {
        "price": 0.8495,
        "longCountPercent": 7.49,
        "shortCountPercent": 13.49
      },
      {
        "price": 0.85,
        "longCountPercent": 7.49,
        "shortCountPercent": 23.98
      },
      {
        "price": 0.8505,
        "longCountPercent": 6,
        "shortCountPercent": 22.48
      },
      {
        "price": 0.851,
        "longCountPercent": 7.49,
        "shortCountPercent": 28.48
      },
      {
        "price": 0.8515,
        "longCountPercent": 19.48,
        "shortCountPercent": 26.98
      },
      {
        "price": 0.852,
        "longCountPercent": 13.49,
        "shortCountPercent": 20.98
      },
      {
        "price": 0.8525,
        "longCountPercent": 16.49,
        "shortCountPercent": 34.47
      },
      {
        "price": 0.853,
        "longCountPercent": 20.98,
        "shortCountPercent": 29.98
      },
      {
        "price": 0.8535,
        "longCountPercent": 17.99,
        "shortCountPercent": 35.97
      },
      {
        "price": 0.854,
        "longCountPercent": 14.99,
        "shortCountPercent": 41.97
      },
      {
        "price": 0.8545,
        "longCountPercent": 25.48,
        "shortCountPercent": 44.96
      },
      {
        "price": 0.855,
        "longCountPercent": 13.49,
        "shortCountPercent": 41.97
      },
      {
        "price": 0.8555,
        "longCountPercent": 25.48,
        "shortCountPercent": 37.47
      },
      {
        "price": 0.856,
        "longCountPercent": 25.48,
        "shortCountPercent": 37.47
      },
      {
        "price": 0.8565,
        "longCountPercent": 14.99,
        "shortCountPercent": 31.47
      },
      {
        "price": 0.857,
        "longCountPercent": 17.99,
        "shortCountPercent": 35.97
      },
      {
        "price": 0.8575,
        "longCountPercent": 32.97,
        "shortCountPercent": 43.47
      },
      {
        "price": 0.858,
        "longCountPercent": 14.99,
        "shortCountPercent": 41.97
      },
      {
        "price": 0.8585,
        "longCountPercent": 26.98,
        "shortCountPercent": 17.99
      },
      {
        "price": 0.859,
        "longCountPercent": 11.99,
        "shortCountPercent": 22.48
      },
      {
        "price": 0.8595,
        "longCountPercent": 19.48,
        "shortCountPercent": 17.99
      },
      {
        "price": 0.86,
        "longCountPercent": 22.48,
        "shortCountPercent": 40.47
      },
      {
        "price": 0.8605,
        "longCountPercent": 11.99,
        "shortCountPercent": 31.47
      },
      {
        "price": 0.861,
        "longCountPercent": 14.99,
        "shortCountPercent": 43.47
      },
      {
        "price": 0.8615,
        "longCountPercent": 4.5,
        "shortCountPercent": 34.47
      },
      {
        "price": 0.862,
        "longCountPercent": 8.99,
        "shortCountPercent": 32.97
      },
      {
        "price": 0.8625,
        "longCountPercent": 17.99,
        "shortCountPercent": 58.45
      },
      {
        "price": 0.863,
        "longCountPercent": 7.49,
        "shortCountPercent": 23.98
      },
      {
        "price": 0.8635,
        "longCountPercent": 10.49,
        "shortCountPercent": 46.46
      },
      {
        "price": 0.864,
        "longCountPercent": 8.99,
        "shortCountPercent": 49.46
      },
      {
        "price": 0.8645,
        "longCountPercent": 13.49,
        "shortCountPercent": 47.96
      },
      {
        "price": 0.865,
        "longCountPercent": 13.49,
        "shortCountPercent": 53.96
      },
      {
        "price": 0.8655,
        "longCountPercent": 16.49,
        "shortCountPercent": 47.96
      },
      {
        "price": 0.866,
        "longCountPercent": 11.99,
        "shortCountPercent": 46.46
      },
      {
        "price": 0.8665,
        "longCountPercent": 8.99,
        "shortCountPercent": 46.46
      },
      {
        "price": 0.867,
        "longCountPercent": 23.98,
        "shortCountPercent": 41.97
      },
      {
        "price": 0.8675,
        "longCountPercent": 10.49,
        "shortCountPercent": 52.46
      },
      {
        "price": 0.868,
        "longCountPercent": 14.99,
        "shortCountPercent": 56.95
      },
      {
        "price": 0.8685,
        "longCountPercent": 14.99,
        "shortCountPercent": 52.46
      },
      {
        "price": 0.869,
        "longCountPercent": 19.48,
        "shortCountPercent": 56.95
      },
      {
        "price": 0.8695,
        "longCountPercent": 10.49,
        "shortCountPercent": 59.95
      },
      {
        "price": 0.87,
        "longCountPercent": 11.99,
        "shortCountPercent": 44.96
      },
      {
        "price": 0.8705,
        "longCountPercent": 13.49,
        "shortCountPercent": 46.46
      },
      {
        "price": 0.871,
        "longCountPercent": 17.99,
        "shortCountPercent": 61.45
      },
      {
        "price": 0.8715,
        "longCountPercent": 16.49,
        "shortCountPercent": 52.46
      },
      {
        "price": 0.872,
        "longCountPercent": 13.49,
        "shortCountPercent": 61.45
      },
      {
        "price": 0.8725,
        "longCountPercent": 17.99,
        "shortCountPercent": 86.93
      },
      {
        "price": 0.873,
        "longCountPercent": 32.97,
        "shortCountPercent": 91.43
      },
      {
        "price": 0.8735,
        "longCountPercent": 59.95,
        "shortCountPercent": 286.27
      },
      {
        "price": 0.874,
        "longCountPercent": 61.45,
        "shortCountPercent": 262.29
      },
      {
        "price": 0.8745,
        "longCountPercent": 52.46,
        "shortCountPercent": 244.3
      },
      {
        "price": 0.875,
        "longCountPercent": 169.36,
        "shortCountPercent": 298.26
      },
      {
        "price": 0.8755,
        "longCountPercent": 191.85,
        "shortCountPercent": 200.84
      },
      {
        "price": 0.876,
        "longCountPercent": 167.87,
        "shortCountPercent": 176.86
      },
      {
        "price": 0.8765,
        "longCountPercent": 155.88,
        "shortCountPercent": 281.77
      },
      {
        "price": 0.877,
        "longCountPercent": 134.89,
        "shortCountPercent": 208.33
      },
      {
        "price": 0.8775,
        "longCountPercent": 122.9,
        "shortCountPercent": 265.29
      },
      {
        "price": 0.878,
        "longCountPercent": 176.86,
        "shortCountPercent": 280.28
      },
      {
        "price": 0.8785,
        "longCountPercent": 206.83,
        "shortCountPercent": 239.81
      },
      {
        "price": 0.879,
        "longCountPercent": 121.4,
        "shortCountPercent": 61.45
      },
      {
        "price": 0.8795,
        "longCountPercent": 161.87,
        "shortCountPercent": 88.43
      },
      {
        "price": 0.88,
        "longCountPercent": 107.91,
        "shortCountPercent": 32.97
      },
      {
        "price": 0.8805,
        "longCountPercent": 62.95,
        "shortCountPercent": 37.47
      },
      {
        "price": 0.881,
        "longCountPercent": 47.96,
        "shortCountPercent": 10.49
      },
      {
        "price": 0.8815,
        "longCountPercent": 38.97,
        "shortCountPercent": 37.47
      },
      {
        "price": 0.882,
        "longCountPercent": 32.97,
        "shortCountPercent": 13.49
      },
      {
        "price": 0.8825,
        "longCountPercent": 25.48,
        "shortCountPercent": 13.49
      },
      {
        "price": 0.883,
        "longCountPercent": 22.48,
        "shortCountPercent": 14.99
      },
      {
        "price": 0.8835,
        "longCountPercent": 73.44,
        "shortCountPercent": 14.99
      },
      {
        "price": 0.884,
        "longCountPercent": 71.94,
        "shortCountPercent": 8.99
      },
      {
        "price": 0.8845,
        "longCountPercent": 110.91,
        "shortCountPercent": 11.99
      },
      {
        "price": 0.885,
        "longCountPercent": 13.49,
        "shortCountPercent": 6
      },
      {
        "price": 0.8855,
        "longCountPercent": 23.98,
        "shortCountPercent": 4.5
      },
      {
        "price": 0.886,
        "longCountPercent": 55.46,
        "shortCountPercent": 4.5
      },
      {
        "price": 0.8865,
        "longCountPercent": 14.99,
        "shortCountPercent": 3
      },
      {
        "price": 0.887,
        "longCountPercent": 10.49,
        "shortCountPercent": 3
      },
      {
        "price": 0.8875,
        "longCountPercent": 10.49,
        "shortCountPercent": 3
      },
      {
        "price": 0.888,
        "longCountPercent": 8.99,
        "shortCountPercent": 6
      },
      {
        "price": 0.8885,
        "longCountPercent": 4.5,
        "shortCountPercent": 3
      },
      {
        "price": 0.889,
        "longCountPercent": 0,
        "shortCountPercent": 4.5
      },
      {
        "price": 0.8895,
        "longCountPercent": 1.5,
        "shortCountPercent": 1.5
      },
      {
        "price": 0.89,
        "longCountPercent": 6,
        "shortCountPercent": 1.5
      },
      {
        "price": 0.8905,
        "longCountPercent": 3,
        "shortCountPercent": 8.99
      },
      {
        "price": 0.891,
        "longCountPercent": 4.5,
        "shortCountPercent": 1.5
      },
      {
        "price": 0.8915,
        "longCountPercent": 4.5,
        "shortCountPercent": 1.5
      },
      {
        "price": 0.892,
        "longCountPercent": 17.99,
        "shortCountPercent": 1.5
      },
      {
        "price": 0.8925,
        "longCountPercent": 4.5,
        "shortCountPercent": 0
      },
      {
        "price": 0.893,
        "longCountPercent": 3,
        "shortCountPercent": 0
      },
      {
        "price": 0.8935,
        "longCountPercent": 3,
        "shortCountPercent": 0
      },
      {
        "price": 0.894,
        "longCountPercent": 4.5,
        "shortCountPercent": 0
      },
      {
        "price": 0.8945,
        "longCountPercent": 3,
        "shortCountPercent": 0
      },
      {
        "price": 0.8955,
        "longCountPercent": 3,
        "shortCountPercent": 6
      },
      {
        "price": 0.896,
        "longCountPercent": 1.5,
        "shortCountPercent": 0
      },
      {
        "price": 0.8965,
        "longCountPercent": 7.49,
        "shortCountPercent": 1.5
      },
      {
        "price": 0.897,
        "longCountPercent": 6,
        "shortCountPercent": 0
      },
      {
        "price": 0.8975,
        "longCountPercent": 4.5,
        "shortCountPercent": 0
      },
      {
        "price": 0.8985,
        "longCountPercent": 0,
        "shortCountPercent": 1.5
      },
      {
        "price": 0.8995,
        "longCountPercent": 0,
        "shortCountPercent": 6
      },
      {
        "price": 0.9,
        "longCountPercent": 1.5,
        "shortCountPercent": 0
      },
      {
        "price": 0.9005,
        "longCountPercent": 1.5,
        "shortCountPercent": 0
      },
      {
        "price": 0.901,
        "longCountPercent": 1.5,
        "shortCountPercent": 0
      },
      {
        "price": 0.902,
        "longCountPercent": 3,
        "shortCountPercent": 3
      },
      {
        "price": 0.903,
        "longCountPercent": 7.49,
        "shortCountPercent": 0
      },
      {
        "price": 0.9035,
        "longCountPercent": 1.5,
        "shortCountPercent": 0
      },
      {
        "price": 0.9045,
        "longCountPercent": 3,
        "shortCountPercent": 3
      },
      {
        "price": 0.905,
        "longCountPercent": 0,
        "shortCountPercent": 3
      },
      {
        "price": 0.9055,
        "longCountPercent": 0,
        "shortCountPercent": 3
      },
      {
        "price": 0.906,
        "longCountPercent": 1.5,
        "shortCountPercent": 4.5
      },
      {
        "price": 0.9065,
        "longCountPercent": 1.5,
        "shortCountPercent": 1.5
      },
      {
        "price": 0.907,
        "longCountPercent": 0,
        "shortCountPercent": 1.5
      },
      {
        "price": 0.909,
        "longCountPercent": 0,
        "shortCountPercent": 1.5
      },
      {
        "price": 0.9095,
        "longCountPercent": 1.5,
        "shortCountPercent": 1.5
      },
      {
        "price": 0.9105,
        "longCountPercent": 0,
        "shortCountPercent": 1.5
      },
      {
        "price": 0.911,
        "longCountPercent": 1.5,
        "shortCountPercent": 1.5
      },
      {
        "price": 0.912,
        "longCountPercent": 0,
        "shortCountPercent": 3
      },
      {
        "price": 0.9125,
        "longCountPercent": 0,
        "shortCountPercent": 1.5
      },
      {
        "price": 0.9145,
        "longCountPercent": 0,
        "shortCountPercent": 4.5
      },
      {
        "price": 0.915,
        "longCountPercent": 1.5,
        "shortCountPercent": 0
      },
      {
        "price": 0.9155,
        "longCountPercent": 1.5,
        "shortCountPercent": 0
      },
      {
        "price": 0.9175,
        "longCountPercent": 1.5,
        "shortCountPercent": 0
      },
      {
        "price": 0.919,
        "longCountPercent": 1.5,
        "shortCountPercent": 0
      },
      {
        "price": 0.92,
        "longCountPercent": 0,
        "shortCountPercent": 1.5
      },
      {
        "price": 0.9205,
        "longCountPercent": 0,
        "shortCountPercent": 1.5
      },
      {
        "price": 0.9235,
        "longCountPercent": 0,
        "shortCountPercent": 1.5
      },
      {
        "price": 0.924,
        "longCountPercent": 0,
        "shortCountPercent": 1.5
      },
      {
        "price": 0.9375,
        "longCountPercent": 3,
        "shortCountPercent": 0
      },
      {
        "price": 0.938,
        "longCountPercent": 1.5,
        "shortCountPercent": 0
      },
      {
        "price": 0.94,
        "longCountPercent": 4.5,
        "shortCountPercent": 0
      },
      {
        "price": 0.947,
        "longCountPercent": 1.5,
        "shortCountPercent": 0
      },
      {
        "price": 0.9485,
        "longCountPercent": 1.5,
        "shortCountPercent": 0
      },
      {
        "price": 0.968,
        "longCountPercent": 1.5,
        "shortCountPercent": 0
      }
    ],
    "region": "-",
    "division": "-",
    "dataSource": "-",
    "snapshot": "12月17日 7時00分",
    "lastupdate": "12月17日 7時30分",
    "longPercent": 38.18,
    "shortPercent": 61.82
  }
}