{
  "orderBook": [],
  "positionBook": {
    "price": 0.93542,
    "bucketWidth": "0.0005",
    "buckets": [
      {
        "price": 0.918,
        "longCountPercent": 5.02,
        "shortCountPercent": 2.51
      },
      {
        "price": 0.9185,
        "longCountPercent": 7.52,
        "shortCountPercent": 35.11
      },
      {
        "price": 0.919,
        "longCountPercent": 7.52,
        "shortCountPercent": 22.57
      },
      {
        "price": 0.9195,
        "longCountPercent": 12.54,
        "shortCountPercent": 0
      },
      {
        "price": 0.92,
        "longCountPercent": 7.52,
        "shortCountPercent": 5.02
      },
      {
        "price": 0.9205,
        "longCountPercent": 5.02,
        "shortCountPercent": 7.52
      },
      {
        "price": 0.921,
        "longCountPercent": 10.03,
        "shortCountPercent": 5.02
      },
      {
        "price": 0.9215,
        "longCountPercent": 7.52,
        "shortCountPercent": 35.11
      },
      {
        "price": 0.922,
        "longCountPercent": 20.06,
        "shortCountPercent": 10.03
      },
      {
        "price": 0.9225,
        "longCountPercent": 10.03,
        "shortCountPercent": 25.08
      },
      {
        "price": 0.923,
        "longCountPercent": 22.57,
        "shortCountPercent": 17.55
      },
      {
        "price": 0.9235,
        "longCountPercent": 15.05,
        "shortCountPercent": 10.03
      },
      {
        "price": 0.924,
        "longCountPercent": 20.06,
        "shortCountPercent": 17.55
      },
      {
        "price": 0.9245,
        "longCountPercent": 2.51,
        "shortCountPercent": 12.54
      },
      {
        "price": 0.925,
        "longCountPercent": 25.08,
        "shortCountPercent": 12.54
      },
      {
        "price": 0.9255,
        "longCountPercent": 17.55,
        "shortCountPercent": 20.06
      },
      {
        "price": 0.926,
        "longCountPercent": 22.57,
        "shortCountPercent": 12.54
      },
      {
        "price": 0.9265,
        "longCountPercent": 22.57,
        "shortCountPercent": 20.06
      },
      {
        "price": 0.927,
        "longCountPercent": 22.57,
        "shortCountPercent": 2.51
      },
      {
        "price": 0.9275,
        "longCountPercent": 27.58,
        "shortCountPercent": 20.06
      },
      {
        "price": 0.928,
        "longCountPercent": 37.61,
        "shortCountPercent": 22.57
      },
      {
        "price": 0.9285,
        "longCountPercent": 22.57,
        "shortCountPercent": 47.64
      },
      {
        "price": 0.929,
        "longCountPercent": 27.58,
        "shortCountPercent": 37.61
      },
      {
        "price": 0.9295,
        "longCountPercent": 30.09,
        "shortCountPercent": 32.6
      },
      {
        "price": 0.93,
        "longCountPercent": 57.67,
        "shortCountPercent": 52.66
      },
      {
        "price": 0.9305,
        "longCountPercent": 15.05,
        "shortCountPercent": 50.15
      },
      {
        "price": 0.931,
        "longCountPercent": 57.67,
        "shortCountPercent": 122.87
      },
      {
        "price": 0.9315,
        "longCountPercent": 62.69,
        "shortCountPercent": 52.66
      },
      {
        "price": 0.932,
        "longCountPercent": 55.17,
        "shortCountPercent": 107.82
      },
      {
        "price": 0.9325,
        "longCountPercent": 80.24,
        "shortCountPercent": 112.84
      },
      {
        "price": 0.933,
        "longCountPercent": 117.85,
        "shortCountPercent": 102.81
      },
      {
        "price": 0.9335,
        "longCountPercent": 75.23,
        "shortCountPercent": 90.27
      },
      {
        "price": 0.934,
        "longCountPercent": 137.91,
        "shortCountPercent": 115.35
      },
      {
        "price": 0.9345,
        "longCountPercent": 310.93,
        "shortCountPercent": 100.3
      },
      {
        "price": 0.935,
        "longCountPercent": 258.27,
        "shortCountPercent": 152.96
      },
      {
        "price": 0.9355,
        "longCountPercent": 458.88,
        "shortCountPercent": 140.42
      },
      {
        "price": 0.936,
        "longCountPercent": 213.14,
        "shortCountPercent": 125.38
      },
      {
        "price": 0.9365,
        "longCountPercent": 130.39,
        "shortCountPercent": 97.79
      },
      {
        "price": 0.937,
        "longCountPercent": 183.05,
        "shortCountPercent": 67.7
      },
      {
        "price": 0.9375,
        "longCountPercent": 110.33,
        "shortCountPercent": 37.61
      },
      {
        "price": 0.938,
        "longCountPercent": 105.32,
        "shortCountPercent": 27.58
      },
      {
        "price": 0.9385,
        "longCountPercent": 157.97,
        "shortCountPercent": 77.73
      },
      {
        "price": 0.939,
        "longCountPercent": 130.39,
        "shortCountPercent": 42.63
      },
      {
        "price": 0.9395,
        "longCountPercent": 47.64,
        "shortCountPercent": 27.58
      },
      {
        "price": 0.94,
        "longCountPercent": 82.75,
        "shortCountPercent": 7.52
      },
      {
        "price": 0.9405,
        "longCountPercent": 77.73,
        "shortCountPercent": 17.55
      },
      {
        "price": 0.941,
        "longCountPercent": 72.72,
        "shortCountPercent": 10.03
      },
      {
        "price": 0.9415,
        "longCountPercent": 57.67,
        "shortCountPercent": 7.52
      },
      {
        "price": 0.942,
        "longCountPercent": 52.66,
        "shortCountPercent": 7.52
      },
      {
        "price": 0.9425,
        "longCountPercent": 57.67,
        "shortCountPercent": 12.54
      },
      {
        "price": 0.943,
        "longCountPercent": 60.18,
        "shortCountPercent": 12.54
      },
      {
        "price": 0.9435,
        "longCountPercent": 32.6,
        "shortCountPercent": 0
      },
      {
        "price": 0.944,
        "longCountPercent": 45.14,
        "shortCountPercent": 12.54
      },
      {
        "price": 0.9445,
        "longCountPercent": 47.64,
        "shortCountPercent": 5.02
      },
      {
        "price": 0.945,
        "longCountPercent": 75.23,
        "shortCountPercent": 2.51
      },
      {
        "price": 0.9455,
        "longCountPercent": 12.54,
        "shortCountPercent": 0
      },
      {
        "price": 0.946,
        "longCountPercent": 32.6,
        "shortCountPercent": 5.02
      },
      {
        "price": 0.9465,
        "longCountPercent": 15.05,
        "shortCountPercent": 0
      },
      {
        "price": 0.947,
        "longCountPercent": 25.08,
        "shortCountPercent": 0
      },
      {
        "price": 0.9475,
        "longCountPercent": 20.06,
        "shortCountPercent": 0
      },
      {
        "price": 0.948,
        "longCountPercent": 10.03,
        "shortCountPercent": 5.02
      },
      {
        "price": 0.9485,
        "longCountPercent": 5.02,
        "shortCountPercent": 2.51
      },
      {
        "price": 0.949,
        "longCountPercent": 25.08,
        "shortCountPercent": 0
      },
      {
        "price": 0.9495,
        "longCountPercent": 25.08,
        "shortCountPercent": 2.51
      },
      {
        "price": 0.95,
        "longCountPercent": 27.58,
        "shortCountPercent": 5.02
      },
      {
        "price": 0.9505,
        "longCountPercent": 17.55,
        "shortCountPercent": 2.51
      },
      {
        "price": 0.951,
        "longCountPercent": 15.05,
        "shortCountPercent": 10.03
      },
      {
        "price": 0.9515,
        "longCountPercent": 20.06,
        "shortCountPercent": 5.02
      },
      {
        "price": 0.952,
        "longCountPercent": 17.55,
        "shortCountPercent": 0
      },
      {
        "price": 0.9525,
        "longCountPercent": 20.06,
        "shortCountPercent": 7.52
      },
      {
        "price": 0.953,
        "longCountPercent": 20.06,
        "shortCountPercent": 2.51
      },
      {
        "price": 0.9535,
        "longCountPercent": 17.55,
        "shortCountPercent": 2.51
      },
      {
        "price": 0.954,
        "longCountPercent": 35.11,
        "shortCountPercent": 15.05
      },
      {
        "price": 0.9545,
        "longCountPercent": 20.06,
        "shortCountPercent": 15.05
      },
      {
        "price": 0.955,
        "longCountPercent": 22.57,
        "shortCountPercent": 7.52
      },
      {
        "price": 0.9555,
        "longCountPercent": 22.57,
        "shortCountPercent": 12.54
      },
      {
        "price": 0.956,
        "longCountPercent": 30.09,
        "shortCountPercent": 0
      },
      {
        "price": 0.9565,
        "longCountPercent": 20.06,
        "shortCountPercent": 5.02
      },
      {
        "price": 0.957,
        "longCountPercent": 20.06,
        "shortCountPercent": 2.51
      },
      {
        "price": 0.9575,
        "longCountPercent": 22.57,
        "shortCountPercent": 10.03
      },
      {
        "price": 0.958,
        "longCountPercent": 20.06,
        "shortCountPercent": 5.02
      },
      {
        "price": 0.9585,
        "longCountPercent": 22.57,
        "shortCountPercent": 0
      },
      {
        "price": 0.959,
        "longCountPercent": 25.08,
        "shortCountPercent": 2.51
      },
      {
        "price": 0.9595,
        "longCountPercent": 25.08,
        "shortCountPercent": 0
      },
      {
        "price": 0.96,
        "longCountPercent": 20.06,
        "shortCountPercent": 5.02
      },
      {
        "price": 0.9605,
        "longCountPercent": 12.54,
        "shortCountPercent": 2.51
      },
      {
        "price": 0.961,
        "longCountPercent": 12.54,
        "shortCountPercent": 2.51
      },
      {
        "price": 0.9615,
        "longCountPercent": 25.08,
        "shortCountPercent": 2.51
      },
      {
        "price": 0.962,
        "longCountPercent": 17.55,
        "shortCountPercent": 0
      },
      {
        "price": 0.9625,
        "longCountPercent": 25.08,
        "shortCountPercent": 2.51
      },
      {
        "price": 0.963,
        "longCountPercent": 35.11,
        "shortCountPercent": 5.02
      },
      {
        "price": 0.9635,
        "longCountPercent": 22.57,
        "shortCountPercent": 0
      },
      {
        "price": 0.964,
        "longCountPercent": 20.06,
        "shortCountPercent": 0
      },
      {
        "price": 0.9645,
        "longCountPercent": 20.06,
        "shortCountPercent": 0
      },
      {
        "price": 0.965,
        "longCountPercent": 42.63,
        "shortCountPercent": 2.51
      },
      {
        "price": 0.9655,
        "longCountPercent": 22.57,
        "shortCountPercent": 5.02
      },
      {
        "price": 0.966,
        "longCountPercent": 30.09,
        "shortCountPercent": 0
      },
      {
        "price": 0.9665,
        "longCountPercent": 25.08,
        "shortCountPercent": 0
      },
      {
        "price": 0.967,
        "longCountPercent": 32.6,
        "shortCountPercent": 2.51
      },
      {
        "price": 0.9675,
        "longCountPercent": 17.55,
        "shortCountPercent": 5.02
      },
      {
        "price": 0.968,
        "longCountPercent": 17.55,
        "shortCountPercent": 7.52
      },
      {
        "price": 0.9685,
        "longCountPercent": 22.57,
        "shortCountPercent": 2.51
      },
      {
        "price": 0.969,
        "longCountPercent": 30.09,
        "shortCountPercent": 2.51
      },
      {
        "price": 0.9695,
        "longCountPercent": 25.08,
        "shortCountPercent": 0
      },
      {
        "price": 0.97,
        "longCountPercent": 25.08,
        "shortCountPercent": 0
      },
      {
        "price": 0.9705,
        "longCountPercent": 12.54,
        "shortCountPercent": 0
      },
      {
        "price": 0.971,
        "longCountPercent": 20.06,
        "shortCountPercent": 0
      },
      {
        "price": 0.9715,
        "longCountPercent": 27.58,
        "shortCountPercent": 2.51
      },
      {
        "price": 0.972,
        "longCountPercent": 27.58,
        "shortCountPercent": 0
      },
      {
        "price": 0.9725,
        "longCountPercent": 12.54,
        "shortCountPercent": 5.02
      },
      {
        "price": 0.973,
        "longCountPercent": 20.06,
        "shortCountPercent": 2.51
      },
      {
        "price": 0.9735,
        "longCountPercent": 10.03,
        "shortCountPercent": 2.51
      },
      {
        "price": 0.974,
        "longCountPercent": 27.58,
        "shortCountPercent": 0
      },
      {
        "price": 0.9745,
        "longCountPercent": 27.58,
        "shortCountPercent": 10.03
      },
      {
        "price": 0.975,
        "longCountPercent": 30.09,
        "shortCountPercent": 10.03
      },
      {
        "price": 0.9755,
        "longCountPercent": 20.06,
        "shortCountPercent": 7.52
      },
      {
        "price": 0.976,
        "longCountPercent": 30.09,
        "shortCountPercent": 0
      },
      {
        "price": 0.9765,
        "longCountPercent": 32.6,
        "shortCountPercent": 2.51
      },
      {
        "price": 0.977,
        "longCountPercent": 25.08,
        "shortCountPercent": 5.02
      },
      {
        "price": 0.9775,
        "longCountPercent": 20.06,
        "shortCountPercent": 0
      },
      {
        "price": 0.978,
        "longCountPercent": 27.58,
        "shortCountPercent": 0
      },
      {
        "price": 0.9785,
        "longCountPercent": 15.05,
        "shortCountPercent": 0
      },
      {
        "price": 0.979,
        "longCountPercent": 15.05,
        "shortCountPercent": 0
      },
      {
        "price": 0.9795,
        "longCountPercent": 15.05,
        "shortCountPercent": 2.51
      },
      {
        "price": 0.98,
        "longCountPercent": 22.57,
        "shortCountPercent": 0
      },
      {
        "price": 0.9805,
        "longCountPercent": 12.54,
        "shortCountPercent": 2.51
      },
      {
        "price": 0.981,
        "longCountPercent": 20.06,
        "shortCountPercent": 0
      },
      {
        "price": 0.9815,
        "longCountPercent": 12.54,
        "shortCountPercent": 2.51
      },
      {
        "price": 0.982,
        "longCountPercent": 12.54,
        "shortCountPercent": 0
      },
      {
        "price": 0.9825,
        "longCountPercent": 25.08,
        "shortCountPercent": 2.51
      },
      {
        "price": 0.983,
        "longCountPercent": 12.54,
        "shortCountPercent": 0
      },
      {
        "price": 0.9835,
        "longCountPercent": 37.61,
        "shortCountPercent": 0
      },
      {
        "price": 0.984,
        "longCountPercent": 20.06,
        "shortCountPercent": 0
      },
      {
        "price": 0.9845,
        "longCountPercent": 12.54,
        "shortCountPercent": 0
      },
      {
        "price": 0.985,
        "longCountPercent": 27.58,
        "shortCountPercent": 0
      },
      {
        "price": 0.9855,
        "longCountPercent": 17.55,
        "shortCountPercent": 0
      },
      {
        "price": 0.986,
        "longCountPercent": 20.06,
        "shortCountPercent": 2.51
      },
      {
        "price": 0.9865,
        "longCountPercent": 22.57,
        "shortCountPercent": 0
      },
      {
        "price": 0.987,
        "longCountPercent": 27.58,
        "shortCountPercent": 0
      },
      {
        "price": 0.9875,
        "longCountPercent": 32.6,
        "shortCountPercent": 0
      },
      {
        "price": 0.988,
        "longCountPercent": 32.6,
        "shortCountPercent": 0
      },
      {
        "price": 0.9885,
        "longCountPercent": 30.09,
        "shortCountPercent": 2.51
      },
      {
        "price": 0.989,
        "longCountPercent": 12.54,
        "shortCountPercent": 2.51
      },
      {
        "price": 0.9895,
        "longCountPercent": 12.54,
        "shortCountPercent": 0
      },
      {
        "price": 0.99,
        "longCountPercent": 30.09,
        "shortCountPercent": 0
      },
      {
        "price": 0.9905,
        "longCountPercent": 17.55,
        "shortCountPercent": 0
      },
      {
        "price": 0.991,
        "longCountPercent": 20.06,
        "shortCountPercent": 0
      },
      {
        "price": 0.9915,
        "longCountPercent": 7.52,
        "shortCountPercent": 0
      },
      {
        "price": 0.992,
        "longCountPercent": 35.11,
        "shortCountPercent": 0
      },
      {
        "price": 0.9925,
        "longCountPercent": 40.12,
        "shortCountPercent": 0
      },
      {
        "price": 0.993,
        "longCountPercent": 5.02,
        "shortCountPercent": 2.51
      },
      {
        "price": 0.9935,
        "longCountPercent": 7.52,
        "shortCountPercent": 0
      },
      {
        "price": 0.994,
        "longCountPercent": 10.03,
        "shortCountPercent": 0
      },
      {
        "price": 0.9945,
        "longCountPercent": 7.52,
        "shortCountPercent": 0
      },
      {
        "price": 0.995,
        "longCountPercent": 10.03,
        "shortCountPercent": 0
      },
      {
        "price": 0.9955,
        "longCountPercent": 2.51,
        "shortCountPercent": 0
      },
      {
        "price": 0.996,
        "longCountPercent": 12.54,
        "shortCountPercent": 0
      },
      {
        "price": 0.9965,
        "longCountPercent": 10.03,
        "shortCountPercent": 0
      },
      {
        "price": 0.997,
        "longCountPercent": 7.52,
        "shortCountPercent": 0
      },
      {
        "price": 0.9975,
        "longCountPercent": 7.52,
        "shortCountPercent": 0
      },
      {
        "price": 0.998,
        "longCountPercent": 15.05,
        "shortCountPercent": 0
      },
      {
        "price": 0.9985,
        "longCountPercent": 7.52,
        "shortCountPercent": 0
      },
      {
        "price": 0.999,
        "longCountPercent": 7.52,
        "shortCountPercent": 0
      },
      {
        "price": 0.9995,
        "longCountPercent": 7.52,
        "shortCountPercent": 0
      },
      {
        "price": 1,
        "longCountPercent": 12.54,
        "shortCountPercent": 0
      },
      {
        "price": 1.0005,
        "longCountPercent": 5.02,
        "shortCountPercent": 0
      },
      {
        "price": 1.001,
        "longCountPercent": 7.52,
        "shortCountPercent": 0
      },
      {
        "price": 1.0015,
        "longCountPercent": 7.52,
        "shortCountPercent": 0
      },
      {
        "price": 1.002,
        "longCountPercent": 17.55,
        "shortCountPercent": 0
      },
      {
        "price": 1.0025,
        "longCountPercent": 7.52,
        "shortCountPercent": 0
      },
      {
        "price": 1.003,
        "longCountPercent": 10.03,
        "shortCountPercent": 0
      },
      {
        "price": 1.004,
        "longCountPercent": 7.52,
        "shortCountPercent": 0
      },
      {
        "price": 1.0045,
        "longCountPercent": 7.52,
        "shortCountPercent": 0
      },
      {
        "price": 1.005,
        "longCountPercent": 10.03,
        "shortCountPercent": 0
      },
      {
        "price": 1.0055,
        "longCountPercent": 10.03,
        "shortCountPercent": 0
      },
      {
        "price": 1.006,
        "longCountPercent": 7.52,
        "shortCountPercent": 0
      },
      {
        "price": 1.0065,
        "longCountPercent": 7.52,
        "shortCountPercent": 0
      },
      {
        "price": 1.007,
        "longCountPercent": 7.52,
        "shortCountPercent": 0
      },
      {
        "price": 1.0075,
        "longCountPercent": 7.52,
        "shortCountPercent": 0
      },
      {
        "price": 1.008,
        "longCountPercent": 10.03,
        "shortCountPercent": 0
      },
      {
        "price": 1.0085,
        "longCountPercent": 5.02,
        "shortCountPercent": 0
      },
      {
        "price": 1.009,
        "longCountPercent": 5.02,
        "shortCountPercent": 0
      },
      {
        "price": 1.0095,
        "longCountPercent": 5.02,
        "shortCountPercent": 0
      },
      {
        "price": 1.01,
        "longCountPercent": 7.52,
        "shortCountPercent": 0
      },
      {
        "price": 1.0105,
        "longCountPercent": 2.51,
        "shortCountPercent": 0
      },
      {
        "price": 1.011,
        "longCountPercent": 7.52,
        "shortCountPercent": 0
      },
      {
        "price": 1.0115,
        "longCountPercent": 2.51,
        "shortCountPercent": 0
      },
      {
        "price": 1.012,
        "longCountPercent": 5.02,
        "shortCountPercent": 0
      },
      {
        "price": 1.0125,
        "longCountPercent": 2.51,
        "shortCountPercent": 0
      },
      {
        "price": 1.013,
        "longCountPercent": 2.51,
        "shortCountPercent": 0
      },
      {
        "price": 1.0135,
        "longCountPercent": 2.51,
        "shortCountPercent": 0
      },
      {
        "price": 1.014,
        "longCountPercent": 7.52,
        "shortCountPercent": 0
      },
      {
        "price": 1.0145,
        "longCountPercent": 5.02,
        "shortCountPercent": 0
      },
      {
        "price": 1.015,
        "longCountPercent": 7.52,
        "shortCountPercent": 0
      },
      {
        "price": 1.0155,
        "longCountPercent": 10.03,
        "shortCountPercent": 0
      },
      {
        "price": 1.016,
        "longCountPercent": 7.52,
        "shortCountPercent": 0
      },
      {
        "price": 1.0165,
        "longCountPercent": 2.51,
        "shortCountPercent": 0
      },
      {
        "price": 1.0175,
        "longCountPercent": 7.52,
        "shortCountPercent": 0
      },
      {
        "price": 1.0185,
        "longCountPercent": 2.51,
        "shortCountPercent": 0
      },
      {
        "price": 1.019,
        "longCountPercent": 5.02,
        "shortCountPercent": 0
      },
      {
        "price": 1.0205,
        "longCountPercent": 7.52,
        "shortCountPercent": 0
      },
      {
        "price": 1.021,
        "longCountPercent": 2.51,
        "shortCountPercent": 0
      },
      {
        "price": 1.022,
        "longCountPercent": 5.02,
        "shortCountPercent": 0
      },
      {
        "price": 1.0235,
        "longCountPercent": 2.51,
        "shortCountPercent": 0
      },
      {
        "price": 1.0255,
        "longCountPercent": 0,
        "shortCountPercent": 2.51
      },
      {
        "price": 1.026,
        "longCountPercent": 5.02,
        "shortCountPercent": 2.51
      },
      {
        "price": 1.0275,
        "longCountPercent": 2.51,
        "shortCountPercent": 0
      },
      {
        "price": 1.028,
        "longCountPercent": 2.51,
        "shortCountPercent": 0
      },
      {
        "price": 1.0285,
        "longCountPercent": 2.51,
        "shortCountPercent": 0
      },
      {
        "price": 1.029,
        "longCountPercent": 2.51,
        "shortCountPercent": 0
      },
      {
        "price": 1.0295,
        "longCountPercent": 2.51,
        "shortCountPercent": 0
      },
      {
        "price": 1.031,
        "longCountPercent": 5.02,
        "shortCountPercent": 0
      },
      {
        "price": 1.0315,
        "longCountPercent": 2.51,
        "shortCountPercent": 0
      },
      {
        "price": 1.0335,
        "longCountPercent": 2.51,
        "shortCountPercent": 0
      },
      {
        "price": 1.0345,
        "longCountPercent": 0,
        "shortCountPercent": 2.51
      },
      {
        "price": 1.0355,
        "longCountPercent": 7.52,
        "shortCountPercent": 0
      },
      {
        "price": 1.0365,
        "longCountPercent": 2.51,
        "shortCountPercent": 0
      },
      {
        "price": 1.037,
        "longCountPercent": 2.51,
        "shortCountPercent": 0
      },
      {
        "price": 1.038,
        "longCountPercent": 2.51,
        "shortCountPercent": 0
      },
      {
        "price": 1.0385,
        "longCountPercent": 2.51,
        "shortCountPercent": 0
      },
      {
        "price": 1.039,
        "longCountPercent": 0,
        "shortCountPercent": 2.51
      },
      {
        "price": 1.0395,
        "longCountPercent": 5.02,
        "shortCountPercent": 0
      },
      {
        "price": 1.04,
        "longCountPercent": 2.51,
        "shortCountPercent": 0
      },
      {
        "price": 1.0405,
        "longCountPercent": 2.51,
        "shortCountPercent": 0
      },
      {
        "price": 1.0415,
        "longCountPercent": 7.52,
        "shortCountPercent": 0
      },
      {
        "price": 1.042,
        "longCountPercent": 7.52,
        "shortCountPercent": 0
      },
      {
        "price": 1.0425,
        "longCountPercent": 7.52,
        "shortCountPercent": 0
      },
      {
        "price": 1.043,
        "longCountPercent": 2.51,
        "shortCountPercent": 0
      },
      {
        "price": 1.0435,
        "longCountPercent": 2.51,
        "shortCountPercent": 0
      },
      {
        "price": 1.044,
        "longCountPercent": 2.51,
        "shortCountPercent": 0
      },
      {
        "price": 1.0445,
        "longCountPercent": 2.51,
        "shortCountPercent": 0
      },
      {
        "price": 1.0455,
        "longCountPercent": 5.02,
        "shortCountPercent": 0
      },
      {
        "price": 1.046,
        "longCountPercent": 2.51,
        "shortCountPercent": 0
      },
      {
        "price": 1.0465,
        "longCountPercent": 2.51,
        "shortCountPercent": 0
      },
      {
        "price": 1.047,
        "longCountPercent": 2.51,
        "shortCountPercent": 0
      },
      {
        "price": 1.0475,
        "longCountPercent": 5.02,
        "shortCountPercent": 0
      },
      {
        "price": 1.048,
        "longCountPercent": 2.51,
        "shortCountPercent": 5.02
      },
      {
        "price": 1.0485,
        "longCountPercent": 7.52,
        "shortCountPercent": 0
      },
      {
        "price": 1.0495,
        "longCountPercent": 2.51,
        "shortCountPercent": 0
      },
      {
        "price": 1.05,
        "longCountPercent": 2.51,
        "shortCountPercent": 0
      },
      {
        "price": 1.0505,
        "longCountPercent": 2.51,
        "shortCountPercent": 0
      },
      {
        "price": 1.051,
        "longCountPercent": 7.52,
        "shortCountPercent": 0
      },
      {
        "price": 1.0515,
        "longCountPercent": 0,
        "shortCountPercent": 2.51
      },
      {
        "price": 1.052,
        "longCountPercent": 7.52,
        "shortCountPercent": 0
      },
      {
        "price": 1.0525,
        "longCountPercent": 5.02,
        "shortCountPercent": 0
      },
      {
        "price": 1.054,
        "longCountPercent": 7.52,
        "shortCountPercent": 0
      },
      {
        "price": 1.0545,
        "longCountPercent": 5.02,
        "shortCountPercent": 2.51
      },
      {
        "price": 1.055,
        "longCountPercent": 5.02,
        "shortCountPercent": 0
      },
      {
        "price": 1.0555,
        "longCountPercent": 2.51,
        "shortCountPercent": 0
      },
      {
        "price": 1.056,
        "longCountPercent": 5.02,
        "shortCountPercent": 0
      },
      {
        "price": 1.0565,
        "longCountPercent": 7.52,
        "shortCountPercent": 0
      },
      {
        "price": 1.057,
        "longCountPercent": 2.51,
        "shortCountPercent": 0
      },
      {
        "price": 1.058,
        "longCountPercent": 2.51,
        "shortCountPercent": 0
      },
      {
        "price": 1.0585,
        "longCountPercent": 5.02,
        "shortCountPercent": 0
      },
      {
        "price": 1.059,
        "longCountPercent": 2.51,
        "shortCountPercent": 0
      },
      {
        "price": 1.0595,
        "longCountPercent": 5.02,
        "shortCountPercent": 0
      },
      {
        "price": 1.06,
        "longCountPercent": 2.51,
        "shortCountPercent": 0
      },
      {
        "price": 1.0605,
        "longCountPercent": 2.51,
        "shortCountPercent": 0
      },
      {
        "price": 1.0615,
        "longCountPercent": 2.51,
        "shortCountPercent": 0
      },
      {
        "price": 1.0635,
        "longCountPercent": 7.52,
        "shortCountPercent": 0
      },
      {
        "price": 1.0645,
        "longCountPercent": 2.51,
        "shortCountPercent": 0
      },
      {
        "price": 1.065,
        "longCountPercent": 2.51,
        "shortCountPercent": 0
      },
      {
        "price": 1.0655,
        "longCountPercent": 7.52,
        "shortCountPercent": 0
      },
      {
        "price": 1.0665,
        "longCountPercent": 5.02,
        "shortCountPercent": 0
      },
      {
        "price": 1.0675,
        "longCountPercent": 2.51,
        "shortCountPercent": 2.51
      },
      {
        "price": 1.068,
        "longCountPercent": 5.02,
        "shortCountPercent": 0
      },
      {
        "price": 1.0685,
        "longCountPercent": 2.51,
        "shortCountPercent": 0
      },
      {
        "price": 1.069,
        "longCountPercent": 2.51,
        "shortCountPercent": 0
      },
      {
        "price": 1.0695,
        "longCountPercent": 5.02,
        "shortCountPercent": 0
      },
      {
        "price": 1.0705,
        "longCountPercent": 5.02,
        "shortCountPercent": 2.51
      },
      {
        "price": 1.071,
        "longCountPercent": 17.55,
        "shortCountPercent": 0
      },
      {
        "price": 1.072,
        "longCountPercent": 10.03,
        "shortCountPercent": 0
      },
      {
        "price": 1.0725,
        "longCountPercent": 7.52,
        "shortCountPercent": 0
      },
      {
        "price": 1.073,
        "longCountPercent": 15.05,
        "shortCountPercent": 0
      },
      {
        "price": 1.0735,
        "longCountPercent": 7.52,
        "shortCountPercent": 0
      },
      {
        "price": 1.0745,
        "longCountPercent": 10.03,
        "shortCountPercent": 0
      },
      {
        "price": 1.075,
        "longCountPercent": 2.51,
        "shortCountPercent": 0
      },
      {
        "price": 1.0755,
        "longCountPercent": 7.52,
        "shortCountPercent": 0
      },
      {
        "price": 1.076,
        "longCountPercent": 7.52,
        "shortCountPercent": 0
      },
      {
        "price": 1.077,
        "longCountPercent": 15.05,
        "shortCountPercent": 0
      },
      {
        "price": 1.0775,
        "longCountPercent": 2.51,
        "shortCountPercent": 0
      },
      {
        "price": 1.078,
        "longCountPercent": 2.51,
        "shortCountPercent": 0
      },
      {
        "price": 1.0785,
        "longCountPercent": 2.51,
        "shortCountPercent": 0
      },
      {
        "price": 1.079,
        "longCountPercent": 2.51,
        "shortCountPercent": 2.51
      },
      {
        "price": 1.0795,
        "longCountPercent": 2.51,
        "shortCountPercent": 0
      },
      {
        "price": 1.08,
        "longCountPercent": 5.02,
        "shortCountPercent": 0
      },
      {
        "price": 1.0805,
        "longCountPercent": 12.54,
        "shortCountPercent": 0
      },
      {
        "price": 1.081,
        "longCountPercent": 7.52,
        "shortCountPercent": 2.51
      },
      {
        "price": 1.0815,
        "longCountPercent": 12.54,
        "shortCountPercent": 0
      },
      {
        "price": 1.082,
        "longCountPercent": 2.51,
        "shortCountPercent": 0
      },
      {
        "price": 1.0825,
        "longCountPercent": 5.02,
        "shortCountPercent": 0
      },
      {
        "price": 1.083,
        "longCountPercent": 2.51,
        "shortCountPercent": 0
      },
      {
        "price": 1.084,
        "longCountPercent": 5.02,
        "shortCountPercent": 0
      },
      {
        "price": 1.0845,
        "longCountPercent": 2.51,
        "shortCountPercent": 0
      },
      {
        "price": 1.0855,
        "longCountPercent": 2.51,
        "shortCountPercent": 0
      },
      {
        "price": 1.087,
        "longCountPercent": 0,
        "shortCountPercent": 2.51
      },
      {
        "price": 1.0875,
        "longCountPercent": 5.02,
        "shortCountPercent": 0
      },
      {
        "price": 1.088,
        "longCountPercent": 5.02,
        "shortCountPercent": 0
      },
      {
        "price": 1.0885,
        "longCountPercent": 7.52,
        "shortCountPercent": 0
      },
      {
        "price": 1.089,
        "longCountPercent": 2.51,
        "shortCountPercent": 0
      },
      {
        "price": 1.0895,
        "longCountPercent": 7.52,
        "shortCountPercent": 0
      },
      {
        "price": 1.09,
        "longCountPercent": 5.02,
        "shortCountPercent": 0
      },
      {
        "price": 1.0905,
        "longCountPercent": 5.02,
        "shortCountPercent": 2.51
      },
      {
        "price": 1.091,
        "longCountPercent": 2.51,
        "shortCountPercent": 0
      },
      {
        "price": 1.0925,
        "longCountPercent": 5.02,
        "shortCountPercent": 0
      },
      {
        "price": 1.0935,
        "longCountPercent": 2.51,
        "shortCountPercent": 0
      },
      {
        "price": 1.094,
        "longCountPercent": 7.52,
        "shortCountPercent": 0
      },
      {
        "price": 1.0945,
        "longCountPercent": 5.02,
        "shortCountPercent": 0
      },
      {
        "price": 1.095,
        "longCountPercent": 2.51,
        "shortCountPercent": 0
      },
      {
        "price": 1.0955,
        "longCountPercent": 10.03,
        "shortCountPercent": 2.51
      },
      {
        "price": 1.0965,
        "longCountPercent": 7.52,
        "shortCountPercent": 2.51
      },
      {
        "price": 1.097,
        "longCountPercent": 2.51,
        "shortCountPercent": 0
      },
      {
        "price": 1.0975,
        "longCountPercent": 2.51,
        "shortCountPercent": 2.51
      },
      {
        "price": 1.098,
        "longCountPercent": 2.51,
        "shortCountPercent": 0
      },
      {
        "price": 1.0985,
        "longCountPercent": 2.51,
        "shortCountPercent": 0
      },
      {
        "price": 1.0995,
        "longCountPercent": 2.51,
        "shortCountPercent": 0
      },
      {
        "price": 1.1,
        "longCountPercent": 2.51,
        "shortCountPercent": 0
      },
      {
        "price": 1.101,
        "longCountPercent": 2.51,
        "shortCountPercent": 2.51
      },
      {
        "price": 1.1015,
        "longCountPercent": 5.02,
        "shortCountPercent": 2.51
      },
      {
        "price": 1.102,
        "longCountPercent": 2.51,
        "shortCountPercent": 0
      },
      {
        "price": 1.1025,
        "longCountPercent": 5.02,
        "shortCountPercent": 0
      },
      {
        "price": 1.103,
        "longCountPercent": 7.52,
        "shortCountPercent": 0
      },
      {
        "price": 1.1035,
        "longCountPercent": 2.51,
        "shortCountPercent": 0
      },
      {
        "price": 1.105,
        "longCountPercent": 5.02,
        "shortCountPercent": 0
      },
      {
        "price": 1.1055,
        "longCountPercent": 5.02,
        "shortCountPercent": 0
      },
      {
        "price": 1.107,
        "longCountPercent": 2.51,
        "shortCountPercent": 0
      },
      {
        "price": 1.1075,
        "longCountPercent": 2.51,
        "shortCountPercent": 0
      },
      {
        "price": 1.1085,
        "longCountPercent": 0,
        "shortCountPercent": 2.51
      },
      {
        "price": 1.1095,
        "longCountPercent": 2.51,
        "shortCountPercent": 0
      },
      {
        "price": 1.11,
        "longCountPercent": 2.51,
        "shortCountPercent": 0
      },
      {
        "price": 1.1105,
        "longCountPercent": 2.51,
        "shortCountPercent": 0
      },
      {
        "price": 1.1115,
        "longCountPercent": 2.51,
        "shortCountPercent": 0
      },
      {
        "price": 1.112,
        "longCountPercent": 2.51,
        "shortCountPercent": 0
      },
      {
        "price": 1.1135,
        "longCountPercent": 7.52,
        "shortCountPercent": 0
      },
      {
        "price": 1.1165,
        "longCountPercent": 2.51,
        "shortCountPercent": 0
      },
      {
        "price": 1.1205,
        "longCountPercent": 2.51,
        "shortCountPercent": 0
      },
      {
        "price": 1.121,
        "longCountPercent": 2.51,
        "shortCountPercent": 0
      },
      {
        "price": 1.123,
        "longCountPercent": 2.51,
        "shortCountPercent": 0
      },
      {
        "price": 1.125,
        "longCountPercent": 2.51,
        "shortCountPercent": 0
      },
      {
        "price": 1.1255,
        "longCountPercent": 2.51,
        "shortCountPercent": 2.51
      },
      {
        "price": 1.127,
        "longCountPercent": 2.51,
        "shortCountPercent": 0
      },
      {
        "price": 1.1285,
        "longCountPercent": 5.02,
        "shortCountPercent": 0
      },
      {
        "price": 1.1305,
        "longCountPercent": 2.51,
        "shortCountPercent": 0
      },
      {
        "price": 1.1315,
        "longCountPercent": 2.51,
        "shortCountPercent": 0
      },
      {
        "price": 1.1325,
        "longCountPercent": 2.51,
        "shortCountPercent": 0
      },
      {
        "price": 1.135,
        "longCountPercent": 2.51,
        "shortCountPercent": 0
      },
      {
        "price": 1.1355,
        "longCountPercent": 2.51,
        "shortCountPercent": 0
      },
      {
        "price": 1.137,
        "longCountPercent": 2.51,
        "shortCountPercent": 0
      },
      {
        "price": 1.1395,
        "longCountPercent": 2.51,
        "shortCountPercent": 0
      },
      {
        "price": 1.14,
        "longCountPercent": 7.52,
        "shortCountPercent": 2.51
      },
      {
        "price": 1.1405,
        "longCountPercent": 2.51,
        "shortCountPercent": 0
      },
      {
        "price": 1.1415,
        "longCountPercent": 7.52,
        "shortCountPercent": 0
      },
      {
        "price": 1.1425,
        "longCountPercent": 2.51,
        "shortCountPercent": 0
      },
      {
        "price": 1.143,
        "longCountPercent": 2.51,
        "shortCountPercent": 0
      },
      {
        "price": 1.144,
        "longCountPercent": 2.51,
        "shortCountPercent": 0
      },
      {
        "price": 1.145,
        "longCountPercent": 2.51,
        "shortCountPercent": 0
      },
      {
        "price": 1.1455,
        "longCountPercent": 2.51,
        "shortCountPercent": 0
      },
      {
        "price": 1.147,
        "longCountPercent": 0,
        "shortCountPercent": 5.02
      },
      {
        "price": 1.1475,
        "longCountPercent": 2.51,
        "shortCountPercent": 0
      },
      {
        "price": 1.1515,
        "longCountPercent": 2.51,
        "shortCountPercent": 0
      },
      {
        "price": 1.152,
        "longCountPercent": 5.02,
        "shortCountPercent": 0
      },
      {
        "price": 1.153,
        "longCountPercent": 2.51,
        "shortCountPercent": 0
      },
      {
        "price": 1.1535,
        "longCountPercent": 2.51,
        "shortCountPercent": 0
      },
      {
        "price": 1.154,
        "longCountPercent": 2.51,
        "shortCountPercent": 0
      },
      {
        "price": 1.1545,
        "longCountPercent": 2.51,
        "shortCountPercent": 0
      },
      {
        "price": 1.1555,
        "longCountPercent": 2.51,
        "shortCountPercent": 0
      },
      {
        "price": 1.156,
        "longCountPercent": 2.51,
        "shortCountPercent": 0
      },
      {
        "price": 1.1565,
        "longCountPercent": 2.51,
        "shortCountPercent": 0
      },
      {
        "price": 1.157,
        "longCountPercent": 2.51,
        "shortCountPercent": 0
      },
      {
        "price": 1.1575,
        "longCountPercent": 2.51,
        "shortCountPercent": 0
      },
      {
        "price": 1.158,
        "longCountPercent": 2.51,
        "shortCountPercent": 0
      },
      {
        "price": 1.159,
        "longCountPercent": 10.03,
        "shortCountPercent": 0
      },
      {
        "price": 1.1595,
        "longCountPercent": 2.51,
        "shortCountPercent": 0
      },
      {
        "price": 1.16,
        "longCountPercent": 5.02,
        "shortCountPercent": 0
      },
      {
        "price": 1.1605,
        "longCountPercent": 5.02,
        "shortCountPercent": 0
      },
      {
        "price": 1.1615,
        "longCountPercent": 2.51,
        "shortCountPercent": 0
      },
      {
        "price": 1.163,
        "longCountPercent": 12.54,
        "shortCountPercent": 0
      },
      {
        "price": 1.165,
        "longCountPercent": 2.51,
        "shortCountPercent": 0
      },
      {
        "price": 1.166,
        "longCountPercent": 5.02,
        "shortCountPercent": 0
      },
      {
        "price": 1.1675,
        "longCountPercent": 2.51,
        "shortCountPercent": 0
      },
      {
        "price": 1.168,
        "longCountPercent": 2.51,
        "shortCountPercent": 0
      },
      {
        "price": 1.169,
        "longCountPercent": 2.51,
        "shortCountPercent": 0
      },
      {
        "price": 1.17,
        "longCountPercent": 2.51,
        "shortCountPercent": 0
      },
      {
        "price": 1.1725,
        "longCountPercent": 2.51,
        "shortCountPercent": 0
      },
      {
        "price": 1.173,
        "longCountPercent": 2.51,
        "shortCountPercent": 0
      },
      {
        "price": 1.1735,
        "longCountPercent": 5.02,
        "shortCountPercent": 2.51
      },
      {
        "price": 1.174,
        "longCountPercent": 2.51,
        "shortCountPercent": 0
      },
      {
        "price": 1.175,
        "longCountPercent": 2.51,
        "shortCountPercent": 0
      },
      {
        "price": 1.1765,
        "longCountPercent": 10.03,
        "shortCountPercent": 0
      },
      {
        "price": 1.1795,
        "longCountPercent": 10.03,
        "shortCountPercent": 0
      },
      {
        "price": 1.1815,
        "longCountPercent": 2.51,
        "shortCountPercent": 0
      },
      {
        "price": 1.184,
        "longCountPercent": 10.03,
        "shortCountPercent": 0
      },
      {
        "price": 1.1905,
        "longCountPercent": 7.52,
        "shortCountPercent": 0
      },
      {
        "price": 1.193,
        "longCountPercent": 10.03,
        "shortCountPercent": 0
      },
      {
        "price": 1.194,
        "longCountPercent": 2.51,
        "shortCountPercent": 0
      },
      {
        "price": 1.199,
        "longCountPercent": 2.51,
        "shortCountPercent": 0
      },
      {
        "price": 1.1995,
        "longCountPercent": 5.02,
        "shortCountPercent": 0
      },
      {
        "price": 1.2005,
        "longCountPercent": 2.51,
        "shortCountPercent": 0
      },
      {
        "price": 1.201,
        "longCountPercent": 5.02,
        "shortCountPercent": 0
      },
      {
        "price": 1.2015,
        "longCountPercent": 5.02,
        "shortCountPercent": 0
      },
      {
        "price": 1.202,
        "longCountPercent": 2.51,
        "shortCountPercent": 2.51
      },
      {
        "price": 1.2025,
        "longCountPercent": 2.51,
        "shortCountPercent": 0
      },
      {
        "price": 1.203,
        "longCountPercent": 2.51,
        "shortCountPercent": 0
      },
      {
        "price": 1.2035,
        "longCountPercent": 2.51,
        "shortCountPercent": 0
      },
      {
        "price": 1.204,
        "longCountPercent": 2.51,
        "shortCountPercent": 0
      },
      {
        "price": 1.2045,
        "longCountPercent": 5.02,
        "shortCountPercent": 0
      },
      {
        "price": 1.2055,
        "longCountPercent": 2.51,
        "shortCountPercent": 0
      },
      {
        "price": 1.206,
        "longCountPercent": 2.51,
        "shortCountPercent": 0
      },
      {
        "price": 1.2065,
        "longCountPercent": 2.51,
        "shortCountPercent": 0
      },
      {
        "price": 1.207,
        "longCountPercent": 2.51,
        "shortCountPercent": 2.51
      },
      {
        "price": 1.2075,
        "longCountPercent": 2.51,
        "shortCountPercent": 2.51
      },
      {
        "price": 1.208,
        "longCountPercent": 5.02,
        "shortCountPercent": 0
      },
      {
        "price": 1.2085,
        "longCountPercent": 2.51,
        "shortCountPercent": 0
      },
      {
        "price": 1.209,
        "longCountPercent": 2.51,
        "shortCountPercent": 0
      },
      {
        "price": 1.2095,
        "longCountPercent": 2.51,
        "shortCountPercent": 0
      },
      {
        "price": 1.21,
        "longCountPercent": 2.51,
        "shortCountPercent": 0
      },
      {
        "price": 1.2105,
        "longCountPercent": 2.51,
        "shortCountPercent": 0
      },
      {
        "price": 1.211,
        "longCountPercent": 2.51,
        "shortCountPercent": 0
      },
      {
        "price": 1.2115,
        "longCountPercent": 2.51,
        "shortCountPercent": 0
      },
      {
        "price": 1.212,
        "longCountPercent": 2.51,
        "shortCountPercent": 0
      },
      {
        "price": 1.2125,
        "longCountPercent": 2.51,
        "shortCountPercent": 0
      },
      {
        "price": 1.213,
        "longCountPercent": 2.51,
        "shortCountPercent": 0
      },
      {
        "price": 1.2135,
        "longCountPercent": 2.51,
        "shortCountPercent": 2.51
      },
      {
        "price": 1.214,
        "longCountPercent": 2.51,
        "shortCountPercent": 0
      },
      {
        "price": 1.2145,
        "longCountPercent": 2.51,
        "shortCountPercent": 0
      },
      {
        "price": 1.215,
        "longCountPercent": 5.02,
        "shortCountPercent": 0
      },
      {
        "price": 1.2155,
        "longCountPercent": 5.02,
        "shortCountPercent": 0
      },
      {
        "price": 1.216,
        "longCountPercent": 2.51,
        "shortCountPercent": 0
      },
      {
        "price": 1.2165,
        "longCountPercent": 2.51,
        "shortCountPercent": 2.51
      },
      {
        "price": 1.217,
        "longCountPercent": 2.51,
        "shortCountPercent": 0
      },
      {
        "price": 1.2175,
        "longCountPercent": 2.51,
        "shortCountPercent": 0
      },
      {
        "price": 1.218,
        "longCountPercent": 2.51,
        "shortCountPercent": 0
      },
      {
        "price": 1.2185,
        "longCountPercent": 5.02,
        "shortCountPercent": 0
      },
      {
        "price": 1.219,
        "longCountPercent": 5.02,
        "shortCountPercent": 0
      },
      {
        "price": 1.2195,
        "longCountPercent": 2.51,
        "shortCountPercent": 0
      },
      {
        "price": 1.22,
        "longCountPercent": 2.51,
        "shortCountPercent": 0
      },
      {
        "price": 1.2205,
        "longCountPercent": 2.51,
        "shortCountPercent": 0
      },
      {
        "price": 1.221,
        "longCountPercent": 2.51,
        "shortCountPercent": 0
      },
      {
        "price": 1.2215,
        "longCountPercent": 2.51,
        "shortCountPercent": 0
      },
      {
        "price": 1.222,
        "longCountPercent": 5.02,
        "shortCountPercent": 0
      },
      {
        "price": 1.2225,
        "longCountPercent": 2.51,
        "shortCountPercent": 0
      },
      {
        "price": 1.223,
        "longCountPercent": 2.51,
        "shortCountPercent": 0
      },
      {
        "price": 1.2235,
        "longCountPercent": 2.51,
        "shortCountPercent": 0
      },
      {
        "price": 1.224,
        "longCountPercent": 2.51,
        "shortCountPercent": 0
      },
      {
        "price": 1.2245,
        "longCountPercent": 2.51,
        "shortCountPercent": 0
      },
      {
        "price": 1.225,
        "longCountPercent": 5.02,
        "shortCountPercent": 0
      },
      {
        "price": 1.226,
        "longCountPercent": 2.51,
        "shortCountPercent": 0
      },
      {
        "price": 1.2265,
        "longCountPercent": 2.51,
        "shortCountPercent": 0
      },
      {
        "price": 1.227,
        "longCountPercent": 2.51,
        "shortCountPercent": 0
      },
      {
        "price": 1.2275,
        "longCountPercent": 2.51,
        "shortCountPercent": 0
      },
      {
        "price": 1.228,
        "longCountPercent": 2.51,
        "shortCountPercent": 0
      },
      {
        "price": 1.2285,
        "longCountPercent": 5.02,
        "shortCountPercent": 0
      },
      {
        "price": 1.229,
        "longCountPercent": 2.51,
        "shortCountPercent": 2.51
      },
      {
        "price": 1.2295,
        "longCountPercent": 2.51,
        "shortCountPercent": 0
      },
      {
        "price": 1.23,
        "longCountPercent": 5.02,
        "shortCountPercent": 0
      },
      {
        "price": 1.2305,
        "longCountPercent": 2.51,
        "shortCountPercent": 0
      },
      {
        "price": 1.231,
        "longCountPercent": 2.51,
        "shortCountPercent": 0
      },
      {
        "price": 1.2335,
        "longCountPercent": 2.51,
        "shortCountPercent": 0
      },
      {
        "price": 1.235,
        "longCountPercent": 2.51,
        "shortCountPercent": 0
      },
      {
        "price": 1.2625,
        "longCountPercent": 2.51,
        "shortCountPercent": 0
      },
      {
        "price": 1.263,
        "longCountPercent": 2.51,
        "shortCountPercent": 0
      },
      {
        "price": 1.309,
        "longCountPercent": 2.51,
        "shortCountPercent": 0
      },
      {
        "price": 1.4,
        "longCountPercent": 0,
        "shortCountPercent": 2.51
      },
      {
        "price": 1.433,
        "longCountPercent": 0,
        "shortCountPercent": 2.51
      },
      {
        "price": 1.4615,
        "longCountPercent": 2.51,
        "shortCountPercent": 0
      },
      {
        "price": 1.4655,
        "longCountPercent": 2.51,
        "shortCountPercent": 0
      },
      {
        "price": 1.467,
        "longCountPercent": 2.51,
        "shortCountPercent": 0
      },
      {
        "price": 1.4775,
        "longCountPercent": 2.51,
        "shortCountPercent": 0
      },
      {
        "price": 1.4985,
        "longCountPercent": 2.51,
        "shortCountPercent": 0
      },
      {
        "price": 1.501,
        "longCountPercent": 2.51,
        "shortCountPercent": 0
      },
      {
        "price": 1.51,
        "longCountPercent": 2.51,
        "shortCountPercent": 0
      },
      {
        "price": 1.514,
        "longCountPercent": 2.51,
        "shortCountPercent": 0
      },
      {
        "price": 1.5155,
        "longCountPercent": 2.51,
        "shortCountPercent": 0
      },
      {
        "price": 1.5165,
        "longCountPercent": 2.51,
        "shortCountPercent": 0
      },
      {
        "price": 1.518,
        "longCountPercent": 2.51,
        "shortCountPercent": 0
      },
      {
        "price": 1.534,
        "longCountPercent": 2.51,
        "shortCountPercent": 0
      },
      {
        "price": 1.535,
        "longCountPercent": 5.02,
        "shortCountPercent": 0
      },
      {
        "price": 1.5355,
        "longCountPercent": 2.51,
        "shortCountPercent": 0
      },
      {
        "price": 1.5395,
        "longCountPercent": 2.51,
        "shortCountPercent": 0
      },
      {
        "price": 1.545,
        "longCountPercent": 2.51,
        "shortCountPercent": 0
      },
      {
        "price": 1.5475,
        "longCountPercent": 2.51,
        "shortCountPercent": 0
      },
      {
        "price": 1.5485,
        "longCountPercent": 2.51,
        "shortCountPercent": 0
      },
      {
        "price": 1.549,
        "longCountPercent": 2.51,
        "shortCountPercent": 0
      },
      {
        "price": 1.5505,
        "longCountPercent": 2.51,
        "shortCountPercent": 0
      },
      {
        "price": 1.5525,
        "longCountPercent": 2.51,
        "shortCountPercent": 0
      },
      {
        "price": 1.5575,
        "longCountPercent": 5.02,
        "shortCountPercent": 0
      },
      {
        "price": 1.5585,
        "longCountPercent": 2.51,
        "shortCountPercent": 0
      },
      {
        "price": 1.574,
        "longCountPercent": 2.51,
        "shortCountPercent": 0
      },
      {
        "price": 1.576,
        "longCountPercent": 2.51,
        "shortCountPercent": 0
      },
      {
        "price": 1.5775,
        "longCountPercent": 2.51,
        "shortCountPercent": 0
      },
      {
        "price": 1.578,
        "longCountPercent": 2.51,
        "shortCountPercent": 0
      },
      {
        "price": 1.5785,
        "longCountPercent": 2.51,
        "shortCountPercent": 0
      },
      {
        "price": 1.5795,
        "longCountPercent": 2.51,
        "shortCountPercent": 0
      },
      {
        "price": 1.58,
        "longCountPercent": 2.51,
        "shortCountPercent": 2.51
      },
      {
        "price": 1.5805,
        "longCountPercent": 2.51,
        "shortCountPercent": 0
      },
      {
        "price": 1.581,
        "longCountPercent": 2.51,
        "shortCountPercent": 0
      },
      {
        "price": 1.5815,
        "longCountPercent": 2.51,
        "shortCountPercent": 0
      },
      {
        "price": 1.583,
        "longCountPercent": 5.02,
        "shortCountPercent": 0
      },
      {
        "price": 1.5845,
        "longCountPercent": 2.51,
        "shortCountPercent": 0
      },
      {
        "price": 1.5855,
        "longCountPercent": 2.51,
        "shortCountPercent": 0
      },
      {
        "price": 1.586,
        "longCountPercent": 2.51,
        "shortCountPercent": 0
      },
      {
        "price": 1.5885,
        "longCountPercent": 2.51,
        "shortCountPercent": 0
      },
      {
        "price": 1.595,
        "longCountPercent": 0,
        "shortCountPercent": 2.51
      },
      {
        "price": 1.628,
        "longCountPercent": 2.51,
        "shortCountPercent": 0
      },
      {
        "price": 1.6365,
        "longCountPercent": 2.51,
        "shortCountPercent": 2.51
      },
      {
        "price": 1.6435,
        "longCountPercent": 2.51,
        "shortCountPercent": 0
      }
    ],
    "region": "-",
    "division": "-",
    "dataSource": "-",
    "snapshot": "12月16日 22時30分",
    "lastupdate": "12月16日 23時00分",
    "longPercent": 74.36,
    "shortPercent": 25.64
  }
}